run_id,platform,compiler,machine,logical_threads,seed,slots,cycles,repeats,warmups,alignment,touch_policy,case,sizes,backend,round,order_position,allocation_pairs,operation_count,elapsed_ns,ns_per_pair,hold_checkpoint_op,held_count_trace,held_requested_trace,stats_available,probe_held_active,probe_held_requested,probe_held_capacity,probe_held_data,probe_held_metadata,probe_held_slabs,probe_held_large,after_active,after_requested,after_capacity,after_data,after_metadata,after_slabs,after_large,timed_page_allocation_calls
1789569966192,"Windows x64","MSVC195136257","Intel64 Family 6 Model 142 Stepping 12, GenuineIntel",8,12345,256,4,12,1,16,volatile_first_last_byte,immediate,16,CRT,1,1,1024,2048,58400,57.03125,1,1,16,0,,,,,,,,,,,,,,,
1789569966192,"Windows x64","MSVC195136257","Intel64 Family 6 Model 142 Stepping 12, GenuineIntel",8,12345,256,4,12,1,16,volatile_first_last_byte,immediate,16,CRT,2,3,1024,2048,57700,56.34765625,1,1,16,0,,,,,,,,,,,,,,,
1789569966192,"Windows x64","MSVC195136257","Intel64 Family 6 Model 142 Stepping 12, GenuineIntel",8,12345,256,4,12,1,16,volatile_first_last_byte,immediate,16,CRT,3,2,1024,2048,57500,56.15234375,1,1,16,0,,,,,,,,,,,,,,,
1789569966192,"Windows x64","MSVC195136257","Intel64 Family 6 Model 142 Stepping 12, GenuineIntel",8,12345,256,4,12,1,16,volatile_first_last_byte,immediate,16,CRT,4,3,1024,2048,56800,55.46875,1,1,16,0,,,,,,,,,,,,,,,
1789569966192,"Windows x64","MSVC195136257","Intel64 Family 6 Model 142 Stepping 12, GenuineIntel",8,12345,256,4,12,1,16,volatile_first_last_byte,immediate,16,CRT,5,2,1024,2048,55800,54.4921875,1,1,16,0,,,,,,,,,,,,,,,
1789569966192,"Windows x64","MSVC195136257","Intel64 Family 6 Model 142 Stepping 12, GenuineIntel",8,12345,256,4,12,1,16,volatile_first_last_byte,immediate,16,CRT,6,1,1024,2048,60700,59.27734375,1,1,16,0,,,,,,,,,,,,,,,
1789569966192,"Windows x64","MSVC195136257","Intel64 Family 6 Model 142 Stepping 12, GenuineIntel",8,12345,256,4,12,1,16,volatile_first_last_byte,immediate,16,CRT,7,1,1024,2048,58700,57.32421875,1,1,16,0,,,,,,,,,,,,,,,
1789569966192,"Windows x64","MSVC195136257","Intel64 Family 6 Model 142 Stepping 12, GenuineIntel",8,12345,256,4,12,1,16,volatile_first_last_byte,immediate,16,CRT,8,3,1024,2048,59800,58.3984375,1,1,16,0,,,,,,,,,,,,,,,
1789569966192,"Windows x64","MSVC195136257","Intel64 Family 6 Model 142 Stepping 12, GenuineIntel",8,12345,256,4,12,1,16,volatile_first_last_byte,immediate,16,CRT,9,2,1024,2048,59500,58.10546875,1,1,16,0,,,,,,,,,,,,,,,
1789569966192,"Windows x64","MSVC195136257","Intel64 Family 6 Model 142 Stepping 12, GenuineIntel",8,12345,256,4,12,1,16,volatile_first_last_byte,immediate,16,CRT,10,3,1024,2048,58200,56.8359375,1,1,16,0,,,,,,,,,,,,,,,
1789569966192,"Windows x64","MSVC195136257","Intel64 Family 6 Model 142 Stepping 12, GenuineIntel",8,12345,256,4,12,1,16,volatile_first_last_byte,immediate,16,CRT,11,2,1024,2048,78400,76.5625,1,1,16,0,,,,,,,,,,,,,,,
1789569966192,"Windows x64","MSVC195136257","Intel64 Family 6 Model 142 Stepping 12, GenuineIntel",8,12345,256,4,12,1,16,volatile_first_last_byte,immediate,16,CRT,12,1,1024,2048,59600,58.203125,1,1,16,0,,,,,,,,,,,,,,,
1789569966192,"Windows x64","MSVC195136257","Intel64 Family 6 Model 142 Stepping 12, GenuineIntel",8,12345,256,4,12,1,16,volatile_first_last_byte,immediate,16,System,1,2,1024,2048,61200,59.765625,1,1,16,0,,,,,,,,,,,,,,,
1789569966192,"Windows x64","MSVC195136257","Intel64 Family 6 Model 142 Stepping 12, GenuineIntel",8,12345,256,4,12,1,16,volatile_first_last_byte,immediate,16,System,2,1,1024,2048,62700,61.23046875,1,1,16,0,,,,,,,,,,,,,,,
1789569966192,"Windows x64","MSVC195136257","Intel64 Family 6 Model 142 Stepping 12, GenuineIntel",8,12345,256,4,12,1,16,volatile_first_last_byte,immediate,16,System,3,3,1024,2048,62400,60.9375,1,1,16,0,,,,,,,,,,,,,,,
1789569966192,"Windows x64","MSVC195136257","Intel64 Family 6 Model 142 Stepping 12, GenuineIntel",8,12345,256,4,12,1,16,volatile_first_last_byte,immediate,16,System,4,2,1024,2048,63200,61.71875,1,1,16,0,,,,,,,,,,,,,,,
1789569966192,"Windows x64","MSVC195136257","Intel64 Family 6 Model 142 Stepping 12, GenuineIntel",8,12345,256,4,12,1,16,volatile_first_last_byte,immediate,16,System,5,1,1024,2048,68800,67.1875,1,1,16,0,,,,,,,,,,,,,,,
1789569966192,"Windows x64","MSVC195136257","Intel64 Family 6 Model 142 Stepping 12, GenuineIntel",8,12345,256,4,12,1,16,volatile_first_last_byte,immediate,16,System,6,3,1024,2048,66600,65.0390625,1,1,16,0,,,,,,,,,,,,,,,
1789569966192,"Windows x64","MSVC195136257","Intel64 Family 6 Model 142 Stepping 12, GenuineIntel",8,12345,256,4,12,1,16,volatile_first_last_byte,immediate,16,System,7,2,1024,2048,63700,62.20703125,1,1,16,0,,,,,,,,,,,,,,,
1789569966192,"Windows x64","MSVC195136257","Intel64 Family 6 Model 142 Stepping 12, GenuineIntel",8,12345,256,4,12,1,16,volatile_first_last_byte,immediate,16,System,8,1,1024,2048,65400,63.8671875,1,1,16,0,,,,,,,,,,,,,,,
1789569966192,"Windows x64","MSVC195136257","Intel64 Family 6 Model 142 Stepping 12, GenuineIntel",8,12345,256,4,12,1,16,volatile_first_last_byte,immediate,16,System,9,3,1024,2048,64800,63.28125,1,1,16,0,,,,,,,,,,,,,,,
1789569966192,"Windows x64","MSVC195136257","Intel64 Family 6 Model 142 Stepping 12, GenuineIntel",8,12345,256,4,12,1,16,volatile_first_last_byte,immediate,16,System,10,2,1024,2048,65600,64.0625,1,1,16,0,,,,,,,,,,,,,,,
1789569966192,"Windows x64","MSVC195136257","Intel64 Family 6 Model 142 Stepping 12, GenuineIntel",8,12345,256,4,12,1,16,volatile_first_last_byte,immediate,16,System,11,1,1024,2048,64100,62.59765625,1,1,16,0,,,,,,,,,,,,,,,
1789569966192,"Windows x64","MSVC195136257","Intel64 Family 6 Model 142 Stepping 12, GenuineIntel",8,12345,256,4,12,1,16,volatile_first_last_byte,immediate,16,System,12,3,1024,2048,68300,66.69921875,1,1,16,0,,,,,,,,,,,,,,,
1789569966192,"Windows x64","MSVC195136257","Intel64 Family 6 Model 142 Stepping 12, GenuineIntel",8,12345,256,4,12,1,16,volatile_first_last_byte,immediate,16,Binned,1,3,1024,2048,26708600,26082.6171875,1,1,16,1,1,16,16,65536,36864,1,0,0,0,0,0,0,0,0,2048
1789569966192,"Windows x64","MSVC195136257","Intel64 Family 6 Model 142 Stepping 12, GenuineIntel",8,12345,256,4,12,1,16,volatile_first_last_byte,immediate,16,Binned,2,2,1024,2048,27026200,26392.7734375,1,1,16,1,1,16,16,65536,36864,1,0,0,0,0,0,0,0,0,2048
1789569966192,"Windows x64","MSVC195136257","Intel64 Family 6 Model 142 Stepping 12, GenuineIntel",8,12345,256,4,12,1,16,volatile_first_last_byte,immediate,16,Binned,3,1,1024,2048,26715200,26089.0625,1,1,16,1,1,16,16,65536,36864,1,0,0,0,0,0,0,0,0,2048
1789569966192,"Windows x64","MSVC195136257","Intel64 Family 6 Model 142 Stepping 12, GenuineIntel",8,12345,256,4,12,1,16,volatile_first_last_byte,immediate,16,Binned,4,1,1024,2048,27856700,27203.80859375,1,1,16,1,1,16,16,65536,36864,1,0,0,0,0,0,0,0,0,2048
1789569966192,"Windows x64","MSVC195136257","Intel64 Family 6 Model 142 Stepping 12, GenuineIntel",8,12345,256,4,12,1,16,volatile_first_last_byte,immediate,16,Binned,5,3,1024,2048,28768500,28094.23828125,1,1,16,1,1,16,16,65536,36864,1,0,0,0,0,0,0,0,0,2048
1789569966192,"Windows x64","MSVC195136257","Intel64 Family 6 Model 142 Stepping 12, GenuineIntel",8,12345,256,4,12,1,16,volatile_first_last_byte,immediate,16,Binned,6,2,1024,2048,31997000,31247.0703125,1,1,16,1,1,16,16,65536,36864,1,0,0,0,0,0,0,0,0,2048
1789569966192,"Windows x64","MSVC195136257","Intel64 Family 6 Model 142 Stepping 12, GenuineIntel",8,12345,256,4,12,1,16,volatile_first_last_byte,immediate,16,Binned,7,3,1024,2048,27760500,27109.86328125,1,1,16,1,1,16,16,65536,36864,1,0,0,0,0,0,0,0,0,2048
1789569966192,"Windows x64","MSVC195136257","Intel64 Family 6 Model 142 Stepping 12, GenuineIntel",8,12345,256,4,12,1,16,volatile_first_last_byte,immediate,16,Binned,8,2,1024,2048,27308000,26667.96875,1,1,16,1,1,16,16,65536,36864,1,0,0,0,0,0,0,0,0,2048
1789569966192,"Windows x64","MSVC195136257","Intel64 Family 6 Model 142 Stepping 12, GenuineIntel",8,12345,256,4,12,1,16,volatile_first_last_byte,immediate,16,Binned,9,1,1024,2048,32219600,31464.453125,1,1,16,1,1,16,16,65536,36864,1,0,0,0,0,0,0,0,0,2048
1789569966192,"Windows x64","MSVC195136257","Intel64 Family 6 Model 142 Stepping 12, GenuineIntel",8,12345,256,4,12,1,16,volatile_first_last_byte,immediate,16,Binned,10,1,1024,2048,27457000,26813.4765625,1,1,16,1,1,16,16,65536,36864,1,0,0,0,0,0,0,0,0,2048
1789569966192,"Windows x64","MSVC195136257","Intel64 Family 6 Model 142 Stepping 12, GenuineIntel",8,12345,256,4,12,1,16,volatile_first_last_byte,immediate,16,Binned,11,3,1024,2048,27293500,26653.80859375,1,1,16,1,1,16,16,65536,36864,1,0,0,0,0,0,0,0,0,2048
1789569966192,"Windows x64","MSVC195136257","Intel64 Family 6 Model 142 Stepping 12, GenuineIntel",8,12345,256,4,12,1,16,volatile_first_last_byte,immediate,16,Binned,12,2,1024,2048,28265400,27602.9296875,1,1,16,1,1,16,16,65536,36864,1,0,0,0,0,0,0,0,0,2048
1789569966192,"Windows x64","MSVC195136257","Intel64 Family 6 Model 142 Stepping 12, GenuineIntel",8,12345,256,4,12,1,16,volatile_first_last_byte,batch,16,CRT,1,3,1024,2048,70900,69.23828125,256,256,4096,0,,,,,,,,,,,,,,,
1789569966192,"Windows x64","MSVC195136257","Intel64 Family 6 Model 142 Stepping 12, GenuineIntel",8,12345,256,4,12,1,16,volatile_first_last_byte,batch,16,CRT,2,2,1024,2048,70400,68.75,256,256,4096,0,,,,,,,,,,,,,,,
1789569966192,"Windows x64","MSVC195136257","Intel64 Family 6 Model 142 Stepping 12, GenuineIntel",8,12345,256,4,12,1,16,volatile_first_last_byte,batch,16,CRT,3,3,1024,2048,69700,68.06640625,256,256,4096,0,,,,,,,,,,,,,,,
1789569966192,"Windows x64","MSVC195136257","Intel64 Family 6 Model 142 Stepping 12, GenuineIntel",8,12345,256,4,12,1,16,volatile_first_last_byte,batch,16,CRT,4,2,1024,2048,69500,67.87109375,256,256,4096,0,,,,,,,,,,,,,,,
1789569966192,"Windows x64","MSVC195136257","Intel64 Family 6 Model 142 Stepping 12, GenuineIntel",8,12345,256,4,12,1,16,volatile_first_last_byte,batch,16,CRT,5,1,1024,2048,70400,68.75,256,256,4096,0,,,,,,,,,,,,,,,
1789569966192,"Windows x64","MSVC195136257","Intel64 Family 6 Model 142 Stepping 12, GenuineIntel",8,12345,256,4,12,1,16,volatile_first_last_byte,batch,16,CRT,6,1,1024,2048,69500,67.87109375,256,256,4096,0,,,,,,,,,,,,,,,
1789569966192,"Windows x64","MSVC195136257","Intel64 Family 6 Model 142 Stepping 12, GenuineIntel",8,12345,256,4,12,1,16,volatile_first_last_byte,batch,16,CRT,7,3,1024,2048,70500,68.84765625,256,256,4096,0,,,,,,,,,,,,,,,
1789569966192,"Windows x64","MSVC195136257","Intel64 Family 6 Model 142 Stepping 12, GenuineIntel",8,12345,256,4,12,1,16,volatile_first_last_byte,batch,16,CRT,8,2,1024,2048,70500,68.84765625,256,256,4096,0,,,,,,,,,,,,,,,
1789569966192,"Windows x64","MSVC195136257","Intel64 Family 6 Model 142 Stepping 12, GenuineIntel",8,12345,256,4,12,1,16,volatile_first_last_byte,batch,16,CRT,9,3,1024,2048,69700,68.06640625,256,256,4096,0,,,,,,,,,,,,,,,
1789569966192,"Windows x64","MSVC195136257","Intel64 Family 6 Model 142 Stepping 12, GenuineIntel",8,12345,256,4,12,1,16,volatile_first_last_byte,batch,16,CRT,10,2,1024,2048,69600,67.96875,256,256,4096,0,,,,,,,,,,,,,,,
1789569966192,"Windows x64","MSVC195136257","Intel64 Family 6 Model 142 Stepping 12, GenuineIntel",8,12345,256,4,12,1,16,volatile_first_last_byte,batch,16,CRT,11,1,1024,2048,70500,68.84765625,256,256,4096,0,,,,,,,,,,,,,,,
1789569966192,"Windows x64","MSVC195136257","Intel64 Family 6 Model 142 Stepping 12, GenuineIntel",8,12345,256,4,12,1,16,volatile_first_last_byte,batch,16,CRT,12,1,1024,2048,69700,68.06640625,256,256,4096,0,,,,,,,,,,,,,,,
1789569966192,"Windows x64","MSVC195136257","Intel64 Family 6 Model 142 Stepping 12, GenuineIntel",8,12345,256,4,12,1,16,volatile_first_last_byte,batch,16,System,1,1,1024,2048,76200,74.4140625,256,256,4096,0,,,,,,,,,,,,,,,
1789569966192,"Windows x64","MSVC195136257","Intel64 Family 6 Model 142 Stepping 12, GenuineIntel",8,12345,256,4,12,1,16,volatile_first_last_byte,batch,16,System,2,3,1024,2048,75100,73.33984375,256,256,4096,0,,,,,,,,,,,,,,,
1789569966192,"Windows x64","MSVC195136257","Intel64 Family 6 Model 142 Stepping 12, GenuineIntel",8,12345,256,4,12,1,16,volatile_first_last_byte,batch,16,System,3,2,1024,2048,75900,74.12109375,256,256,4096,0,,,,,,,,,,,,,,,
1789569966192,"Windows x64","MSVC195136257","Intel64 Family 6 Model 142 Stepping 12, GenuineIntel",8,12345,256,4,12,1,16,volatile_first_last_byte,batch,16,System,4,1,1024,2048,86800,84.765625,256,256,4096,0,,,,,,,,,,,,,,,
1789569966192,"Windows x64","MSVC195136257","Intel64 Family 6 Model 142 Stepping 12, GenuineIntel",8,12345,256,4,12,1,16,volatile_first_last_byte,batch,16,System,5,3,1024,2048,76000,74.21875,256,256,4096,0,,,,,,,,,,,,,,,
1789569966192,"Windows x64","MSVC195136257","Intel64 Family 6 Model 142 Stepping 12, GenuineIntel",8,12345,256,4,12,1,16,volatile_first_last_byte,batch,16,System,6,2,1024,2048,74800,73.046875,256,256,4096,0,,,,,,,,,,,,,,,
1789569966192,"Windows x64","MSVC195136257","Intel64 Family 6 Model 142 Stepping 12, GenuineIntel",8,12345,256,4,12,1,16,volatile_first_last_byte,batch,16,System,7,1,1024,2048,76000,74.21875,256,256,4096,0,,,,,,,,,,,,,,,
1789569966192,"Windows x64","MSVC195136257","Intel64 Family 6 Model 142 Stepping 12, GenuineIntel",8,12345,256,4,12,1,16,volatile_first_last_byte,batch,16,System,8,3,1024,2048,75300,73.53515625,256,256,4096,0,,,,,,,,,,,,,,,
1789569966192,"Windows x64","MSVC195136257","Intel64 Family 6 Model 142 Stepping 12, GenuineIntel",8,12345,256,4,12,1,16,volatile_first_last_byte,batch,16,System,9,2,1024,2048,77700,75.87890625,256,256,4096,0,,,,,,,,,,,,,,,
1789569966192,"Windows x64","MSVC195136257","Intel64 Family 6 Model 142 Stepping 12, GenuineIntel",8,12345,256,4,12,1,16,volatile_first_last_byte,batch,16,System,10,1,1024,2048,74400,72.65625,256,256,4096,0,,,,,,,,,,,,,,,
1789569966192,"Windows x64","MSVC195136257","Intel64 Family 6 Model 142 Stepping 12, GenuineIntel",8,12345,256,4,12,1,16,volatile_first_last_byte,batch,16,System,11,3,1024,2048,76700,74.90234375,256,256,4096,0,,,,,,,,,,,,,,,
1789569966192,"Windows x64","MSVC195136257","Intel64 Family 6 Model 142 Stepping 12, GenuineIntel",8,12345,256,4,12,1,16,volatile_first_last_byte,batch,16,System,12,2,1024,2048,74400,72.65625,256,256,4096,0,,,,,,,,,,,,,,,
1789569966192,"Windows x64","MSVC195136257","Intel64 Family 6 Model 142 Stepping 12, GenuineIntel",8,12345,256,4,12,1,16,volatile_first_last_byte,batch,16,Binned,1,2,1024,2048,153100,149.51171875,256,256,4096,1,256,4096,4096,65536,36864,1,0,0,0,0,0,0,0,0,8
1789569966192,"Windows x64","MSVC195136257","Intel64 Family 6 Model 142 Stepping 12, GenuineIntel",8,12345,256,4,12,1,16,volatile_first_last_byte,batch,16,Binned,2,1,1024,2048,150000,146.484375,256,256,4096,1,256,4096,4096,65536,36864,1,0,0,0,0,0,0,0,0,8
1789569966192,"Windows x64","MSVC195136257","Intel64 Family 6 Model 142 Stepping 12, GenuineIntel",8,12345,256,4,12,1,16,volatile_first_last_byte,batch,16,Binned,3,1,1024,2048,150900,147.36328125,256,256,4096,1,256,4096,4096,65536,36864,1,0,0,0,0,0,0,0,0,8
1789569966192,"Windows x64","MSVC195136257","Intel64 Family 6 Model 142 Stepping 12, GenuineIntel",8,12345,256,4,12,1,16,volatile_first_last_byte,batch,16,Binned,4,3,1024,2048,151500,147.94921875,256,256,4096,1,256,4096,4096,65536,36864,1,0,0,0,0,0,0,0,0,8
1789569966192,"Windows x64","MSVC195136257","Intel64 Family 6 Model 142 Stepping 12, GenuineIntel",8,12345,256,4,12,1,16,volatile_first_last_byte,batch,16,Binned,5,2,1024,2048,149200,145.703125,256,256,4096,1,256,4096,4096,65536,36864,1,0,0,0,0,0,0,0,0,8
1789569966192,"Windows x64","MSVC195136257","Intel64 Family 6 Model 142 Stepping 12, GenuineIntel",8,12345,256,4,12,1,16,volatile_first_last_byte,batch,16,Binned,6,3,1024,2048,149500,145.99609375,256,256,4096,1,256,4096,4096,65536,36864,1,0,0,0,0,0,0,0,0,8
1789569966192,"Windows x64","MSVC195136257","Intel64 Family 6 Model 142 Stepping 12, GenuineIntel",8,12345,256,4,12,1,16,volatile_first_last_byte,batch,16,Binned,7,2,1024,2048,150500,146.97265625,256,256,4096,1,256,4096,4096,65536,36864,1,0,0,0,0,0,0,0,0,8
1789569966192,"Windows x64","MSVC195136257","Intel64 Family 6 Model 142 Stepping 12, GenuineIntel",8,12345,256,4,12,1,16,volatile_first_last_byte,batch,16,Binned,8,1,1024,2048,148700,145.21484375,256,256,4096,1,256,4096,4096,65536,36864,1,0,0,0,0,0,0,0,0,8
1789569966192,"Windows x64","MSVC195136257","Intel64 Family 6 Model 142 Stepping 12, GenuineIntel",8,12345,256,4,12,1,16,volatile_first_last_byte,batch,16,Binned,9,1,1024,2048,209500,204.58984375,256,256,4096,1,256,4096,4096,65536,36864,1,0,0,0,0,0,0,0,0,8
1789569966192,"Windows x64","MSVC195136257","Intel64 Family 6 Model 142 Stepping 12, GenuineIntel",8,12345,256,4,12,1,16,volatile_first_last_byte,batch,16,Binned,10,3,1024,2048,151700,148.14453125,256,256,4096,1,256,4096,4096,65536,36864,1,0,0,0,0,0,0,0,0,8
1789569966192,"Windows x64","MSVC195136257","Intel64 Family 6 Model 142 Stepping 12, GenuineIntel",8,12345,256,4,12,1,16,volatile_first_last_byte,batch,16,Binned,11,2,1024,2048,148100,144.62890625,256,256,4096,1,256,4096,4096,65536,36864,1,0,0,0,0,0,0,0,0,8
1789569966192,"Windows x64","MSVC195136257","Intel64 Family 6 Model 142 Stepping 12, GenuineIntel",8,12345,256,4,12,1,16,volatile_first_last_byte,batch,16,Binned,12,3,1024,2048,148500,145.01953125,256,256,4096,1,256,4096,4096,65536,36864,1,0,0,0,0,0,0,0,0,8
1789569966192,"Windows x64","MSVC195136257","Intel64 Family 6 Model 142 Stepping 12, GenuineIntel",8,12345,256,4,12,1,16,volatile_first_last_byte,immediate,24,CRT,1,2,1024,2048,62500,61.03515625,1,1,24,0,,,,,,,,,,,,,,,
1789569966192,"Windows x64","MSVC195136257","Intel64 Family 6 Model 142 Stepping 12, GenuineIntel",8,12345,256,4,12,1,16,volatile_first_last_byte,immediate,24,CRT,2,3,1024,2048,60800,59.375,1,1,24,0,,,,,,,,,,,,,,,
1789569966192,"Windows x64","MSVC195136257","Intel64 Family 6 Model 142 Stepping 12, GenuineIntel",8,12345,256,4,12,1,16,volatile_first_last_byte,immediate,24,CRT,3,2,1024,2048,93100,90.91796875,1,1,24,0,,,,,,,,,,,,,,,
1789569966192,"Windows x64","MSVC195136257","Intel64 Family 6 Model 142 Stepping 12, GenuineIntel",8,12345,256,4,12,1,16,volatile_first_last_byte,immediate,24,CRT,4,1,1024,2048,62100,60.64453125,1,1,24,0,,,,,,,,,,,,,,,
1789569966192,"Windows x64","MSVC195136257","Intel64 Family 6 Model 142 Stepping 12, GenuineIntel",8,12345,256,4,12,1,16,volatile_first_last_byte,immediate,24,CRT,5,1,1024,2048,61100,59.66796875,1,1,24,0,,,,,,,,,,,,,,,
1789569966192,"Windows x64","MSVC195136257","Intel64 Family 6 Model 142 Stepping 12, GenuineIntel",8,12345,256,4,12,1,16,volatile_first_last_byte,immediate,24,CRT,6,3,1024,2048,60100,58.69140625,1,1,24,0,,,,,,,,,,,,,,,
1789569966192,"Windows x64","MSVC195136257","Intel64 Family 6 Model 142 Stepping 12, GenuineIntel",8,12345,256,4,12,1,16,volatile_first_last_byte,immediate,24,CRT,7,2,1024,2048,60900,59.47265625,1,1,24,0,,,,,,,,,,,,,,,
1789569966192,"Windows x64","MSVC195136257","Intel64 Family 6 Model 142 Stepping 12, GenuineIntel",8,12345,256,4,12,1,16,volatile_first_last_byte,immediate,24,CRT,8,3,1024,2048,58600,57.2265625,1,1,24,0,,,,,,,,,,,,,,,
1789569966192,"Windows x64","MSVC195136257","Intel64 Family 6 Model 142 Stepping 12, GenuineIntel",8,12345,256,4,12,1,16,volatile_first_last_byte,immediate,24,CRT,9,2,1024,2048,57600,56.25,1,1,24,0,,,,,,,,,,,,,,,
1789569966192,"Windows x64","MSVC195136257","Intel64 Family 6 Model 142 Stepping 12, GenuineIntel",8,12345,256,4,12,1,16,volatile_first_last_byte,immediate,24,CRT,10,1,1024,2048,61100,59.66796875,1,1,24,0,,,,,,,,,,,,,,,
1789569966192,"Windows x64","MSVC195136257","Intel64 Family 6 Model 142 Stepping 12, GenuineIntel",8,12345,256,4,12,1,16,volatile_first_last_byte,immediate,24,CRT,11,1,1024,2048,58600,57.2265625,1,1,24,0,,,,,,,,,,,,,,,
1789569966192,"Windows x64","MSVC195136257","Intel64 Family 6 Model 142 Stepping 12, GenuineIntel",8,12345,256,4,12,1,16,volatile_first_last_byte,immediate,24,CRT,12,3,1024,2048,60300,58.88671875,1,1,24,0,,,,,,,,,,,,,,,
1789569966192,"Windows x64","MSVC195136257","Intel64 Family 6 Model 142 Stepping 12, GenuineIntel",8,12345,256,4,12,1,16,volatile_first_last_byte,immediate,24,System,1,3,1024,2048,67600,66.015625,1,1,24,0,,,,,,,,,,,,,,,
1789569966192,"Windows x64","MSVC195136257","Intel64 Family 6 Model 142 Stepping 12, GenuineIntel",8,12345,256,4,12,1,16,volatile_first_last_byte,immediate,24,System,2,2,1024,2048,69400,67.7734375,1,1,24,0,,,,,,,,,,,,,,,
1789569966192,"Windows x64","MSVC195136257","Intel64 Family 6 Model 142 Stepping 12, GenuineIntel",8,12345,256,4,12,1,16,volatile_first_last_byte,immediate,24,System,3,1,1024,2048,80500,78.61328125,1,1,24,0,,,,,,,,,,,,,,,
1789569966192,"Windows x64","MSVC195136257","Intel64 Family 6 Model 142 Stepping 12, GenuineIntel",8,12345,256,4,12,1,16,volatile_first_last_byte,immediate,24,System,4,3,1024,2048,69400,67.7734375,1,1,24,0,,,,,,,,,,,,,,,
1789569966192,"Windows x64","MSVC195136257","Intel64 Family 6 Model 142 Stepping 12, GenuineIntel",8,12345,256,4,12,1,16,volatile_first_last_byte,immediate,24,System,5,2,1024,2048,67200,65.625,1,1,24,0,,,,,,,,,,,,,,,
1789569966192,"Windows x64","MSVC195136257","Intel64 Family 6 Model 142 Stepping 12, GenuineIntel",8,12345,256,4,12,1,16,volatile_first_last_byte,immediate,24,System,6,1,1024,2048,68800,67.1875,1,1,24,0,,,,,,,,,,,,,,,
1789569966192,"Windows x64","MSVC195136257","Intel64 Family 6 Model 142 Stepping 12, GenuineIntel",8,12345,256,4,12,1,16,volatile_first_last_byte,immediate,24,System,7,3,1024,2048,65300,63.76953125,1,1,24,0,,,,,,,,,,,,,,,
1789569966192,"Windows x64","MSVC195136257","Intel64 Family 6 Model 142 Stepping 12, GenuineIntel",8,12345,256,4,12,1,16,volatile_first_last_byte,immediate,24,System,8,2,1024,2048,67400,65.8203125,1,1,24,0,,,,,,,,,,,,,,,
1789569966192,"Windows x64","MSVC195136257","Intel64 Family 6 Model 142 Stepping 12, GenuineIntel",8,12345,256,4,12,1,16,volatile_first_last_byte,immediate,24,System,9,1,1024,2048,64900,63.37890625,1,1,24,0,,,,,,,,,,,,,,,
1789569966192,"Windows x64","MSVC195136257","Intel64 Family 6 Model 142 Stepping 12, GenuineIntel",8,12345,256,4,12,1,16,volatile_first_last_byte,immediate,24,System,10,3,1024,2048,67600,66.015625,1,1,24,0,,,,,,,,,,,,,,,
1789569966192,"Windows x64","MSVC195136257","Intel64 Family 6 Model 142 Stepping 12, GenuineIntel",8,12345,256,4,12,1,16,volatile_first_last_byte,immediate,24,System,11,2,1024,2048,64900,63.37890625,1,1,24,0,,,,,,,,,,,,,,,
1789569966192,"Windows x64","MSVC195136257","Intel64 Family 6 Model 142 Stepping 12, GenuineIntel",8,12345,256,4,12,1,16,volatile_first_last_byte,immediate,24,System,12,1,1024,2048,67000,65.4296875,1,1,24,0,,,,,,,,,,,,,,,
1789569966192,"Windows x64","MSVC195136257","Intel64 Family 6 Model 142 Stepping 12, GenuineIntel",8,12345,256,4,12,1,16,volatile_first_last_byte,immediate,24,Binned,1,1,1024,2048,20288100,19812.59765625,1,1,24,1,1,24,32,65536,20480,1,0,0,0,0,0,0,0,0,2048
1789569966192,"Windows x64","MSVC195136257","Intel64 Family 6 Model 142 Stepping 12, GenuineIntel",8,12345,256,4,12,1,16,volatile_first_last_byte,immediate,24,Binned,2,1,1024,2048,19969400,19501.3671875,1,1,24,1,1,24,32,65536,20480,1,0,0,0,0,0,0,0,0,2048
1789569966192,"Windows x64","MSVC195136257","Intel64 Family 6 Model 142 Stepping 12, GenuineIntel",8,12345,256,4,12,1,16,volatile_first_last_byte,immediate,24,Binned,3,3,1024,2048,20284800,19809.375,1,1,24,1,1,24,32,65536,20480,1,0,0,0,0,0,0,0,0,2048
1789569966192,"Windows x64","MSVC195136257","Intel64 Family 6 Model 142 Stepping 12, GenuineIntel",8,12345,256,4,12,1,16,volatile_first_last_byte,immediate,24,Binned,4,2,1024,2048,19757700,19294.62890625,1,1,24,1,1,24,32,65536,20480,1,0,0,0,0,0,0,0,0,2048
1789569966192,"Windows x64","MSVC195136257","Intel64 Family 6 Model 142 Stepping 12, GenuineIntel",8,12345,256,4,12,1,16,volatile_first_last_byte,immediate,24,Binned,5,3,1024,2048,19614200,19154.4921875,1,1,24,1,1,24,32,65536,20480,1,0,0,0,0,0,0,0,0,2048
1789569966192,"Windows x64","MSVC195136257","Intel64 Family 6 Model 142 Stepping 12, GenuineIntel",8,12345,256,4,12,1,16,volatile_first_last_byte,immediate,24,Binned,6,2,1024,2048,19559200,19100.78125,1,1,24,1,1,24,32,65536,20480,1,0,0,0,0,0,0,0,0,2048
1789569966192,"Windows x64","MSVC195136257","Intel64 Family 6 Model 142 Stepping 12, GenuineIntel",8,12345,256,4,12,1,16,volatile_first_last_byte,immediate,24,Binned,7,1,1024,2048,19013200,18567.578125,1,1,24,1,1,24,32,65536,20480,1,0,0,0,0,0,0,0,0,2048
1789569966192,"Windows x64","MSVC195136257","Intel64 Family 6 Model 142 Stepping 12, GenuineIntel",8,12345,256,4,12,1,16,volatile_first_last_byte,immediate,24,Binned,8,1,1024,2048,18958000,18513.671875,1,1,24,1,1,24,32,65536,20480,1,0,0,0,0,0,0,0,0,2048
1789569966192,"Windows x64","MSVC195136257","Intel64 Family 6 Model 142 Stepping 12, GenuineIntel",8,12345,256,4,12,1,16,volatile_first_last_byte,immediate,24,Binned,9,3,1024,2048,19619500,19159.66796875,1,1,24,1,1,24,32,65536,20480,1,0,0,0,0,0,0,0,0,2048
1789569966192,"Windows x64","MSVC195136257","Intel64 Family 6 Model 142 Stepping 12, GenuineIntel",8,12345,256,4,12,1,16,volatile_first_last_byte,immediate,24,Binned,10,2,1024,2048,19051000,18604.4921875,1,1,24,1,1,24,32,65536,20480,1,0,0,0,0,0,0,0,0,2048
1789569966192,"Windows x64","MSVC195136257","Intel64 Family 6 Model 142 Stepping 12, GenuineIntel",8,12345,256,4,12,1,16,volatile_first_last_byte,immediate,24,Binned,11,3,1024,2048,18965700,18521.19140625,1,1,24,1,1,24,32,65536,20480,1,0,0,0,0,0,0,0,0,2048
1789569966192,"Windows x64","MSVC195136257","Intel64 Family 6 Model 142 Stepping 12, GenuineIntel",8,12345,256,4,12,1,16,volatile_first_last_byte,immediate,24,Binned,12,2,1024,2048,18915800,18472.4609375,1,1,24,1,1,24,32,65536,20480,1,0,0,0,0,0,0,0,0,2048
1789569966192,"Windows x64","MSVC195136257","Intel64 Family 6 Model 142 Stepping 12, GenuineIntel",8,12345,256,4,12,1,16,volatile_first_last_byte,batch,24,CRT,1,3,1024,2048,110000,107.421875,256,256,6144,0,,,,,,,,,,,,,,,
1789569966192,"Windows x64","MSVC195136257","Intel64 Family 6 Model 142 Stepping 12, GenuineIntel",8,12345,256,4,12,1,16,volatile_first_last_byte,batch,24,CRT,2,2,1024,2048,108800,106.25,256,256,6144,0,,,,,,,,,,,,,,,
1789569966192,"Windows x64","MSVC195136257","Intel64 Family 6 Model 142 Stepping 12, GenuineIntel",8,12345,256,4,12,1,16,volatile_first_last_byte,batch,24,CRT,3,1,1024,2048,104500,102.05078125,256,256,6144,0,,,,,,,,,,,,,,,
1789569966192,"Windows x64","MSVC195136257","Intel64 Family 6 Model 142 Stepping 12, GenuineIntel",8,12345,256,4,12,1,16,volatile_first_last_byte,batch,24,CRT,4,1,1024,2048,104300,101.85546875,256,256,6144,0,,,,,,,,,,,,,,,
1789569966192,"Windows x64","MSVC195136257","Intel64 Family 6 Model 142 Stepping 12, GenuineIntel",8,12345,256,4,12,1,16,volatile_first_last_byte,batch,24,CRT,5,3,1024,2048,111000,108.3984375,256,256,6144,0,,,,,,,,,,,,,,,
1789569966192,"Windows x64","MSVC195136257","Intel64 Family 6 Model 142 Stepping 12, GenuineIntel",8,12345,256,4,12,1,16,volatile_first_last_byte,batch,24,CRT,6,2,1024,2048,109900,107.32421875,256,256,6144,0,,,,,,,,,,,,,,,
1789569966192,"Windows x64","MSVC195136257","Intel64 Family 6 Model 142 Stepping 12, GenuineIntel",8,12345,256,4,12,1,16,volatile_first_last_byte,batch,24,CRT,7,3,1024,2048,69600,67.96875,256,256,6144,0,,,,,,,,,,,,,,,
1789569966192,"Windows x64","MSVC195136257","Intel64 Family 6 Model 142 Stepping 12, GenuineIntel",8,12345,256,4,12,1,16,volatile_first_last_byte,batch,24,CRT,8,2,1024,2048,68600,66.9921875,256,256,6144,0,,,,,,,,,,,,,,,
1789569966192,"Windows x64","MSVC195136257","Intel64 Family 6 Model 142 Stepping 12, GenuineIntel",8,12345,256,4,12,1,16,volatile_first_last_byte,batch,24,CRT,9,1,1024,2048,102300,99.90234375,256,256,6144,0,,,,,,,,,,,,,,,
1789569966192,"Windows x64","MSVC195136257","Intel64 Family 6 Model 142 Stepping 12, GenuineIntel",8,12345,256,4,12,1,16,volatile_first_last_byte,batch,24,CRT,10,1,1024,2048,67800,66.2109375,256,256,6144,0,,,,,,,,,,,,,,,
1789569966192,"Windows x64","MSVC195136257","Intel64 Family 6 Model 142 Stepping 12, GenuineIntel",8,12345,256,4,12,1,16,volatile_first_last_byte,batch,24,CRT,11,3,1024,2048,70100,68.45703125,256,256,6144,0,,,,,,,,,,,,,,,
1789569966192,"Windows x64","MSVC195136257","Intel64 Family 6 Model 142 Stepping 12, GenuineIntel",8,12345,256,4,12,1,16,volatile_first_last_byte,batch,24,CRT,12,2,1024,2048,73400,71.6796875,256,256,6144,0,,,,,,,,,,,,,,,
1789569966192,"Windows x64","MSVC195136257","Intel64 Family 6 Model 142 Stepping 12, GenuineIntel",8,12345,256,4,12,1,16,volatile_first_last_byte,batch,24,System,1,2,1024,2048,124600,121.6796875,256,256,6144,0,,,,,,,,,,,,,,,
1789569966192,"Windows x64","MSVC195136257","Intel64 Family 6 Model 142 Stepping 12, GenuineIntel",8,12345,256,4,12,1,16,volatile_first_last_byte,batch,24,System,2,1,1024,2048,134100,130.95703125,256,256,6144,0,,,,,,,,,,,,,,,
1789569966192,"Windows x64","MSVC195136257","Intel64 Family 6 Model 142 Stepping 12, GenuineIntel",8,12345,256,4,12,1,16,volatile_first_last_byte,batch,24,System,3,3,1024,2048,118800,116.015625,256,256,6144,0,,,,,,,,,,,,,,,
1789569966192,"Windows x64","MSVC195136257","Intel64 Family 6 Model 142 Stepping 12, GenuineIntel",8,12345,256,4,12,1,16,volatile_first_last_byte,batch,24,System,4,2,1024,2048,120200,117.3828125,256,256,6144,0,,,,,,,,,,,,,,,
1789569966192,"Windows x64","MSVC195136257","Intel64 Family 6 Model 142 Stepping 12, GenuineIntel",8,12345,256,4,12,1,16,volatile_first_last_byte,batch,24,System,5,1,1024,2048,125400,122.4609375,256,256,6144,0,,,,,,,,,,,,,,,
1789569966192,"Windows x64","MSVC195136257","Intel64 Family 6 Model 142 Stepping 12, GenuineIntel",8,12345,256,4,12,1,16,volatile_first_last_byte,batch,24,System,6,3,1024,2048,121300,118.45703125,256,256,6144,0,,,,,,,,,,,,,,,
1789569966192,"Windows x64","MSVC195136257","Intel64 Family 6 Model 142 Stepping 12, GenuineIntel",8,12345,256,4,12,1,16,volatile_first_last_byte,batch,24,System,7,2,1024,2048,79800,77.9296875,256,256,6144,0,,,,,,,,,,,,,,,
1789569966192,"Windows x64","MSVC195136257","Intel64 Family 6 Model 142 Stepping 12, GenuineIntel",8,12345,256,4,12,1,16,volatile_first_last_byte,batch,24,System,8,1,1024,2048,81900,79.98046875,256,256,6144,0,,,,,,,,,,,,,,,
1789569966192,"Windows x64","MSVC195136257","Intel64 Family 6 Model 142 Stepping 12, GenuineIntel",8,12345,256,4,12,1,16,volatile_first_last_byte,batch,24,System,9,3,1024,2048,80600,78.7109375,256,256,6144,0,,,,,,,,,,,,,,,
1789569966192,"Windows x64","MSVC195136257","Intel64 Family 6 Model 142 Stepping 12, GenuineIntel",8,12345,256,4,12,1,16,volatile_first_last_byte,batch,24,System,10,2,1024,2048,79200,77.34375,256,256,6144,0,,,,,,,,,,,,,,,
1789569966192,"Windows x64","MSVC195136257","Intel64 Family 6 Model 142 Stepping 12, GenuineIntel",8,12345,256,4,12,1,16,volatile_first_last_byte,batch,24,System,11,1,1024,2048,127000,124.0234375,256,256,6144,0,,,,,,,,,,,,,,,
1789569966192,"Windows x64","MSVC195136257","Intel64 Family 6 Model 142 Stepping 12, GenuineIntel",8,12345,256,4,12,1,16,volatile_first_last_byte,batch,24,System,12,3,1024,2048,84300,82.32421875,256,256,6144,0,,,,,,,,,,,,,,,
1789569966192,"Windows x64","MSVC195136257","Intel64 Family 6 Model 142 Stepping 12, GenuineIntel",8,12345,256,4,12,1,16,volatile_first_last_byte,batch,24,Binned,1,1,1024,2048,202100,197.36328125,256,256,6144,1,256,6144,8192,65536,20480,1,0,0,0,0,0,0,0,0,8
1789569966192,"Windows x64","MSVC195136257","Intel64 Family 6 Model 142 Stepping 12, GenuineIntel",8,12345,256,4,12,1,16,volatile_first_last_byte,batch,24,Binned,2,3,1024,2048,187100,182.71484375,256,256,6144,1,256,6144,8192,65536,20480,1,0,0,0,0,0,0,0,0,8
1789569966192,"Windows x64","MSVC195136257","Intel64 Family 6 Model 142 Stepping 12, GenuineIntel",8,12345,256,4,12,1,16,volatile_first_last_byte,batch,24,Binned,3,2,1024,2048,165200,161.328125,256,256,6144,1,256,6144,8192,65536,20480,1,0,0,0,0,0,0,0,0,8
1789569966192,"Windows x64","MSVC195136257","Intel64 Family 6 Model 142 Stepping 12, GenuineIntel",8,12345,256,4,12,1,16,volatile_first_last_byte,batch,24,Binned,4,3,1024,2048,177100,172.94921875,256,256,6144,1,256,6144,8192,65536,20480,1,0,0,0,0,0,0,0,0,8
1789569966192,"Windows x64","MSVC195136257","Intel64 Family 6 Model 142 Stepping 12, GenuineIntel",8,12345,256,4,12,1,16,volatile_first_last_byte,batch,24,Binned,5,2,1024,2048,168500,164.55078125,256,256,6144,1,256,6144,8192,65536,20480,1,0,0,0,0,0,0,0,0,8
1789569966192,"Windows x64","MSVC195136257","Intel64 Family 6 Model 142 Stepping 12, GenuineIntel",8,12345,256,4,12,1,16,volatile_first_last_byte,batch,24,Binned,6,1,1024,2048,176400,172.265625,256,256,6144,1,256,6144,8192,65536,20480,1,0,0,0,0,0,0,0,0,8
1789569966192,"Windows x64","MSVC195136257","Intel64 Family 6 Model 142 Stepping 12, GenuineIntel",8,12345,256,4,12,1,16,volatile_first_last_byte,batch,24,Binned,7,1,1024,2048,178000,173.828125,256,256,6144,1,256,6144,8192,65536,20480,1,0,0,0,0,0,0,0,0,8
1789569966192,"Windows x64","MSVC195136257","Intel64 Family 6 Model 142 Stepping 12, GenuineIntel",8,12345,256,4,12,1,16,volatile_first_last_byte,batch,24,Binned,8,3,1024,2048,126400,123.4375,256,256,6144,1,256,6144,8192,65536,20480,1,0,0,0,0,0,0,0,0,8
1789569966192,"Windows x64","MSVC195136257","Intel64 Family 6 Model 142 Stepping 12, GenuineIntel",8,12345,256,4,12,1,16,volatile_first_last_byte,batch,24,Binned,9,2,1024,2048,161700,157.91015625,256,256,6144,1,256,6144,8192,65536,20480,1,0,0,0,0,0,0,0,0,8
1789569966192,"Windows x64","MSVC195136257","Intel64 Family 6 Model 142 Stepping 12, GenuineIntel",8,12345,256,4,12,1,16,volatile_first_last_byte,batch,24,Binned,10,3,1024,2048,144100,140.72265625,256,256,6144,1,256,6144,8192,65536,20480,1,0,0,0,0,0,0,0,0,8
1789569966192,"Windows x64","MSVC195136257","Intel64 Family 6 Model 142 Stepping 12, GenuineIntel",8,12345,256,4,12,1,16,volatile_first_last_byte,batch,24,Binned,11,2,1024,2048,131800,128.7109375,256,256,6144,1,256,6144,8192,65536,20480,1,0,0,0,0,0,0,0,0,8
1789569966192,"Windows x64","MSVC195136257","Intel64 Family 6 Model 142 Stepping 12, GenuineIntel",8,12345,256,4,12,1,16,volatile_first_last_byte,batch,24,Binned,12,1,1024,2048,131600,128.515625,256,256,6144,1,256,6144,8192,65536,20480,1,0,0,0,0,0,0,0,0,8
1789569966192,"Windows x64","MSVC195136257","Intel64 Family 6 Model 142 Stepping 12, GenuineIntel",8,12345,256,4,12,1,16,volatile_first_last_byte,immediate,64,CRT,1,2,1024,2048,66700,65.13671875,1,1,64,0,,,,,,,,,,,,,,,
1789569966192,"Windows x64","MSVC195136257","Intel64 Family 6 Model 142 Stepping 12, GenuineIntel",8,12345,256,4,12,1,16,volatile_first_last_byte,immediate,64,CRT,2,1,1024,2048,61600,60.15625,1,1,64,0,,,,,,,,,,,,,,,
1789569966192,"Windows x64","MSVC195136257","Intel64 Family 6 Model 142 Stepping 12, GenuineIntel",8,12345,256,4,12,1,16,volatile_first_last_byte,immediate,64,CRT,3,1,1024,2048,59300,57.91015625,1,1,64,0,,,,,,,,,,,,,,,
1789569966192,"Windows x64","MSVC195136257","Intel64 Family 6 Model 142 Stepping 12, GenuineIntel",8,12345,256,4,12,1,16,volatile_first_last_byte,immediate,64,CRT,4,3,1024,2048,60700,59.27734375,1,1,64,0,,,,,,,,,,,,,,,
1789569966192,"Windows x64","MSVC195136257","Intel64 Family 6 Model 142 Stepping 12, GenuineIntel",8,12345,256,4,12,1,16,volatile_first_last_byte,immediate,64,CRT,5,2,1024,2048,61500,60.05859375,1,1,64,0,,,,,,,,,,,,,,,
1789569966192,"Windows x64","MSVC195136257","Intel64 Family 6 Model 142 Stepping 12, GenuineIntel",8,12345,256,4,12,1,16,volatile_first_last_byte,immediate,64,CRT,6,3,1024,2048,58400,57.03125,1,1,64,0,,,,,,,,,,,,,,,
1789569966192,"Windows x64","MSVC195136257","Intel64 Family 6 Model 142 Stepping 12, GenuineIntel",8,12345,256,4,12,1,16,volatile_first_last_byte,immediate,64,CRT,7,2,1024,2048,57300,55.95703125,1,1,64,0,,,,,,,,,,,,,,,
1789569966192,"Windows x64","MSVC195136257","Intel64 Family 6 Model 142 Stepping 12, GenuineIntel",8,12345,256,4,12,1,16,volatile_first_last_byte,immediate,64,CRT,8,1,1024,2048,59200,57.8125,1,1,64,0,,,,,,,,,,,,,,,
1789569966192,"Windows x64","MSVC195136257","Intel64 Family 6 Model 142 Stepping 12, GenuineIntel",8,12345,256,4,12,1,16,volatile_first_last_byte,immediate,64,CRT,9,1,1024,2048,57500,56.15234375,1,1,64,0,,,,,,,,,,,,,,,
1789569966192,"Windows x64","MSVC195136257","Intel64 Family 6 Model 142 Stepping 12, GenuineIntel",8,12345,256,4,12,1,16,volatile_first_last_byte,immediate,64,CRT,10,3,1024,2048,58900,57.51953125,1,1,64,0,,,,,,,,,,,,,,,
1789569966192,"Windows x64","MSVC195136257","Intel64 Family 6 Model 142 Stepping 12, GenuineIntel",8,12345,256,4,12,1,16,volatile_first_last_byte,immediate,64,CRT,11,2,1024,2048,59300,57.91015625,1,1,64,0,,,,,,,,,,,,,,,
1789569966192,"Windows x64","MSVC195136257","Intel64 Family 6 Model 142 Stepping 12, GenuineIntel",8,12345,256,4,12,1,16,volatile_first_last_byte,immediate,64,CRT,12,3,1024,2048,57800,56.4453125,1,1,64,0,,,,,,,,,,,,,,,
1789569966192,"Windows x64","MSVC195136257","Intel64 Family 6 Model 142 Stepping 12, GenuineIntel",8,12345,256,4,12,1,16,volatile_first_last_byte,immediate,64,System,1,1,1024,2048,66100,64.55078125,1,1,64,0,,,,,,,,,,,,,,,
1789569966192,"Windows x64","MSVC195136257","Intel64 Family 6 Model 142 Stepping 12, GenuineIntel",8,12345,256,4,12,1,16,volatile_first_last_byte,immediate,64,System,2,3,1024,2048,66000,64.453125,1,1,64,0,,,,,,,,,,,,,,,
1789569966192,"Windows x64","MSVC195136257","Intel64 Family 6 Model 142 Stepping 12, GenuineIntel",8,12345,256,4,12,1,16,volatile_first_last_byte,immediate,64,System,3,2,1024,2048,63700,62.20703125,1,1,64,0,,,,,,,,,,,,,,,
1789569966192,"Windows x64","MSVC195136257","Intel64 Family 6 Model 142 Stepping 12, GenuineIntel",8,12345,256,4,12,1,16,volatile_first_last_byte,immediate,64,System,4,1,1024,2048,65800,64.2578125,1,1,64,0,,,,,,,,,,,,,,,
1789569966192,"Windows x64","MSVC195136257","Intel64 Family 6 Model 142 Stepping 12, GenuineIntel",8,12345,256,4,12,1,16,volatile_first_last_byte,immediate,64,System,5,3,1024,2048,64600,63.0859375,1,1,64,0,,,,,,,,,,,,,,,
1789569966192,"Windows x64","MSVC195136257","Intel64 Family 6 Model 142 Stepping 12, GenuineIntel",8,12345,256,4,12,1,16,volatile_first_last_byte,immediate,64,System,6,2,1024,2048,64700,63.18359375,1,1,64,0,,,,,,,,,,,,,,,
1789569966192,"Windows x64","MSVC195136257","Intel64 Family 6 Model 142 Stepping 12, GenuineIntel",8,12345,256,4,12,1,16,volatile_first_last_byte,immediate,64,System,7,1,1024,2048,61600,60.15625,1,1,64,0,,,,,,,,,,,,,,,
1789569966192,"Windows x64","MSVC195136257","Intel64 Family 6 Model 142 Stepping 12, GenuineIntel",8,12345,256,4,12,1,16,volatile_first_last_byte,immediate,64,System,8,3,1024,2048,63300,61.81640625,1,1,64,0,,,,,,,,,,,,,,,
1789569966192,"Windows x64","MSVC195136257","Intel64 Family 6 Model 142 Stepping 12, GenuineIntel",8,12345,256,4,12,1,16,volatile_first_last_byte,immediate,64,System,9,2,1024,2048,61600,60.15625,1,1,64,0,,,,,,,,,,,,,,,
1789569966192,"Windows x64","MSVC195136257","Intel64 Family 6 Model 142 Stepping 12, GenuineIntel",8,12345,256,4,12,1,16,volatile_first_last_byte,immediate,64,System,10,1,1024,2048,63500,62.01171875,1,1,64,0,,,,,,,,,,,,,,,
1789569966192,"Windows x64","MSVC195136257","Intel64 Family 6 Model 142 Stepping 12, GenuineIntel",8,12345,256,4,12,1,16,volatile_first_last_byte,immediate,64,System,11,3,1024,2048,62000,60.546875,1,1,64,0,,,,,,,,,,,,,,,
1789569966192,"Windows x64","MSVC195136257","Intel64 Family 6 Model 142 Stepping 12, GenuineIntel",8,12345,256,4,12,1,16,volatile_first_last_byte,immediate,64,System,12,2,1024,2048,63700,62.20703125,1,1,64,0,,,,,,,,,,,,,,,
1789569966192,"Windows x64","MSVC195136257","Intel64 Family 6 Model 142 Stepping 12, GenuineIntel",8,12345,256,4,12,1,16,volatile_first_last_byte,immediate,64,Binned,1,3,1024,2048,15505100,15141.69921875,1,1,64,1,1,64,64,65536,12288,1,0,0,0,0,0,0,0,0,2048
1789569966192,"Windows x64","MSVC195136257","Intel64 Family 6 Model 142 Stepping 12, GenuineIntel",8,12345,256,4,12,1,16,volatile_first_last_byte,immediate,64,Binned,2,2,1024,2048,14915500,14565.91796875,1,1,64,1,1,64,64,65536,12288,1,0,0,0,0,0,0,0,0,2048
1789569966192,"Windows x64","MSVC195136257","Intel64 Family 6 Model 142 Stepping 12, GenuineIntel",8,12345,256,4,12,1,16,volatile_first_last_byte,immediate,64,Binned,3,3,1024,2048,15113700,14759.47265625,1,1,64,1,1,64,64,65536,12288,1,0,0,0,0,0,0,0,0,2048
1789569966192,"Windows x64","MSVC195136257","Intel64 Family 6 Model 142 Stepping 12, GenuineIntel",8,12345,256,4,12,1,16,volatile_first_last_byte,immediate,64,Binned,4,2,1024,2048,15051000,14698.2421875,1,1,64,1,1,64,64,65536,12288,1,0,0,0,0,0,0,0,0,2048
1789569966192,"Windows x64","MSVC195136257","Intel64 Family 6 Model 142 Stepping 12, GenuineIntel",8,12345,256,4,12,1,16,volatile_first_last_byte,immediate,64,Binned,5,1,1024,2048,15090100,14736.42578125,1,1,64,1,1,64,64,65536,12288,1,0,0,0,0,0,0,0,0,2048
1789569966192,"Windows x64","MSVC195136257","Intel64 Family 6 Model 142 Stepping 12, GenuineIntel",8,12345,256,4,12,1,16,volatile_first_last_byte,immediate,64,Binned,6,1,1024,2048,14867900,14519.43359375,1,1,64,1,1,64,64,65536,12288,1,0,0,0,0,0,0,0,0,2048
1789569966192,"Windows x64","MSVC195136257","Intel64 Family 6 Model 142 Stepping 12, GenuineIntel",8,12345,256,4,12,1,16,volatile_first_last_byte,immediate,64,Binned,7,3,1024,2048,14638200,14295.1171875,1,1,64,1,1,64,64,65536,12288,1,0,0,0,0,0,0,0,0,2048
1789569966192,"Windows x64","MSVC195136257","Intel64 Family 6 Model 142 Stepping 12, GenuineIntel",8,12345,256,4,12,1,16,volatile_first_last_byte,immediate,64,Binned,8,2,1024,2048,14693700,14349.31640625,1,1,64,1,1,64,64,65536,12288,1,0,0,0,0,0,0,0,0,2048
1789569966192,"Windows x64","MSVC195136257","Intel64 Family 6 Model 142 Stepping 12, GenuineIntel",8,12345,256,4,12,1,16,volatile_first_last_byte,immediate,64,Binned,9,3,1024,2048,14707800,14363.0859375,1,1,64,1,1,64,64,65536,12288,1,0,0,0,0,0,0,0,0,2048
1789569966192,"Windows x64","MSVC195136257","Intel64 Family 6 Model 142 Stepping 12, GenuineIntel",8,12345,256,4,12,1,16,volatile_first_last_byte,immediate,64,Binned,10,2,1024,2048,14608800,14266.40625,1,1,64,1,1,64,64,65536,12288,1,0,0,0,0,0,0,0,0,2048
1789569966192,"Windows x64","MSVC195136257","Intel64 Family 6 Model 142 Stepping 12, GenuineIntel",8,12345,256,4,12,1,16,volatile_first_last_byte,immediate,64,Binned,11,1,1024,2048,14609900,14267.48046875,1,1,64,1,1,64,64,65536,12288,1,0,0,0,0,0,0,0,0,2048
1789569966192,"Windows x64","MSVC195136257","Intel64 Family 6 Model 142 Stepping 12, GenuineIntel",8,12345,256,4,12,1,16,volatile_first_last_byte,immediate,64,Binned,12,1,1024,2048,14790700,14444.04296875,1,1,64,1,1,64,64,65536,12288,1,0,0,0,0,0,0,0,0,2048
1789569966192,"Windows x64","MSVC195136257","Intel64 Family 6 Model 142 Stepping 12, GenuineIntel",8,12345,256,4,12,1,16,volatile_first_last_byte,batch,64,CRT,1,1,1024,2048,70000,68.359375,256,256,16384,0,,,,,,,,,,,,,,,
1789569966192,"Windows x64","MSVC195136257","Intel64 Family 6 Model 142 Stepping 12, GenuineIntel",8,12345,256,4,12,1,16,volatile_first_last_byte,batch,64,CRT,2,1,1024,2048,69500,67.87109375,256,256,16384,0,,,,,,,,,,,,,,,
1789569966192,"Windows x64","MSVC195136257","Intel64 Family 6 Model 142 Stepping 12, GenuineIntel",8,12345,256,4,12,1,16,volatile_first_last_byte,batch,64,CRT,3,3,1024,2048,70000,68.359375,256,256,16384,0,,,,,,,,,,,,,,,
1789569966192,"Windows x64","MSVC195136257","Intel64 Family 6 Model 142 Stepping 12, GenuineIntel",8,12345,256,4,12,1,16,volatile_first_last_byte,batch,64,CRT,4,2,1024,2048,80800,78.90625,256,256,16384,0,,,,,,,,,,,,,,,
1789569966192,"Windows x64","MSVC195136257","Intel64 Family 6 Model 142 Stepping 12, GenuineIntel",8,12345,256,4,12,1,16,volatile_first_last_byte,batch,64,CRT,5,3,1024,2048,70700,69.04296875,256,256,16384,0,,,,,,,,,,,,,,,
1789569966192,"Windows x64","MSVC195136257","Intel64 Family 6 Model 142 Stepping 12, GenuineIntel",8,12345,256,4,12,1,16,volatile_first_last_byte,batch,64,CRT,6,2,1024,2048,69300,67.67578125,256,256,16384,0,,,,,,,,,,,,,,,
1789569966192,"Windows x64","MSVC195136257","Intel64 Family 6 Model 142 Stepping 12, GenuineIntel",8,12345,256,4,12,1,16,volatile_first_last_byte,batch,64,CRT,7,1,1024,2048,69000,67.3828125,256,256,16384,0,,,,,,,,,,,,,,,
1789569966192,"Windows x64","MSVC195136257","Intel64 Family 6 Model 142 Stepping 12, GenuineIntel",8,12345,256,4,12,1,16,volatile_first_last_byte,batch,64,CRT,8,1,1024,2048,70200,68.5546875,256,256,16384,0,,,,,,,,,,,,,,,
1789569966192,"Windows x64","MSVC195136257","Intel64 Family 6 Model 142 Stepping 12, GenuineIntel",8,12345,256,4,12,1,16,volatile_first_last_byte,batch,64,CRT,9,3,1024,2048,70300,68.65234375,256,256,16384,0,,,,,,,,,,,,,,,
1789569966192,"Windows x64","MSVC195136257","Intel64 Family 6 Model 142 Stepping 12, GenuineIntel",8,12345,256,4,12,1,16,volatile_first_last_byte,batch,64,CRT,10,2,1024,2048,69400,67.7734375,256,256,16384,0,,,,,,,,,,,,,,,
1789569966192,"Windows x64","MSVC195136257","Intel64 Family 6 Model 142 Stepping 12, GenuineIntel",8,12345,256,4,12,1,16,volatile_first_last_byte,batch,64,CRT,11,3,1024,2048,69400,67.7734375,256,256,16384,0,,,,,,,,,,,,,,,
1789569966192,"Windows x64","MSVC195136257","Intel64 Family 6 Model 142 Stepping 12, GenuineIntel",8,12345,256,4,12,1,16,volatile_first_last_byte,batch,64,CRT,12,2,1024,2048,69800,68.1640625,256,256,16384,0,,,,,,,,,,,,,,,
1789569966192,"Windows x64","MSVC195136257","Intel64 Family 6 Model 142 Stepping 12, GenuineIntel",8,12345,256,4,12,1,16,volatile_first_last_byte,batch,64,System,1,3,1024,2048,80300,78.41796875,256,256,16384,0,,,,,,,,,,,,,,,
1789569966192,"Windows x64","MSVC195136257","Intel64 Family 6 Model 142 Stepping 12, GenuineIntel",8,12345,256,4,12,1,16,volatile_first_last_byte,batch,64,System,2,2,1024,2048,78900,77.05078125,256,256,16384,0,,,,,,,,,,,,,,,
1789569966192,"Windows x64","MSVC195136257","Intel64 Family 6 Model 142 Stepping 12, GenuineIntel",8,12345,256,4,12,1,16,volatile_first_last_byte,batch,64,System,3,1,1024,2048,79500,77.63671875,256,256,16384,0,,,,,,,,,,,,,,,
1789569966192,"Windows x64","MSVC195136257","Intel64 Family 6 Model 142 Stepping 12, GenuineIntel",8,12345,256,4,12,1,16,volatile_first_last_byte,batch,64,System,4,3,1024,2048,78700,76.85546875,256,256,16384,0,,,,,,,,,,,,,,,
1789569966192,"Windows x64","MSVC195136257","Intel64 Family 6 Model 142 Stepping 12, GenuineIntel",8,12345,256,4,12,1,16,volatile_first_last_byte,batch,64,System,5,2,1024,2048,79200,77.34375,256,256,16384,0,,,,,,,,,,,,,,,
1789569966192,"Windows x64","MSVC195136257","Intel64 Family 6 Model 142 Stepping 12, GenuineIntel",8,12345,256,4,12,1,16,volatile_first_last_byte,batch,64,System,6,1,1024,2048,78900,77.05078125,256,256,16384,0,,,,,,,,,,,,,,,
1789569966192,"Windows x64","MSVC195136257","Intel64 Family 6 Model 142 Stepping 12, GenuineIntel",8,12345,256,4,12,1,16,volatile_first_last_byte,batch,64,System,7,3,1024,2048,79700,77.83203125,256,256,16384,0,,,,,,,,,,,,,,,
1789569966192,"Windows x64","MSVC195136257","Intel64 Family 6 Model 142 Stepping 12, GenuineIntel",8,12345,256,4,12,1,16,volatile_first_last_byte,batch,64,System,8,2,1024,2048,79300,77.44140625,256,256,16384,0,,,,,,,,,,,,,,,
1789569966192,"Windows x64","MSVC195136257","Intel64 Family 6 Model 142 Stepping 12, GenuineIntel",8,12345,256,4,12,1,16,volatile_first_last_byte,batch,64,System,9,1,1024,2048,79200,77.34375,256,256,16384,0,,,,,,,,,,,,,,,
1789569966192,"Windows x64","MSVC195136257","Intel64 Family 6 Model 142 Stepping 12, GenuineIntel",8,12345,256,4,12,1,16,volatile_first_last_byte,batch,64,System,10,3,1024,2048,78500,76.66015625,256,256,16384,0,,,,,,,,,,,,,,,
1789569966192,"Windows x64","MSVC195136257","Intel64 Family 6 Model 142 Stepping 12, GenuineIntel",8,12345,256,4,12,1,16,volatile_first_last_byte,batch,64,System,11,2,1024,2048,79800,77.9296875,256,256,16384,0,,,,,,,,,,,,,,,
1789569966192,"Windows x64","MSVC195136257","Intel64 Family 6 Model 142 Stepping 12, GenuineIntel",8,12345,256,4,12,1,16,volatile_first_last_byte,batch,64,System,12,1,1024,2048,86500,84.47265625,256,256,16384,0,,,,,,,,,,,,,,,
1789569966192,"Windows x64","MSVC195136257","Intel64 Family 6 Model 142 Stepping 12, GenuineIntel",8,12345,256,4,12,1,16,volatile_first_last_byte,batch,64,Binned,1,2,1024,2048,118200,115.4296875,256,256,16384,1,256,16384,16384,65536,12288,1,0,0,0,0,0,0,0,0,8
1789569966192,"Windows x64","MSVC195136257","Intel64 Family 6 Model 142 Stepping 12, GenuineIntel",8,12345,256,4,12,1,16,volatile_first_last_byte,batch,64,Binned,2,3,1024,2048,116500,113.76953125,256,256,16384,1,256,16384,16384,65536,12288,1,0,0,0,0,0,0,0,0,8
1789569966192,"Windows x64","MSVC195136257","Intel64 Family 6 Model 142 Stepping 12, GenuineIntel",8,12345,256,4,12,1,16,volatile_first_last_byte,batch,64,Binned,3,2,1024,2048,114900,112.20703125,256,256,16384,1,256,16384,16384,65536,12288,1,0,0,0,0,0,0,0,0,8
1789569966192,"Windows x64","MSVC195136257","Intel64 Family 6 Model 142 Stepping 12, GenuineIntel",8,12345,256,4,12,1,16,volatile_first_last_byte,batch,64,Binned,4,1,1024,2048,115200,112.5,256,256,16384,1,256,16384,16384,65536,12288,1,0,0,0,0,0,0,0,0,8
1789569966192,"Windows x64","MSVC195136257","Intel64 Family 6 Model 142 Stepping 12, GenuineIntel",8,12345,256,4,12,1,16,volatile_first_last_byte,batch,64,Binned,5,1,1024,2048,118300,115.52734375,256,256,16384,1,256,16384,16384,65536,12288,1,0,0,0,0,0,0,0,0,8
1789569966192,"Windows x64","MSVC195136257","Intel64 Family 6 Model 142 Stepping 12, GenuineIntel",8,12345,256,4,12,1,16,volatile_first_last_byte,batch,64,Binned,6,3,1024,2048,115700,112.98828125,256,256,16384,1,256,16384,16384,65536,12288,1,0,0,0,0,0,0,0,0,8
1789569966192,"Windows x64","MSVC195136257","Intel64 Family 6 Model 142 Stepping 12, GenuineIntel",8,12345,256,4,12,1,16,volatile_first_last_byte,batch,64,Binned,7,2,1024,2048,113900,111.23046875,256,256,16384,1,256,16384,16384,65536,12288,1,0,0,0,0,0,0,0,0,8
1789569966192,"Windows x64","MSVC195136257","Intel64 Family 6 Model 142 Stepping 12, GenuineIntel",8,12345,256,4,12,1,16,volatile_first_last_byte,batch,64,Binned,8,3,1024,2048,115500,112.79296875,256,256,16384,1,256,16384,16384,65536,12288,1,0,0,0,0,0,0,0,0,8
1789569966192,"Windows x64","MSVC195136257","Intel64 Family 6 Model 142 Stepping 12, GenuineIntel",8,12345,256,4,12,1,16,volatile_first_last_byte,batch,64,Binned,9,2,1024,2048,115900,113.18359375,256,256,16384,1,256,16384,16384,65536,12288,1,0,0,0,0,0,0,0,0,8
1789569966192,"Windows x64","MSVC195136257","Intel64 Family 6 Model 142 Stepping 12, GenuineIntel",8,12345,256,4,12,1,16,volatile_first_last_byte,batch,64,Binned,10,1,1024,2048,114300,111.62109375,256,256,16384,1,256,16384,16384,65536,12288,1,0,0,0,0,0,0,0,0,8
1789569966192,"Windows x64","MSVC195136257","Intel64 Family 6 Model 142 Stepping 12, GenuineIntel",8,12345,256,4,12,1,16,volatile_first_last_byte,batch,64,Binned,11,1,1024,2048,113600,110.9375,256,256,16384,1,256,16384,16384,65536,12288,1,0,0,0,0,0,0,0,0,8
1789569966192,"Windows x64","MSVC195136257","Intel64 Family 6 Model 142 Stepping 12, GenuineIntel",8,12345,256,4,12,1,16,volatile_first_last_byte,batch,64,Binned,12,3,1024,2048,116100,113.37890625,256,256,16384,1,256,16384,16384,65536,12288,1,0,0,0,0,0,0,0,0,8
1789569966192,"Windows x64","MSVC195136257","Intel64 Family 6 Model 142 Stepping 12, GenuineIntel",8,12345,256,4,12,1,16,volatile_first_last_byte,immediate,256,CRT,1,1,1024,2048,58700,57.32421875,1,1,256,0,,,,,,,,,,,,,,,
1789569966192,"Windows x64","MSVC195136257","Intel64 Family 6 Model 142 Stepping 12, GenuineIntel",8,12345,256,4,12,1,16,volatile_first_last_byte,immediate,256,CRT,2,3,1024,2048,94200,91.9921875,1,1,256,0,,,,,,,,,,,,,,,
1789569966192,"Windows x64","MSVC195136257","Intel64 Family 6 Model 142 Stepping 12, GenuineIntel",8,12345,256,4,12,1,16,volatile_first_last_byte,immediate,256,CRT,3,2,1024,2048,92700,90.52734375,1,1,256,0,,,,,,,,,,,,,,,
1789569966192,"Windows x64","MSVC195136257","Intel64 Family 6 Model 142 Stepping 12, GenuineIntel",8,12345,256,4,12,1,16,volatile_first_last_byte,immediate,256,CRT,4,3,1024,2048,172200,168.1640625,1,1,256,0,,,,,,,,,,,,,,,
1789569966192,"Windows x64","MSVC195136257","Intel64 Family 6 Model 142 Stepping 12, GenuineIntel",8,12345,256,4,12,1,16,volatile_first_last_byte,immediate,256,CRT,5,2,1024,2048,102300,99.90234375,1,1,256,0,,,,,,,,,,,,,,,
1789569966192,"Windows x64","MSVC195136257","Intel64 Family 6 Model 142 Stepping 12, GenuineIntel",8,12345,256,4,12,1,16,volatile_first_last_byte,immediate,256,CRT,6,1,1024,2048,106900,104.39453125,1,1,256,0,,,,,,,,,,,,,,,
1789569966192,"Windows x64","MSVC195136257","Intel64 Family 6 Model 142 Stepping 12, GenuineIntel",8,12345,256,4,12,1,16,volatile_first_last_byte,immediate,256,CRT,7,1,1024,2048,95800,93.5546875,1,1,256,0,,,,,,,,,,,,,,,
1789569966192,"Windows x64","MSVC195136257","Intel64 Family 6 Model 142 Stepping 12, GenuineIntel",8,12345,256,4,12,1,16,volatile_first_last_byte,immediate,256,CRT,8,3,1024,2048,60500,59.08203125,1,1,256,0,,,,,,,,,,,,,,,
1789569966192,"Windows x64","MSVC195136257","Intel64 Family 6 Model 142 Stepping 12, GenuineIntel",8,12345,256,4,12,1,16,volatile_first_last_byte,immediate,256,CRT,9,2,1024,2048,60800,59.375,1,1,256,0,,,,,,,,,,,,,,,
1789569966192,"Windows x64","MSVC195136257","Intel64 Family 6 Model 142 Stepping 12, GenuineIntel",8,12345,256,4,12,1,16,volatile_first_last_byte,immediate,256,CRT,10,3,1024,2048,59100,57.71484375,1,1,256,0,,,,,,,,,,,,,,,
1789569966192,"Windows x64","MSVC195136257","Intel64 Family 6 Model 142 Stepping 12, GenuineIntel",8,12345,256,4,12,1,16,volatile_first_last_byte,immediate,256,CRT,11,2,1024,2048,58900,57.51953125,1,1,256,0,,,,,,,,,,,,,,,
1789569966192,"Windows x64","MSVC195136257","Intel64 Family 6 Model 142 Stepping 12, GenuineIntel",8,12345,256,4,12,1,16,volatile_first_last_byte,immediate,256,CRT,12,1,1024,2048,60600,59.1796875,1,1,256,0,,,,,,,,,,,,,,,
1789569966192,"Windows x64","MSVC195136257","Intel64 Family 6 Model 142 Stepping 12, GenuineIntel",8,12345,256,4,12,1,16,volatile_first_last_byte,immediate,256,System,1,2,1024,2048,62000,60.546875,1,1,256,0,,,,,,,,,,,,,,,
1789569966192,"Windows x64","MSVC195136257","Intel64 Family 6 Model 142 Stepping 12, GenuineIntel",8,12345,256,4,12,1,16,volatile_first_last_byte,immediate,256,System,2,1,1024,2048,93500,91.30859375,1,1,256,0,,,,,,,,,,,,,,,
1789569966192,"Windows x64","MSVC195136257","Intel64 Family 6 Model 142 Stepping 12, GenuineIntel",8,12345,256,4,12,1,16,volatile_first_last_byte,immediate,256,System,3,3,1024,2048,97300,95.01953125,1,1,256,0,,,,,,,,,,,,,,,
1789569966192,"Windows x64","MSVC195136257","Intel64 Family 6 Model 142 Stepping 12, GenuineIntel",8,12345,256,4,12,1,16,volatile_first_last_byte,immediate,256,System,4,2,1024,2048,106900,104.39453125,1,1,256,0,,,,,,,,,,,,,,,
1789569966192,"Windows x64","MSVC195136257","Intel64 Family 6 Model 142 Stepping 12, GenuineIntel",8,12345,256,4,12,1,16,volatile_first_last_byte,immediate,256,System,5,1,1024,2048,113600,110.9375,1,1,256,0,,,,,,,,,,,,,,,
1789569966192,"Windows x64","MSVC195136257","Intel64 Family 6 Model 142 Stepping 12, GenuineIntel",8,12345,256,4,12,1,16,volatile_first_last_byte,immediate,256,System,6,3,1024,2048,118400,115.625,1,1,256,0,,,,,,,,,,,,,,,
1789569966192,"Windows x64","MSVC195136257","Intel64 Family 6 Model 142 Stepping 12, GenuineIntel",8,12345,256,4,12,1,16,volatile_first_last_byte,immediate,256,System,7,2,1024,2048,118500,115.72265625,1,1,256,0,,,,,,,,,,,,,,,
1789569966192,"Windows x64","MSVC195136257","Intel64 Family 6 Model 142 Stepping 12, GenuineIntel",8,12345,256,4,12,1,16,volatile_first_last_byte,immediate,256,System,8,1,1024,2048,114200,111.5234375,1,1,256,0,,,,,,,,,,,,,,,
1789569966192,"Windows x64","MSVC195136257","Intel64 Family 6 Model 142 Stepping 12, GenuineIntel",8,12345,256,4,12,1,16,volatile_first_last_byte,immediate,256,System,9,3,1024,2048,63800,62.3046875,1,1,256,0,,,,,,,,,,,,,,,
1789569966192,"Windows x64","MSVC195136257","Intel64 Family 6 Model 142 Stepping 12, GenuineIntel",8,12345,256,4,12,1,16,volatile_first_last_byte,immediate,256,System,10,2,1024,2048,66400,64.84375,1,1,256,0,,,,,,,,,,,,,,,
1789569966192,"Windows x64","MSVC195136257","Intel64 Family 6 Model 142 Stepping 12, GenuineIntel",8,12345,256,4,12,1,16,volatile_first_last_byte,immediate,256,System,11,1,1024,2048,63400,61.9140625,1,1,256,0,,,,,,,,,,,,,,,
1789569966192,"Windows x64","MSVC195136257","Intel64 Family 6 Model 142 Stepping 12, GenuineIntel",8,12345,256,4,12,1,16,volatile_first_last_byte,immediate,256,System,12,3,1024,2048,66900,65.33203125,1,1,256,0,,,,,,,,,,,,,,,
1789569966192,"Windows x64","MSVC195136257","Intel64 Family 6 Model 142 Stepping 12, GenuineIntel",8,12345,256,4,12,1,16,volatile_first_last_byte,immediate,256,Binned,1,3,1024,2048,11596400,11324.609375,1,1,256,1,1,256,256,65536,4096,1,0,0,0,0,0,0,0,0,2048
1789569966192,"Windows x64","MSVC195136257","Intel64 Family 6 Model 142 Stepping 12, GenuineIntel",8,12345,256,4,12,1,16,volatile_first_last_byte,immediate,256,Binned,2,2,1024,2048,12324000,12035.15625,1,1,256,1,1,256,256,65536,4096,1,0,0,0,0,0,0,0,0,2048
1789569966192,"Windows x64","MSVC195136257","Intel64 Family 6 Model 142 Stepping 12, GenuineIntel",8,12345,256,4,12,1,16,volatile_first_last_byte,immediate,256,Binned,3,1,1024,2048,17481200,17071.484375,1,1,256,1,1,256,256,65536,4096,1,0,0,0,0,0,0,0,0,2048
1789569966192,"Windows x64","MSVC195136257","Intel64 Family 6 Model 142 Stepping 12, GenuineIntel",8,12345,256,4,12,1,16,volatile_first_last_byte,immediate,256,Binned,4,1,1024,2048,17784400,17367.578125,1,1,256,1,1,256,256,65536,4096,1,0,0,0,0,0,0,0,0,2048
1789569966192,"Windows x64","MSVC195136257","Intel64 Family 6 Model 142 Stepping 12, GenuineIntel",8,12345,256,4,12,1,16,volatile_first_last_byte,immediate,256,Binned,5,3,1024,2048,18038500,17615.72265625,1,1,256,1,1,256,256,65536,4096,1,0,0,0,0,0,0,0,0,2048
1789569966192,"Windows x64","MSVC195136257","Intel64 Family 6 Model 142 Stepping 12, GenuineIntel",8,12345,256,4,12,1,16,volatile_first_last_byte,immediate,256,Binned,6,2,1024,2048,17895000,17475.5859375,1,1,256,1,1,256,256,65536,4096,1,0,0,0,0,0,0,0,0,2048
1789569966192,"Windows x64","MSVC195136257","Intel64 Family 6 Model 142 Stepping 12, GenuineIntel",8,12345,256,4,12,1,16,volatile_first_last_byte,immediate,256,Binned,7,3,1024,2048,17969200,17548.046875,1,1,256,1,1,256,256,65536,4096,1,0,0,0,0,0,0,0,0,2048
1789569966192,"Windows x64","MSVC195136257","Intel64 Family 6 Model 142 Stepping 12, GenuineIntel",8,12345,256,4,12,1,16,volatile_first_last_byte,immediate,256,Binned,8,2,1024,2048,12456700,12164.74609375,1,1,256,1,1,256,256,65536,4096,1,0,0,0,0,0,0,0,0,2048
1789569966192,"Windows x64","MSVC195136257","Intel64 Family 6 Model 142 Stepping 12, GenuineIntel",8,12345,256,4,12,1,16,volatile_first_last_byte,immediate,256,Binned,9,1,1024,2048,11537900,11267.48046875,1,1,256,1,1,256,256,65536,4096,1,0,0,0,0,0,0,0,0,2048
1789569966192,"Windows x64","MSVC195136257","Intel64 Family 6 Model 142 Stepping 12, GenuineIntel",8,12345,256,4,12,1,16,volatile_first_last_byte,immediate,256,Binned,10,1,1024,2048,11378000,11111.328125,1,1,256,1,1,256,256,65536,4096,1,0,0,0,0,0,0,0,0,2048
1789569966192,"Windows x64","MSVC195136257","Intel64 Family 6 Model 142 Stepping 12, GenuineIntel",8,12345,256,4,12,1,16,volatile_first_last_byte,immediate,256,Binned,11,3,1024,2048,11344700,11078.80859375,1,1,256,1,1,256,256,65536,4096,1,0,0,0,0,0,0,0,0,2048
1789569966192,"Windows x64","MSVC195136257","Intel64 Family 6 Model 142 Stepping 12, GenuineIntel",8,12345,256,4,12,1,16,volatile_first_last_byte,immediate,256,Binned,12,2,1024,2048,11456600,11188.0859375,1,1,256,1,1,256,256,65536,4096,1,0,0,0,0,0,0,0,0,2048
1789569966192,"Windows x64","MSVC195136257","Intel64 Family 6 Model 142 Stepping 12, GenuineIntel",8,12345,256,4,12,1,16,volatile_first_last_byte,batch,256,CRT,1,3,1024,2048,86200,84.1796875,256,256,65536,0,,,,,,,,,,,,,,,
1789569966192,"Windows x64","MSVC195136257","Intel64 Family 6 Model 142 Stepping 12, GenuineIntel",8,12345,256,4,12,1,16,volatile_first_last_byte,batch,256,CRT,2,2,1024,2048,186800,182.421875,256,256,65536,0,,,,,,,,,,,,,,,
1789569966192,"Windows x64","MSVC195136257","Intel64 Family 6 Model 142 Stepping 12, GenuineIntel",8,12345,256,4,12,1,16,volatile_first_last_byte,batch,256,CRT,3,3,1024,2048,106100,103.61328125,256,256,65536,0,,,,,,,,,,,,,,,
1789569966192,"Windows x64","MSVC195136257","Intel64 Family 6 Model 142 Stepping 12, GenuineIntel",8,12345,256,4,12,1,16,volatile_first_last_byte,batch,256,CRT,4,2,1024,2048,104900,102.44140625,256,256,65536,0,,,,,,,,,,,,,,,
1789569966192,"Windows x64","MSVC195136257","Intel64 Family 6 Model 142 Stepping 12, GenuineIntel",8,12345,256,4,12,1,16,volatile_first_last_byte,batch,256,CRT,5,1,1024,2048,82600,80.6640625,256,256,65536,0,,,,,,,,,,,,,,,
1789569966192,"Windows x64","MSVC195136257","Intel64 Family 6 Model 142 Stepping 12, GenuineIntel",8,12345,256,4,12,1,16,volatile_first_last_byte,batch,256,CRT,6,1,1024,2048,103900,101.46484375,256,256,65536,0,,,,,,,,,,,,,,,
1789569966192,"Windows x64","MSVC195136257","Intel64 Family 6 Model 142 Stepping 12, GenuineIntel",8,12345,256,4,12,1,16,volatile_first_last_byte,batch,256,CRT,7,3,1024,2048,113400,110.7421875,256,256,65536,0,,,,,,,,,,,,,,,
1789569966192,"Windows x64","MSVC195136257","Intel64 Family 6 Model 142 Stepping 12, GenuineIntel",8,12345,256,4,12,1,16,volatile_first_last_byte,batch,256,CRT,8,2,1024,2048,81700,79.78515625,256,256,65536,0,,,,,,,,,,,,,,,
1789569966192,"Windows x64","MSVC195136257","Intel64 Family 6 Model 142 Stepping 12, GenuineIntel",8,12345,256,4,12,1,16,volatile_first_last_byte,batch,256,CRT,9,3,1024,2048,105100,102.63671875,256,256,65536,0,,,,,,,,,,,,,,,
1789569966192,"Windows x64","MSVC195136257","Intel64 Family 6 Model 142 Stepping 12, GenuineIntel",8,12345,256,4,12,1,16,volatile_first_last_byte,batch,256,CRT,10,2,1024,2048,107100,104.58984375,256,256,65536,0,,,,,,,,,,,,,,,
1789569966192,"Windows x64","MSVC195136257","Intel64 Family 6 Model 142 Stepping 12, GenuineIntel",8,12345,256,4,12,1,16,volatile_first_last_byte,batch,256,CRT,11,1,1024,2048,83600,81.640625,256,256,65536,0,,,,,,,,,,,,,,,
1789569966192,"Windows x64","MSVC195136257","Intel64 Family 6 Model 142 Stepping 12, GenuineIntel",8,12345,256,4,12,1,16,volatile_first_last_byte,batch,256,CRT,12,1,1024,2048,106300,103.80859375,256,256,65536,0,,,,,,,,,,,,,,,
1789569966192,"Windows x64","MSVC195136257","Intel64 Family 6 Model 142 Stepping 12, GenuineIntel",8,12345,256,4,12,1,16,volatile_first_last_byte,batch,256,System,1,1,1024,2048,94400,92.1875,256,256,65536,0,,,,,,,,,,,,,,,
1789569966192,"Windows x64","MSVC195136257","Intel64 Family 6 Model 142 Stepping 12, GenuineIntel",8,12345,256,4,12,1,16,volatile_first_last_byte,batch,256,System,2,3,1024,2048,98000,95.703125,256,256,65536,0,,,,,,,,,,,,,,,
1789569966192,"Windows x64","MSVC195136257","Intel64 Family 6 Model 142 Stepping 12, GenuineIntel",8,12345,256,4,12,1,16,volatile_first_last_byte,batch,256,System,3,2,1024,2048,123200,120.3125,256,256,65536,0,,,,,,,,,,,,,,,
1789569966192,"Windows x64","MSVC195136257","Intel64 Family 6 Model 142 Stepping 12, GenuineIntel",8,12345,256,4,12,1,16,volatile_first_last_byte,batch,256,System,4,1,1024,2048,94100,91.89453125,256,256,65536,0,,,,,,,,,,,,,,,
1789569966192,"Windows x64","MSVC195136257","Intel64 Family 6 Model 142 Stepping 12, GenuineIntel",8,12345,256,4,12,1,16,volatile_first_last_byte,batch,256,System,5,3,1024,2048,97900,95.60546875,256,256,65536,0,,,,,,,,,,,,,,,
1789569966192,"Windows x64","MSVC195136257","Intel64 Family 6 Model 142 Stepping 12, GenuineIntel",8,12345,256,4,12,1,16,volatile_first_last_byte,batch,256,System,6,2,1024,2048,94500,92.28515625,256,256,65536,0,,,,,,,,,,,,,,,
1789569966192,"Windows x64","MSVC195136257","Intel64 Family 6 Model 142 Stepping 12, GenuineIntel",8,12345,256,4,12,1,16,volatile_first_last_byte,batch,256,System,7,1,1024,2048,120600,117.7734375,256,256,65536,0,,,,,,,,,,,,,,,
1789569966192,"Windows x64","MSVC195136257","Intel64 Family 6 Model 142 Stepping 12, GenuineIntel",8,12345,256,4,12,1,16,volatile_first_last_byte,batch,256,System,8,3,1024,2048,95400,93.1640625,256,256,65536,0,,,,,,,,,,,,,,,
1789569966192,"Windows x64","MSVC195136257","Intel64 Family 6 Model 142 Stepping 12, GenuineIntel",8,12345,256,4,12,1,16,volatile_first_last_byte,batch,256,System,9,2,1024,2048,119800,116.9921875,256,256,65536,0,,,,,,,,,,,,,,,
1789569966192,"Windows x64","MSVC195136257","Intel64 Family 6 Model 142 Stepping 12, GenuineIntel",8,12345,256,4,12,1,16,volatile_first_last_byte,batch,256,System,10,1,1024,2048,95200,92.96875,256,256,65536,0,,,,,,,,,,,,,,,
1789569966192,"Windows x64","MSVC195136257","Intel64 Family 6 Model 142 Stepping 12, GenuineIntel",8,12345,256,4,12,1,16,volatile_first_last_byte,batch,256,System,11,3,1024,2048,98300,95.99609375,256,256,65536,0,,,,,,,,,,,,,,,
1789569966192,"Windows x64","MSVC195136257","Intel64 Family 6 Model 142 Stepping 12, GenuineIntel",8,12345,256,4,12,1,16,volatile_first_last_byte,batch,256,System,12,2,1024,2048,94900,92.67578125,256,256,65536,0,,,,,,,,,,,,,,,
1789569966192,"Windows x64","MSVC195136257","Intel64 Family 6 Model 142 Stepping 12, GenuineIntel",8,12345,256,4,12,1,16,volatile_first_last_byte,batch,256,Binned,1,2,1024,2048,200500,195.80078125,256,256,65536,1,256,65536,65536,65536,4096,1,0,0,0,0,0,0,0,0,8
1789569966192,"Windows x64","MSVC195136257","Intel64 Family 6 Model 142 Stepping 12, GenuineIntel",8,12345,256,4,12,1,16,volatile_first_last_byte,batch,256,Binned,2,1,1024,2048,190600,186.1328125,256,256,65536,1,256,65536,65536,65536,4096,1,0,0,0,0,0,0,0,0,8
1789569966192,"Windows x64","MSVC195136257","Intel64 Family 6 Model 142 Stepping 12, GenuineIntel",8,12345,256,4,12,1,16,volatile_first_last_byte,batch,256,Binned,3,1,1024,2048,189200,184.765625,256,256,65536,1,256,65536,65536,65536,4096,1,0,0,0,0,0,0,0,0,8
1789569966192,"Windows x64","MSVC195136257","Intel64 Family 6 Model 142 Stepping 12, GenuineIntel",8,12345,256,4,12,1,16,volatile_first_last_byte,batch,256,Binned,4,3,1024,2048,184800,180.46875,256,256,65536,1,256,65536,65536,65536,4096,1,0,0,0,0,0,0,0,0,8
1789569966192,"Windows x64","MSVC195136257","Intel64 Family 6 Model 142 Stepping 12, GenuineIntel",8,12345,256,4,12,1,16,volatile_first_last_byte,batch,256,Binned,5,2,1024,2048,181800,177.5390625,256,256,65536,1,256,65536,65536,65536,4096,1,0,0,0,0,0,0,0,0,8
1789569966192,"Windows x64","MSVC195136257","Intel64 Family 6 Model 142 Stepping 12, GenuineIntel",8,12345,256,4,12,1,16,volatile_first_last_byte,batch,256,Binned,6,3,1024,2048,179900,175.68359375,256,256,65536,1,256,65536,65536,65536,4096,1,0,0,0,0,0,0,0,0,8
1789569966192,"Windows x64","MSVC195136257","Intel64 Family 6 Model 142 Stepping 12, GenuineIntel",8,12345,256,4,12,1,16,volatile_first_last_byte,batch,256,Binned,7,2,1024,2048,179000,174.8046875,256,256,65536,1,256,65536,65536,65536,4096,1,0,0,0,0,0,0,0,0,8
1789569966192,"Windows x64","MSVC195136257","Intel64 Family 6 Model 142 Stepping 12, GenuineIntel",8,12345,256,4,12,1,16,volatile_first_last_byte,batch,256,Binned,8,1,1024,2048,181600,177.34375,256,256,65536,1,256,65536,65536,65536,4096,1,0,0,0,0,0,0,0,0,8
1789569966192,"Windows x64","MSVC195136257","Intel64 Family 6 Model 142 Stepping 12, GenuineIntel",8,12345,256,4,12,1,16,volatile_first_last_byte,batch,256,Binned,9,1,1024,2048,180300,176.07421875,256,256,65536,1,256,65536,65536,65536,4096,1,0,0,0,0,0,0,0,0,8
1789569966192,"Windows x64","MSVC195136257","Intel64 Family 6 Model 142 Stepping 12, GenuineIntel",8,12345,256,4,12,1,16,volatile_first_last_byte,batch,256,Binned,10,3,1024,2048,181900,177.63671875,256,256,65536,1,256,65536,65536,65536,4096,1,0,0,0,0,0,0,0,0,8
1789569966192,"Windows x64","MSVC195136257","Intel64 Family 6 Model 142 Stepping 12, GenuineIntel",8,12345,256,4,12,1,16,volatile_first_last_byte,batch,256,Binned,11,2,1024,2048,181800,177.5390625,256,256,65536,1,256,65536,65536,65536,4096,1,0,0,0,0,0,0,0,0,8
1789569966192,"Windows x64","MSVC195136257","Intel64 Family 6 Model 142 Stepping 12, GenuineIntel",8,12345,256,4,12,1,16,volatile_first_last_byte,batch,256,Binned,12,3,1024,2048,190900,186.42578125,256,256,65536,1,256,65536,65536,65536,4096,1,0,0,0,0,0,0,0,0,8
1789569966192,"Windows x64","MSVC195136257","Intel64 Family 6 Model 142 Stepping 12, GenuineIntel",8,12345,256,4,12,1,16,volatile_first_last_byte,immediate,1024,CRT,1,2,1024,2048,61400,59.9609375,1,1,1024,0,,,,,,,,,,,,,,,
1789569966192,"Windows x64","MSVC195136257","Intel64 Family 6 Model 142 Stepping 12, GenuineIntel",8,12345,256,4,12,1,16,volatile_first_last_byte,immediate,1024,CRT,2,3,1024,2048,66800,65.234375,1,1,1024,0,,,,,,,,,,,,,,,
1789569966192,"Windows x64","MSVC195136257","Intel64 Family 6 Model 142 Stepping 12, GenuineIntel",8,12345,256,4,12,1,16,volatile_first_last_byte,immediate,1024,CRT,3,2,1024,2048,58700,57.32421875,1,1,1024,0,,,,,,,,,,,,,,,
1789569966192,"Windows x64","MSVC195136257","Intel64 Family 6 Model 142 Stepping 12, GenuineIntel",8,12345,256,4,12,1,16,volatile_first_last_byte,immediate,1024,CRT,4,1,1024,2048,61000,59.5703125,1,1,1024,0,,,,,,,,,,,,,,,
1789569966192,"Windows x64","MSVC195136257","Intel64 Family 6 Model 142 Stepping 12, GenuineIntel",8,12345,256,4,12,1,16,volatile_first_last_byte,immediate,1024,CRT,5,1,1024,2048,59700,58.30078125,1,1,1024,0,,,,,,,,,,,,,,,
1789569966192,"Windows x64","MSVC195136257","Intel64 Family 6 Model 142 Stepping 12, GenuineIntel",8,12345,256,4,12,1,16,volatile_first_last_byte,immediate,1024,CRT,6,3,1024,2048,61400,59.9609375,1,1,1024,0,,,,,,,,,,,,,,,
1789569966192,"Windows x64","MSVC195136257","Intel64 Family 6 Model 142 Stepping 12, GenuineIntel",8,12345,256,4,12,1,16,volatile_first_last_byte,immediate,1024,CRT,7,2,1024,2048,62300,60.83984375,1,1,1024,0,,,,,,,,,,,,,,,
1789569966192,"Windows x64","MSVC195136257","Intel64 Family 6 Model 142 Stepping 12, GenuineIntel",8,12345,256,4,12,1,16,volatile_first_last_byte,immediate,1024,CRT,8,3,1024,2048,59600,58.203125,1,1,1024,0,,,,,,,,,,,,,,,
1789569966192,"Windows x64","MSVC195136257","Intel64 Family 6 Model 142 Stepping 12, GenuineIntel",8,12345,256,4,12,1,16,volatile_first_last_byte,immediate,1024,CRT,9,2,1024,2048,58900,57.51953125,1,1,1024,0,,,,,,,,,,,,,,,
1789569966192,"Windows x64","MSVC195136257","Intel64 Family 6 Model 142 Stepping 12, GenuineIntel",8,12345,256,4,12,1,16,volatile_first_last_byte,immediate,1024,CRT,10,1,1024,2048,61300,59.86328125,1,1,1024,0,,,,,,,,,,,,,,,
1789569966192,"Windows x64","MSVC195136257","Intel64 Family 6 Model 142 Stepping 12, GenuineIntel",8,12345,256,4,12,1,16,volatile_first_last_byte,immediate,1024,CRT,11,1,1024,2048,59800,58.3984375,1,1,1024,0,,,,,,,,,,,,,,,
1789569966192,"Windows x64","MSVC195136257","Intel64 Family 6 Model 142 Stepping 12, GenuineIntel",8,12345,256,4,12,1,16,volatile_first_last_byte,immediate,1024,CRT,12,3,1024,2048,61300,59.86328125,1,1,1024,0,,,,,,,,,,,,,,,
1789569966192,"Windows x64","MSVC195136257","Intel64 Family 6 Model 142 Stepping 12, GenuineIntel",8,12345,256,4,12,1,16,volatile_first_last_byte,immediate,1024,System,1,3,1024,2048,73600,71.875,1,1,1024,0,,,,,,,,,,,,,,,
1789569966192,"Windows x64","MSVC195136257","Intel64 Family 6 Model 142 Stepping 12, GenuineIntel",8,12345,256,4,12,1,16,volatile_first_last_byte,immediate,1024,System,2,2,1024,2048,76100,74.31640625,1,1,1024,0,,,,,,,,,,,,,,,
1789569966192,"Windows x64","MSVC195136257","Intel64 Family 6 Model 142 Stepping 12, GenuineIntel",8,12345,256,4,12,1,16,volatile_first_last_byte,immediate,1024,System,3,1,1024,2048,73600,71.875,1,1,1024,0,,,,,,,,,,,,,,,
1789569966192,"Windows x64","MSVC195136257","Intel64 Family 6 Model 142 Stepping 12, GenuineIntel",8,12345,256,4,12,1,16,volatile_first_last_byte,immediate,1024,System,4,3,1024,2048,75800,74.0234375,1,1,1024,0,,,,,,,,,,,,,,,
1789569966192,"Windows x64","MSVC195136257","Intel64 Family 6 Model 142 Stepping 12, GenuineIntel",8,12345,256,4,12,1,16,volatile_first_last_byte,immediate,1024,System,5,2,1024,2048,73600,71.875,1,1,1024,0,,,,,,,,,,,,,,,
1789569966192,"Windows x64","MSVC195136257","Intel64 Family 6 Model 142 Stepping 12, GenuineIntel",8,12345,256,4,12,1,16,volatile_first_last_byte,immediate,1024,System,6,1,1024,2048,78700,76.85546875,1,1,1024,0,,,,,,,,,,,,,,,
1789569966192,"Windows x64","MSVC195136257","Intel64 Family 6 Model 142 Stepping 12, GenuineIntel",8,12345,256,4,12,1,16,volatile_first_last_byte,immediate,1024,System,7,3,1024,2048,74000,72.265625,1,1,1024,0,,,,,,,,,,,,,,,
1789569966192,"Windows x64","MSVC195136257","Intel64 Family 6 Model 142 Stepping 12, GenuineIntel",8,12345,256,4,12,1,16,volatile_first_last_byte,immediate,1024,System,8,2,1024,2048,83900,81.93359375,1,1,1024,0,,,,,,,,,,,,,,,
1789569966192,"Windows x64","MSVC195136257","Intel64 Family 6 Model 142 Stepping 12, GenuineIntel",8,12345,256,4,12,1,16,volatile_first_last_byte,immediate,1024,System,9,1,1024,2048,72000,70.3125,1,1,1024,0,,,,,,,,,,,,,,,
1789569966192,"Windows x64","MSVC195136257","Intel64 Family 6 Model 142 Stepping 12, GenuineIntel",8,12345,256,4,12,1,16,volatile_first_last_byte,immediate,1024,System,10,3,1024,2048,75500,73.73046875,1,1,1024,0,,,,,,,,,,,,,,,
1789569966192,"Windows x64","MSVC195136257","Intel64 Family 6 Model 142 Stepping 12, GenuineIntel",8,12345,256,4,12,1,16,volatile_first_last_byte,immediate,1024,System,11,2,1024,2048,73500,71.77734375,1,1,1024,0,,,,,,,,,,,,,,,
1789569966192,"Windows x64","MSVC195136257","Intel64 Family 6 Model 142 Stepping 12, GenuineIntel",8,12345,256,4,12,1,16,volatile_first_last_byte,immediate,1024,System,12,1,1024,2048,75400,73.6328125,1,1,1024,0,,,,,,,,,,,,,,,
1789569966192,"Windows x64","MSVC195136257","Intel64 Family 6 Model 142 Stepping 12, GenuineIntel",8,12345,256,4,12,1,16,volatile_first_last_byte,immediate,1024,Binned,1,1,1024,2048,11648500,11375.48828125,1,1,1024,1,1,1024,1024,65536,4096,1,0,0,0,0,0,0,0,0,2048
1789569966192,"Windows x64","MSVC195136257","Intel64 Family 6 Model 142 Stepping 12, GenuineIntel",8,12345,256,4,12,1,16,volatile_first_last_byte,immediate,1024,Binned,2,1,1024,2048,11278500,11014.16015625,1,1,1024,1,1,1024,1024,65536,4096,1,0,0,0,0,0,0,0,0,2048
1789569966192,"Windows x64","MSVC195136257","Intel64 Family 6 Model 142 Stepping 12, GenuineIntel",8,12345,256,4,12,1,16,volatile_first_last_byte,immediate,1024,Binned,3,3,1024,2048,11084900,10825.09765625,1,1,1024,1,1,1024,1024,65536,4096,1,0,0,0,0,0,0,0,0,2048
1789569966192,"Windows x64","MSVC195136257","Intel64 Family 6 Model 142 Stepping 12, GenuineIntel",8,12345,256,4,12,1,16,volatile_first_last_byte,immediate,1024,Binned,4,2,1024,2048,13168200,12859.5703125,1,1,1024,1,1,1024,1024,65536,4096,1,0,0,0,0,0,0,0,0,2048
1789569966192,"Windows x64","MSVC195136257","Intel64 Family 6 Model 142 Stepping 12, GenuineIntel",8,12345,256,4,12,1,16,volatile_first_last_byte,immediate,1024,Binned,5,3,1024,2048,13021900,12716.69921875,1,1,1024,1,1,1024,1024,65536,4096,1,0,0,0,0,0,0,0,0,2048
1789569966192,"Windows x64","MSVC195136257","Intel64 Family 6 Model 142 Stepping 12, GenuineIntel",8,12345,256,4,12,1,16,volatile_first_last_byte,immediate,1024,Binned,6,2,1024,2048,12730300,12431.93359375,1,1,1024,1,1,1024,1024,65536,4096,1,0,0,0,0,0,0,0,0,2048
1789569966192,"Windows x64","MSVC195136257","Intel64 Family 6 Model 142 Stepping 12, GenuineIntel",8,12345,256,4,12,1,16,volatile_first_last_byte,immediate,1024,Binned,7,1,1024,2048,11136100,10875.09765625,1,1,1024,1,1,1024,1024,65536,4096,1,0,0,0,0,0,0,0,0,2048
1789569966192,"Windows x64","MSVC195136257","Intel64 Family 6 Model 142 Stepping 12, GenuineIntel",8,12345,256,4,12,1,16,volatile_first_last_byte,immediate,1024,Binned,8,1,1024,2048,11272700,11008.49609375,1,1,1024,1,1,1024,1024,65536,4096,1,0,0,0,0,0,0,0,0,2048
1789569966192,"Windows x64","MSVC195136257","Intel64 Family 6 Model 142 Stepping 12, GenuineIntel",8,12345,256,4,12,1,16,volatile_first_last_byte,immediate,1024,Binned,9,3,1024,2048,11150700,10889.35546875,1,1,1024,1,1,1024,1024,65536,4096,1,0,0,0,0,0,0,0,0,2048
1789569966192,"Windows x64","MSVC195136257","Intel64 Family 6 Model 142 Stepping 12, GenuineIntel",8,12345,256,4,12,1,16,volatile_first_last_byte,immediate,1024,Binned,10,2,1024,2048,11057900,10798.73046875,1,1,1024,1,1,1024,1024,65536,4096,1,0,0,0,0,0,0,0,0,2048
1789569966192,"Windows x64","MSVC195136257","Intel64 Family 6 Model 142 Stepping 12, GenuineIntel",8,12345,256,4,12,1,16,volatile_first_last_byte,immediate,1024,Binned,11,3,1024,2048,11054200,10795.1171875,1,1,1024,1,1,1024,1024,65536,4096,1,0,0,0,0,0,0,0,0,2048
1789569966192,"Windows x64","MSVC195136257","Intel64 Family 6 Model 142 Stepping 12, GenuineIntel",8,12345,256,4,12,1,16,volatile_first_last_byte,immediate,1024,Binned,12,2,1024,2048,11197300,10934.86328125,1,1,1024,1,1,1024,1024,65536,4096,1,0,0,0,0,0,0,0,0,2048
1789569966192,"Windows x64","MSVC195136257","Intel64 Family 6 Model 142 Stepping 12, GenuineIntel",8,12345,256,4,12,1,16,volatile_first_last_byte,batch,1024,CRT,1,3,1024,2048,369100,360.44921875,256,256,262144,0,,,,,,,,,,,,,,,
1789569966192,"Windows x64","MSVC195136257","Intel64 Family 6 Model 142 Stepping 12, GenuineIntel",8,12345,256,4,12,1,16,volatile_first_last_byte,batch,1024,CRT,2,2,1024,2048,385800,376.7578125,256,256,262144,0,,,,,,,,,,,,,,,
1789569966192,"Windows x64","MSVC195136257","Intel64 Family 6 Model 142 Stepping 12, GenuineIntel",8,12345,256,4,12,1,16,volatile_first_last_byte,batch,1024,CRT,3,1,1024,2048,440700,430.37109375,256,256,262144,0,,,,,,,,,,,,,,,
1789569966192,"Windows x64","MSVC195136257","Intel64 Family 6 Model 142 Stepping 12, GenuineIntel",8,12345,256,4,12,1,16,volatile_first_last_byte,batch,1024,CRT,4,1,1024,2048,361600,353.125,256,256,262144,0,,,,,,,,,,,,,,,
1789569966192,"Windows x64","MSVC195136257","Intel64 Family 6 Model 142 Stepping 12, GenuineIntel",8,12345,256,4,12,1,16,volatile_first_last_byte,batch,1024,CRT,5,3,1024,2048,370400,361.71875,256,256,262144,0,,,,,,,,,,,,,,,
1789569966192,"Windows x64","MSVC195136257","Intel64 Family 6 Model 142 Stepping 12, GenuineIntel",8,12345,256,4,12,1,16,volatile_first_last_byte,batch,1024,CRT,6,2,1024,2048,363400,354.8828125,256,256,262144,0,,,,,,,,,,,,,,,
1789569966192,"Windows x64","MSVC195136257","Intel64 Family 6 Model 142 Stepping 12, GenuineIntel",8,12345,256,4,12,1,16,volatile_first_last_byte,batch,1024,CRT,7,3,1024,2048,349600,341.40625,256,256,262144,0,,,,,,,,,,,,,,,
1789569966192,"Windows x64","MSVC195136257","Intel64 Family 6 Model 142 Stepping 12, GenuineIntel",8,12345,256,4,12,1,16,volatile_first_last_byte,batch,1024,CRT,8,2,1024,2048,356000,347.65625,256,256,262144,0,,,,,,,,,,,,,,,
1789569966192,"Windows x64","MSVC195136257","Intel64 Family 6 Model 142 Stepping 12, GenuineIntel",8,12345,256,4,12,1,16,volatile_first_last_byte,batch,1024,CRT,9,1,1024,2048,365100,356.54296875,256,256,262144,0,,,,,,,,,,,,,,,
1789569966192,"Windows x64","MSVC195136257","Intel64 Family 6 Model 142 Stepping 12, GenuineIntel",8,12345,256,4,12,1,16,volatile_first_last_byte,batch,1024,CRT,10,1,1024,2048,357200,348.828125,256,256,262144,0,,,,,,,,,,,,,,,
1789569966192,"Windows x64","MSVC195136257","Intel64 Family 6 Model 142 Stepping 12, GenuineIntel",8,12345,256,4,12,1,16,volatile_first_last_byte,batch,1024,CRT,11,3,1024,2048,356100,347.75390625,256,256,262144,0,,,,,,,,,,,,,,,
1789569966192,"Windows x64","MSVC195136257","Intel64 Family 6 Model 142 Stepping 12, GenuineIntel",8,12345,256,4,12,1,16,volatile_first_last_byte,batch,1024,CRT,12,2,1024,2048,360500,352.05078125,256,256,262144,0,,,,,,,,,,,,,,,
1789569966192,"Windows x64","MSVC195136257","Intel64 Family 6 Model 142 Stepping 12, GenuineIntel",8,12345,256,4,12,1,16,volatile_first_last_byte,batch,1024,System,1,2,1024,2048,503200,491.40625,256,256,262144,0,,,,,,,,,,,,,,,
1789569966192,"Windows x64","MSVC195136257","Intel64 Family 6 Model 142 Stepping 12, GenuineIntel",8,12345,256,4,12,1,16,volatile_first_last_byte,batch,1024,System,2,1,1024,2048,430100,420.01953125,256,256,262144,0,,,,,,,,,,,,,,,
1789569966192,"Windows x64","MSVC195136257","Intel64 Family 6 Model 142 Stepping 12, GenuineIntel",8,12345,256,4,12,1,16,volatile_first_last_byte,batch,1024,System,3,3,1024,2048,524200,511.9140625,256,256,262144,0,,,,,,,,,,,,,,,
1789569966192,"Windows x64","MSVC195136257","Intel64 Family 6 Model 142 Stepping 12, GenuineIntel",8,12345,256,4,12,1,16,volatile_first_last_byte,batch,1024,System,4,2,1024,2048,436500,426.26953125,256,256,262144,0,,,,,,,,,,,,,,,
1789569966192,"Windows x64","MSVC195136257","Intel64 Family 6 Model 142 Stepping 12, GenuineIntel",8,12345,256,4,12,1,16,volatile_first_last_byte,batch,1024,System,5,1,1024,2048,494300,482.71484375,256,256,262144,0,,,,,,,,,,,,,,,
1789569966192,"Windows x64","MSVC195136257","Intel64 Family 6 Model 142 Stepping 12, GenuineIntel",8,12345,256,4,12,1,16,volatile_first_last_byte,batch,1024,System,6,3,1024,2048,480000,468.75,256,256,262144,0,,,,,,,,,,,,,,,
1789569966192,"Windows x64","MSVC195136257","Intel64 Family 6 Model 142 Stepping 12, GenuineIntel",8,12345,256,4,12,1,16,volatile_first_last_byte,batch,1024,System,7,2,1024,2048,457000,446.2890625,256,256,262144,0,,,,,,,,,,,,,,,
1789569966192,"Windows x64","MSVC195136257","Intel64 Family 6 Model 142 Stepping 12, GenuineIntel",8,12345,256,4,12,1,16,volatile_first_last_byte,batch,1024,System,8,1,1024,2048,400600,391.2109375,256,256,262144,0,,,,,,,,,,,,,,,
1789569966192,"Windows x64","MSVC195136257","Intel64 Family 6 Model 142 Stepping 12, GenuineIntel",8,12345,256,4,12,1,16,volatile_first_last_byte,batch,1024,System,9,3,1024,2048,476100,464.94140625,256,256,262144,0,,,,,,,,,,,,,,,
1789569966192,"Windows x64","MSVC195136257","Intel64 Family 6 Model 142 Stepping 12, GenuineIntel",8,12345,256,4,12,1,16,volatile_first_last_byte,batch,1024,System,10,2,1024,2048,401000,391.6015625,256,256,262144,0,,,,,,,,,,,,,,,
1789569966192,"Windows x64","MSVC195136257","Intel64 Family 6 Model 142 Stepping 12, GenuineIntel",8,12345,256,4,12,1,16,volatile_first_last_byte,batch,1024,System,11,1,1024,2048,406100,396.58203125,256,256,262144,0,,,,,,,,,,,,,,,
1789569966192,"Windows x64","MSVC195136257","Intel64 Family 6 Model 142 Stepping 12, GenuineIntel",8,12345,256,4,12,1,16,volatile_first_last_byte,batch,1024,System,12,3,1024,2048,476600,465.4296875,256,256,262144,0,,,,,,,,,,,,,,,
1789569966192,"Windows x64","MSVC195136257","Intel64 Family 6 Model 142 Stepping 12, GenuineIntel",8,12345,256,4,12,1,16,volatile_first_last_byte,batch,1024,Binned,1,1,1024,2048,522900,510.64453125,256,256,262144,1,256,262144,262144,262144,16384,4,0,0,0,0,0,0,0,0,32
1789569966192,"Windows x64","MSVC195136257","Intel64 Family 6 Model 142 Stepping 12, GenuineIntel",8,12345,256,4,12,1,16,volatile_first_last_byte,batch,1024,Binned,2,3,1024,2048,530600,518.1640625,256,256,262144,1,256,262144,262144,262144,16384,4,0,0,0,0,0,0,0,0,32
1789569966192,"Windows x64","MSVC195136257","Intel64 Family 6 Model 142 Stepping 12, GenuineIntel",8,12345,256,4,12,1,16,volatile_first_last_byte,batch,1024,Binned,3,2,1024,2048,520200,508.0078125,256,256,262144,1,256,262144,262144,262144,16384,4,0,0,0,0,0,0,0,0,32
1789569966192,"Windows x64","MSVC195136257","Intel64 Family 6 Model 142 Stepping 12, GenuineIntel",8,12345,256,4,12,1,16,volatile_first_last_byte,batch,1024,Binned,4,3,1024,2048,577200,563.671875,256,256,262144,1,256,262144,262144,262144,16384,4,0,0,0,0,0,0,0,0,32
1789569966192,"Windows x64","MSVC195136257","Intel64 Family 6 Model 142 Stepping 12, GenuineIntel",8,12345,256,4,12,1,16,volatile_first_last_byte,batch,1024,Binned,5,2,1024,2048,753100,735.44921875,256,256,262144,1,256,262144,262144,262144,16384,4,0,0,0,0,0,0,0,0,32
1789569966192,"Windows x64","MSVC195136257","Intel64 Family 6 Model 142 Stepping 12, GenuineIntel",8,12345,256,4,12,1,16,volatile_first_last_byte,batch,1024,Binned,6,1,1024,2048,520200,508.0078125,256,256,262144,1,256,262144,262144,262144,16384,4,0,0,0,0,0,0,0,0,32
1789569966192,"Windows x64","MSVC195136257","Intel64 Family 6 Model 142 Stepping 12, GenuineIntel",8,12345,256,4,12,1,16,volatile_first_last_byte,batch,1024,Binned,7,1,1024,2048,531000,518.5546875,256,256,262144,1,256,262144,262144,262144,16384,4,0,0,0,0,0,0,0,0,32
1789569966192,"Windows x64","MSVC195136257","Intel64 Family 6 Model 142 Stepping 12, GenuineIntel",8,12345,256,4,12,1,16,volatile_first_last_byte,batch,1024,Binned,8,3,1024,2048,534200,521.6796875,256,256,262144,1,256,262144,262144,262144,16384,4,0,0,0,0,0,0,0,0,32
1789569966192,"Windows x64","MSVC195136257","Intel64 Family 6 Model 142 Stepping 12, GenuineIntel",8,12345,256,4,12,1,16,volatile_first_last_byte,batch,1024,Binned,9,2,1024,2048,519300,507.12890625,256,256,262144,1,256,262144,262144,262144,16384,4,0,0,0,0,0,0,0,0,32
1789569966192,"Windows x64","MSVC195136257","Intel64 Family 6 Model 142 Stepping 12, GenuineIntel",8,12345,256,4,12,1,16,volatile_first_last_byte,batch,1024,Binned,10,3,1024,2048,522500,510.25390625,256,256,262144,1,256,262144,262144,262144,16384,4,0,0,0,0,0,0,0,0,32
1789569966192,"Windows x64","MSVC195136257","Intel64 Family 6 Model 142 Stepping 12, GenuineIntel",8,12345,256,4,12,1,16,volatile_first_last_byte,batch,1024,Binned,11,2,1024,2048,528200,515.8203125,256,256,262144,1,256,262144,262144,262144,16384,4,0,0,0,0,0,0,0,0,32
1789569966192,"Windows x64","MSVC195136257","Intel64 Family 6 Model 142 Stepping 12, GenuineIntel",8,12345,256,4,12,1,16,volatile_first_last_byte,batch,1024,Binned,12,1,1024,2048,517600,505.46875,256,256,262144,1,256,262144,262144,262144,16384,4,0,0,0,0,0,0,0,0,32
1789569966192,"Windows x64","MSVC195136257","Intel64 Family 6 Model 142 Stepping 12, GenuineIntel",8,12345,256,4,12,1,16,volatile_first_last_byte,immediate,4096,CRT,1,2,1024,2048,59600,58.203125,1,1,4096,0,,,,,,,,,,,,,,,
1789569966192,"Windows x64","MSVC195136257","Intel64 Family 6 Model 142 Stepping 12, GenuineIntel",8,12345,256,4,12,1,16,volatile_first_last_byte,immediate,4096,CRT,2,1,1024,2048,58300,56.93359375,1,1,4096,0,,,,,,,,,,,,,,,
1789569966192,"Windows x64","MSVC195136257","Intel64 Family 6 Model 142 Stepping 12, GenuineIntel",8,12345,256,4,12,1,16,volatile_first_last_byte,immediate,4096,CRT,3,1,1024,2048,58100,56.73828125,1,1,4096,0,,,,,,,,,,,,,,,
1789569966192,"Windows x64","MSVC195136257","Intel64 Family 6 Model 142 Stepping 12, GenuineIntel",8,12345,256,4,12,1,16,volatile_first_last_byte,immediate,4096,CRT,4,3,1024,2048,58600,57.2265625,1,1,4096,0,,,,,,,,,,,,,,,
1789569966192,"Windows x64","MSVC195136257","Intel64 Family 6 Model 142 Stepping 12, GenuineIntel",8,12345,256,4,12,1,16,volatile_first_last_byte,immediate,4096,CRT,5,2,1024,2048,58700,57.32421875,1,1,4096,0,,,,,,,,,,,,,,,
1789569966192,"Windows x64","MSVC195136257","Intel64 Family 6 Model 142 Stepping 12, GenuineIntel",8,12345,256,4,12,1,16,volatile_first_last_byte,immediate,4096,CRT,6,3,1024,2048,57200,55.859375,1,1,4096,0,,,,,,,,,,,,,,,
1789569966192,"Windows x64","MSVC195136257","Intel64 Family 6 Model 142 Stepping 12, GenuineIntel",8,12345,256,4,12,1,16,volatile_first_last_byte,immediate,4096,CRT,7,2,1024,2048,57900,56.54296875,1,1,4096,0,,,,,,,,,,,,,,,
1789569966192,"Windows x64","MSVC195136257","Intel64 Family 6 Model 142 Stepping 12, GenuineIntel",8,12345,256,4,12,1,16,volatile_first_last_byte,immediate,4096,CRT,8,1,1024,2048,58800,57.421875,1,1,4096,0,,,,,,,,,,,,,,,
1789569966192,"Windows x64","MSVC195136257","Intel64 Family 6 Model 142 Stepping 12, GenuineIntel",8,12345,256,4,12,1,16,volatile_first_last_byte,immediate,4096,CRT,9,1,1024,2048,93500,91.30859375,1,1,4096,0,,,,,,,,,,,,,,,
1789569966192,"Windows x64","MSVC195136257","Intel64 Family 6 Model 142 Stepping 12, GenuineIntel",8,12345,256,4,12,1,16,volatile_first_last_byte,immediate,4096,CRT,10,3,1024,2048,58800,57.421875,1,1,4096,0,,,,,,,,,,,,,,,
1789569966192,"Windows x64","MSVC195136257","Intel64 Family 6 Model 142 Stepping 12, GenuineIntel",8,12345,256,4,12,1,16,volatile_first_last_byte,immediate,4096,CRT,11,2,1024,2048,58700,57.32421875,1,1,4096,0,,,,,,,,,,,,,,,
1789569966192,"Windows x64","MSVC195136257","Intel64 Family 6 Model 142 Stepping 12, GenuineIntel",8,12345,256,4,12,1,16,volatile_first_last_byte,immediate,4096,CRT,12,3,1024,2048,58000,56.640625,1,1,4096,0,,,,,,,,,,,,,,,
1789569966192,"Windows x64","MSVC195136257","Intel64 Family 6 Model 142 Stepping 12, GenuineIntel",8,12345,256,4,12,1,16,volatile_first_last_byte,immediate,4096,System,1,1,1024,2048,63800,62.3046875,1,1,4096,0,,,,,,,,,,,,,,,
1789569966192,"Windows x64","MSVC195136257","Intel64 Family 6 Model 142 Stepping 12, GenuineIntel",8,12345,256,4,12,1,16,volatile_first_last_byte,immediate,4096,System,2,3,1024,2048,61500,60.05859375,1,1,4096,0,,,,,,,,,,,,,,,
1789569966192,"Windows x64","MSVC195136257","Intel64 Family 6 Model 142 Stepping 12, GenuineIntel",8,12345,256,4,12,1,16,volatile_first_last_byte,immediate,4096,System,3,2,1024,2048,60900,59.47265625,1,1,4096,0,,,,,,,,,,,,,,,
1789569966192,"Windows x64","MSVC195136257","Intel64 Family 6 Model 142 Stepping 12, GenuineIntel",8,12345,256,4,12,1,16,volatile_first_last_byte,immediate,4096,System,4,1,1024,2048,61400,59.9609375,1,1,4096,0,,,,,,,,,,,,,,,
1789569966192,"Windows x64","MSVC195136257","Intel64 Family 6 Model 142 Stepping 12, GenuineIntel",8,12345,256,4,12,1,16,volatile_first_last_byte,immediate,4096,System,5,3,1024,2048,60300,58.88671875,1,1,4096,0,,,,,,,,,,,,,,,
1789569966192,"Windows x64","MSVC195136257","Intel64 Family 6 Model 142 Stepping 12, GenuineIntel",8,12345,256,4,12,1,16,volatile_first_last_byte,immediate,4096,System,6,2,1024,2048,61500,60.05859375,1,1,4096,0,,,,,,,,,,,,,,,
1789569966192,"Windows x64","MSVC195136257","Intel64 Family 6 Model 142 Stepping 12, GenuineIntel",8,12345,256,4,12,1,16,volatile_first_last_byte,immediate,4096,System,7,1,1024,2048,61100,59.66796875,1,1,4096,0,,,,,,,,,,,,,,,
1789569966192,"Windows x64","MSVC195136257","Intel64 Family 6 Model 142 Stepping 12, GenuineIntel",8,12345,256,4,12,1,16,volatile_first_last_byte,immediate,4096,System,8,3,1024,2048,100000,97.65625,1,1,4096,0,,,,,,,,,,,,,,,
1789569966192,"Windows x64","MSVC195136257","Intel64 Family 6 Model 142 Stepping 12, GenuineIntel",8,12345,256,4,12,1,16,volatile_first_last_byte,immediate,4096,System,9,2,1024,2048,94600,92.3828125,1,1,4096,0,,,,,,,,,,,,,,,
1789569966192,"Windows x64","MSVC195136257","Intel64 Family 6 Model 142 Stepping 12, GenuineIntel",8,12345,256,4,12,1,16,volatile_first_last_byte,immediate,4096,System,10,1,1024,2048,61800,60.3515625,1,1,4096,0,,,,,,,,,,,,,,,
1789569966192,"Windows x64","MSVC195136257","Intel64 Family 6 Model 142 Stepping 12, GenuineIntel",8,12345,256,4,12,1,16,volatile_first_last_byte,immediate,4096,System,11,3,1024,2048,60700,59.27734375,1,1,4096,0,,,,,,,,,,,,,,,
1789569966192,"Windows x64","MSVC195136257","Intel64 Family 6 Model 142 Stepping 12, GenuineIntel",8,12345,256,4,12,1,16,volatile_first_last_byte,immediate,4096,System,12,2,1024,2048,62500,61.03515625,1,1,4096,0,,,,,,,,,,,,,,,
1789569966192,"Windows x64","MSVC195136257","Intel64 Family 6 Model 142 Stepping 12, GenuineIntel",8,12345,256,4,12,1,16,volatile_first_last_byte,immediate,4096,Binned,1,3,1024,2048,8401900,8204.98046875,1,1,4096,1,1,4096,4096,65536,4096,1,0,0,0,0,0,0,0,0,2048
1789569966192,"Windows x64","MSVC195136257","Intel64 Family 6 Model 142 Stepping 12, GenuineIntel",8,12345,256,4,12,1,16,volatile_first_last_byte,immediate,4096,Binned,2,2,1024,2048,7739000,7557.6171875,1,1,4096,1,1,4096,4096,65536,4096,1,0,0,0,0,0,0,0,0,2048
1789569966192,"Windows x64","MSVC195136257","Intel64 Family 6 Model 142 Stepping 12, GenuineIntel",8,12345,256,4,12,1,16,volatile_first_last_byte,immediate,4096,Binned,3,3,1024,2048,7659000,7479.4921875,1,1,4096,1,1,4096,4096,65536,4096,1,0,0,0,0,0,0,0,0,2048
1789569966192,"Windows x64","MSVC195136257","Intel64 Family 6 Model 142 Stepping 12, GenuineIntel",8,12345,256,4,12,1,16,volatile_first_last_byte,immediate,4096,Binned,4,2,1024,2048,7715400,7534.5703125,1,1,4096,1,1,4096,4096,65536,4096,1,0,0,0,0,0,0,0,0,2048
1789569966192,"Windows x64","MSVC195136257","Intel64 Family 6 Model 142 Stepping 12, GenuineIntel",8,12345,256,4,12,1,16,volatile_first_last_byte,immediate,4096,Binned,5,1,1024,2048,7700500,7520.01953125,1,1,4096,1,1,4096,4096,65536,4096,1,0,0,0,0,0,0,0,0,2048
1789569966192,"Windows x64","MSVC195136257","Intel64 Family 6 Model 142 Stepping 12, GenuineIntel",8,12345,256,4,12,1,16,volatile_first_last_byte,immediate,4096,Binned,6,1,1024,2048,7741500,7560.05859375,1,1,4096,1,1,4096,4096,65536,4096,1,0,0,0,0,0,0,0,0,2048
1789569966192,"Windows x64","MSVC195136257","Intel64 Family 6 Model 142 Stepping 12, GenuineIntel",8,12345,256,4,12,1,16,volatile_first_last_byte,immediate,4096,Binned,7,3,1024,2048,7671700,7491.89453125,1,1,4096,1,1,4096,4096,65536,4096,1,0,0,0,0,0,0,0,0,2048
1789569966192,"Windows x64","MSVC195136257","Intel64 Family 6 Model 142 Stepping 12, GenuineIntel",8,12345,256,4,12,1,16,volatile_first_last_byte,immediate,4096,Binned,8,2,1024,2048,7774100,7591.89453125,1,1,4096,1,1,4096,4096,65536,4096,1,0,0,0,0,0,0,0,0,2048
1789569966192,"Windows x64","MSVC195136257","Intel64 Family 6 Model 142 Stepping 12, GenuineIntel",8,12345,256,4,12,1,16,volatile_first_last_byte,immediate,4096,Binned,9,3,1024,2048,8210500,8018.06640625,1,1,4096,1,1,4096,4096,65536,4096,1,0,0,0,0,0,0,0,0,2048
1789569966192,"Windows x64","MSVC195136257","Intel64 Family 6 Model 142 Stepping 12, GenuineIntel",8,12345,256,4,12,1,16,volatile_first_last_byte,immediate,4096,Binned,10,2,1024,2048,7715400,7534.5703125,1,1,4096,1,1,4096,4096,65536,4096,1,0,0,0,0,0,0,0,0,2048
1789569966192,"Windows x64","MSVC195136257","Intel64 Family 6 Model 142 Stepping 12, GenuineIntel",8,12345,256,4,12,1,16,volatile_first_last_byte,immediate,4096,Binned,11,1,1024,2048,7756600,7574.8046875,1,1,4096,1,1,4096,4096,65536,4096,1,0,0,0,0,0,0,0,0,2048
1789569966192,"Windows x64","MSVC195136257","Intel64 Family 6 Model 142 Stepping 12, GenuineIntel",8,12345,256,4,12,1,16,volatile_first_last_byte,immediate,4096,Binned,12,1,1024,2048,7703000,7522.4609375,1,1,4096,1,1,4096,4096,65536,4096,1,0,0,0,0,0,0,0,0,2048
1789569966192,"Windows x64","MSVC195136257","Intel64 Family 6 Model 142 Stepping 12, GenuineIntel",8,12345,256,4,12,1,16,volatile_first_last_byte,batch,4096,CRT,1,1,1024,2048,1422200,1388.8671875,256,256,1048576,0,,,,,,,,,,,,,,,
1789569966192,"Windows x64","MSVC195136257","Intel64 Family 6 Model 142 Stepping 12, GenuineIntel",8,12345,256,4,12,1,16,volatile_first_last_byte,batch,4096,CRT,2,1,1024,2048,1434300,1400.68359375,256,256,1048576,0,,,,,,,,,,,,,,,
1789569966192,"Windows x64","MSVC195136257","Intel64 Family 6 Model 142 Stepping 12, GenuineIntel",8,12345,256,4,12,1,16,volatile_first_last_byte,batch,4096,CRT,3,3,1024,2048,1479300,1444.62890625,256,256,1048576,0,,,,,,,,,,,,,,,
1789569966192,"Windows x64","MSVC195136257","Intel64 Family 6 Model 142 Stepping 12, GenuineIntel",8,12345,256,4,12,1,16,volatile_first_last_byte,batch,4096,CRT,4,2,1024,2048,1110100,1084.08203125,256,256,1048576,0,,,,,,,,,,,,,,,
1789569966192,"Windows x64","MSVC195136257","Intel64 Family 6 Model 142 Stepping 12, GenuineIntel",8,12345,256,4,12,1,16,volatile_first_last_byte,batch,4096,CRT,5,3,1024,2048,1241100,1212.01171875,256,256,1048576,0,,,,,,,,,,,,,,,
1789569966192,"Windows x64","MSVC195136257","Intel64 Family 6 Model 142 Stepping 12, GenuineIntel",8,12345,256,4,12,1,16,volatile_first_last_byte,batch,4096,CRT,6,2,1024,2048,1257500,1228.02734375,256,256,1048576,0,,,,,,,,,,,,,,,
1789569966192,"Windows x64","MSVC195136257","Intel64 Family 6 Model 142 Stepping 12, GenuineIntel",8,12345,256,4,12,1,16,volatile_first_last_byte,batch,4096,CRT,7,1,1024,2048,1499200,1464.0625,256,256,1048576,0,,,,,,,,,,,,,,,
1789569966192,"Windows x64","MSVC195136257","Intel64 Family 6 Model 142 Stepping 12, GenuineIntel",8,12345,256,4,12,1,16,volatile_first_last_byte,batch,4096,CRT,8,1,1024,2048,1719100,1678.80859375,256,256,1048576,0,,,,,,,,,,,,,,,
1789569966192,"Windows x64","MSVC195136257","Intel64 Family 6 Model 142 Stepping 12, GenuineIntel",8,12345,256,4,12,1,16,volatile_first_last_byte,batch,4096,CRT,9,3,1024,2048,1887600,1843.359375,256,256,1048576,0,,,,,,,,,,,,,,,
1789569966192,"Windows x64","MSVC195136257","Intel64 Family 6 Model 142 Stepping 12, GenuineIntel",8,12345,256,4,12,1,16,volatile_first_last_byte,batch,4096,CRT,10,2,1024,2048,1215500,1187.01171875,256,256,1048576,0,,,,,,,,,,,,,,,
1789569966192,"Windows x64","MSVC195136257","Intel64 Family 6 Model 142 Stepping 12, GenuineIntel",8,12345,256,4,12,1,16,volatile_first_last_byte,batch,4096,CRT,11,3,1024,2048,1914000,1869.140625,256,256,1048576,0,,,,,,,,,,,,,,,
1789569966192,"Windows x64","MSVC195136257","Intel64 Family 6 Model 142 Stepping 12, GenuineIntel",8,12345,256,4,12,1,16,volatile_first_last_byte,batch,4096,CRT,12,2,1024,2048,1506300,1470.99609375,256,256,1048576,0,,,,,,,,,,,,,,,
1789569966192,"Windows x64","MSVC195136257","Intel64 Family 6 Model 142 Stepping 12, GenuineIntel",8,12345,256,4,12,1,16,volatile_first_last_byte,batch,4096,System,1,3,1024,2048,1615100,1577.24609375,256,256,1048576,0,,,,,,,,,,,,,,,
1789569966192,"Windows x64","MSVC195136257","Intel64 Family 6 Model 142 Stepping 12, GenuineIntel",8,12345,256,4,12,1,16,volatile_first_last_byte,batch,4096,System,2,2,1024,2048,2278400,2225,256,256,1048576,0,,,,,,,,,,,,,,,
1789569966192,"Windows x64","MSVC195136257","Intel64 Family 6 Model 142 Stepping 12, GenuineIntel",8,12345,256,4,12,1,16,volatile_first_last_byte,batch,4096,System,3,1,1024,2048,2315600,2261.328125,256,256,1048576,0,,,,,,,,,,,,,,,
1789569966192,"Windows x64","MSVC195136257","Intel64 Family 6 Model 142 Stepping 12, GenuineIntel",8,12345,256,4,12,1,16,volatile_first_last_byte,batch,4096,System,4,3,1024,2048,1596600,1559.1796875,256,256,1048576,0,,,,,,,,,,,,,,,
1789569966192,"Windows x64","MSVC195136257","Intel64 Family 6 Model 142 Stepping 12, GenuineIntel",8,12345,256,4,12,1,16,volatile_first_last_byte,batch,4096,System,5,2,1024,2048,1996700,1949.90234375,256,256,1048576,0,,,,,,,,,,,,,,,
1789569966192,"Windows x64","MSVC195136257","Intel64 Family 6 Model 142 Stepping 12, GenuineIntel",8,12345,256,4,12,1,16,volatile_first_last_byte,batch,4096,System,6,1,1024,2048,1589900,1552.63671875,256,256,1048576,0,,,,,,,,,,,,,,,
1789569966192,"Windows x64","MSVC195136257","Intel64 Family 6 Model 142 Stepping 12, GenuineIntel",8,12345,256,4,12,1,16,volatile_first_last_byte,batch,4096,System,7,3,1024,2048,2036900,1989.16015625,256,256,1048576,0,,,,,,,,,,,,,,,
1789569966192,"Windows x64","MSVC195136257","Intel64 Family 6 Model 142 Stepping 12, GenuineIntel",8,12345,256,4,12,1,16,volatile_first_last_byte,batch,4096,System,8,2,1024,2048,1734100,1693.45703125,256,256,1048576,0,,,,,,,,,,,,,,,
1789569966192,"Windows x64","MSVC195136257","Intel64 Family 6 Model 142 Stepping 12, GenuineIntel",8,12345,256,4,12,1,16,volatile_first_last_byte,batch,4096,System,9,1,1024,2048,2404600,2348.2421875,256,256,1048576,0,,,,,,,,,,,,,,,
1789569966192,"Windows x64","MSVC195136257","Intel64 Family 6 Model 142 Stepping 12, GenuineIntel",8,12345,256,4,12,1,16,volatile_first_last_byte,batch,4096,System,10,3,1024,2048,1810600,1768.1640625,256,256,1048576,0,,,,,,,,,,,,,,,
1789569966192,"Windows x64","MSVC195136257","Intel64 Family 6 Model 142 Stepping 12, GenuineIntel",8,12345,256,4,12,1,16,volatile_first_last_byte,batch,4096,System,11,2,1024,2048,2350800,2295.703125,256,256,1048576,0,,,,,,,,,,,,,,,
1789569966192,"Windows x64","MSVC195136257","Intel64 Family 6 Model 142 Stepping 12, GenuineIntel",8,12345,256,4,12,1,16,volatile_first_last_byte,batch,4096,System,12,1,1024,2048,2077600,2028.90625,256,256,1048576,0,,,,,,,,,,,,,,,
1789569966192,"Windows x64","MSVC195136257","Intel64 Family 6 Model 142 Stepping 12, GenuineIntel",8,12345,256,4,12,1,16,volatile_first_last_byte,batch,4096,Binned,1,2,1024,2048,1996500,1949.70703125,256,256,1048576,1,256,1048576,1048576,1048576,65536,16,0,0,0,0,0,0,0,0,128
1789569966192,"Windows x64","MSVC195136257","Intel64 Family 6 Model 142 Stepping 12, GenuineIntel",8,12345,256,4,12,1,16,volatile_first_last_byte,batch,4096,Binned,2,3,1024,2048,3248700,3172.55859375,256,256,1048576,1,256,1048576,1048576,1048576,65536,16,0,0,0,0,0,0,0,0,128
1789569966192,"Windows x64","MSVC195136257","Intel64 Family 6 Model 142 Stepping 12, GenuineIntel",8,12345,256,4,12,1,16,volatile_first_last_byte,batch,4096,Binned,3,2,1024,2048,1980400,1933.984375,256,256,1048576,1,256,1048576,1048576,1048576,65536,16,0,0,0,0,0,0,0,0,128
1789569966192,"Windows x64","MSVC195136257","Intel64 Family 6 Model 142 Stepping 12, GenuineIntel",8,12345,256,4,12,1,16,volatile_first_last_byte,batch,4096,Binned,4,1,1024,2048,1920800,1875.78125,256,256,1048576,1,256,1048576,1048576,1048576,65536,16,0,0,0,0,0,0,0,0,128
1789569966192,"Windows x64","MSVC195136257","Intel64 Family 6 Model 142 Stepping 12, GenuineIntel",8,12345,256,4,12,1,16,volatile_first_last_byte,batch,4096,Binned,5,1,1024,2048,2024800,1977.34375,256,256,1048576,1,256,1048576,1048576,1048576,65536,16,0,0,0,0,0,0,0,0,128
1789569966192,"Windows x64","MSVC195136257","Intel64 Family 6 Model 142 Stepping 12, GenuineIntel",8,12345,256,4,12,1,16,volatile_first_last_byte,batch,4096,Binned,6,3,1024,2048,2396700,2340.52734375,256,256,1048576,1,256,1048576,1048576,1048576,65536,16,0,0,0,0,0,0,0,0,128
1789569966192,"Windows x64","MSVC195136257","Intel64 Family 6 Model 142 Stepping 12, GenuineIntel",8,12345,256,4,12,1,16,volatile_first_last_byte,batch,4096,Binned,7,2,1024,2048,2131400,2081.4453125,256,256,1048576,1,256,1048576,1048576,1048576,65536,16,0,0,0,0,0,0,0,0,128
1789569966192,"Windows x64","MSVC195136257","Intel64 Family 6 Model 142 Stepping 12, GenuineIntel",8,12345,256,4,12,1,16,volatile_first_last_byte,batch,4096,Binned,8,3,1024,2048,2259100,2206.15234375,256,256,1048576,1,256,1048576,1048576,1048576,65536,16,0,0,0,0,0,0,0,0,128
1789569966192,"Windows x64","MSVC195136257","Intel64 Family 6 Model 142 Stepping 12, GenuineIntel",8,12345,256,4,12,1,16,volatile_first_last_byte,batch,4096,Binned,9,2,1024,2048,2862000,2794.921875,256,256,1048576,1,256,1048576,1048576,1048576,65536,16,0,0,0,0,0,0,0,0,128
1789569966192,"Windows x64","MSVC195136257","Intel64 Family 6 Model 142 Stepping 12, GenuineIntel",8,12345,256,4,12,1,16,volatile_first_last_byte,batch,4096,Binned,10,1,1024,2048,2674600,2611.9140625,256,256,1048576,1,256,1048576,1048576,1048576,65536,16,0,0,0,0,0,0,0,0,128
1789569966192,"Windows x64","MSVC195136257","Intel64 Family 6 Model 142 Stepping 12, GenuineIntel",8,12345,256,4,12,1,16,volatile_first_last_byte,batch,4096,Binned,11,1,1024,2048,2083500,2034.66796875,256,256,1048576,1,256,1048576,1048576,1048576,65536,16,0,0,0,0,0,0,0,0,128
1789569966192,"Windows x64","MSVC195136257","Intel64 Family 6 Model 142 Stepping 12, GenuineIntel",8,12345,256,4,12,1,16,volatile_first_last_byte,batch,4096,Binned,12,3,1024,2048,2177800,2126.7578125,256,256,1048576,1,256,1048576,1048576,1048576,65536,16,0,0,0,0,0,0,0,0,128
1789569966192,"Windows x64","MSVC195136257","Intel64 Family 6 Model 142 Stepping 12, GenuineIntel",8,12345,256,4,12,1,16,volatile_first_last_byte,immediate,4097,CRT,1,1,1024,2048,64800,63.28125,1,1,4097,0,,,,,,,,,,,,,,,
1789569966192,"Windows x64","MSVC195136257","Intel64 Family 6 Model 142 Stepping 12, GenuineIntel",8,12345,256,4,12,1,16,volatile_first_last_byte,immediate,4097,CRT,2,3,1024,2048,66700,65.13671875,1,1,4097,0,,,,,,,,,,,,,,,
1789569966192,"Windows x64","MSVC195136257","Intel64 Family 6 Model 142 Stepping 12, GenuineIntel",8,12345,256,4,12,1,16,volatile_first_last_byte,immediate,4097,CRT,3,2,1024,2048,129300,126.26953125,1,1,4097,0,,,,,,,,,,,,,,,
1789569966192,"Windows x64","MSVC195136257","Intel64 Family 6 Model 142 Stepping 12, GenuineIntel",8,12345,256,4,12,1,16,volatile_first_last_byte,immediate,4097,CRT,4,3,1024,2048,65400,63.8671875,1,1,4097,0,,,,,,,,,,,,,,,
1789569966192,"Windows x64","MSVC195136257","Intel64 Family 6 Model 142 Stepping 12, GenuineIntel",8,12345,256,4,12,1,16,volatile_first_last_byte,immediate,4097,CRT,5,2,1024,2048,65200,63.671875,1,1,4097,0,,,,,,,,,,,,,,,
1789569966192,"Windows x64","MSVC195136257","Intel64 Family 6 Model 142 Stepping 12, GenuineIntel",8,12345,256,4,12,1,16,volatile_first_last_byte,immediate,4097,CRT,6,1,1024,2048,109700,107.12890625,1,1,4097,0,,,,,,,,,,,,,,,
1789569966192,"Windows x64","MSVC195136257","Intel64 Family 6 Model 142 Stepping 12, GenuineIntel",8,12345,256,4,12,1,16,volatile_first_last_byte,immediate,4097,CRT,7,1,1024,2048,111500,108.88671875,1,1,4097,0,,,,,,,,,,,,,,,
1789569966192,"Windows x64","MSVC195136257","Intel64 Family 6 Model 142 Stepping 12, GenuineIntel",8,12345,256,4,12,1,16,volatile_first_last_byte,immediate,4097,CRT,8,3,1024,2048,119800,116.9921875,1,1,4097,0,,,,,,,,,,,,,,,
1789569966192,"Windows x64","MSVC195136257","Intel64 Family 6 Model 142 Stepping 12, GenuineIntel",8,12345,256,4,12,1,16,volatile_first_last_byte,immediate,4097,CRT,9,2,1024,2048,71400,69.7265625,1,1,4097,0,,,,,,,,,,,,,,,
1789569966192,"Windows x64","MSVC195136257","Intel64 Family 6 Model 142 Stepping 12, GenuineIntel",8,12345,256,4,12,1,16,volatile_first_last_byte,immediate,4097,CRT,10,3,1024,2048,70400,68.75,1,1,4097,0,,,,,,,,,,,,,,,
1789569966192,"Windows x64","MSVC195136257","Intel64 Family 6 Model 142 Stepping 12, GenuineIntel",8,12345,256,4,12,1,16,volatile_first_last_byte,immediate,4097,CRT,11,2,1024,2048,70000,68.359375,1,1,4097,0,,,,,,,,,,,,,,,
1789569966192,"Windows x64","MSVC195136257","Intel64 Family 6 Model 142 Stepping 12, GenuineIntel",8,12345,256,4,12,1,16,volatile_first_last_byte,immediate,4097,CRT,12,1,1024,2048,71700,70.01953125,1,1,4097,0,,,,,,,,,,,,,,,
1789569966192,"Windows x64","MSVC195136257","Intel64 Family 6 Model 142 Stepping 12, GenuineIntel",8,12345,256,4,12,1,16,volatile_first_last_byte,immediate,4097,System,1,2,1024,2048,65300,63.76953125,1,1,4097,0,,,,,,,,,,,,,,,
1789569966192,"Windows x64","MSVC195136257","Intel64 Family 6 Model 142 Stepping 12, GenuineIntel",8,12345,256,4,12,1,16,volatile_first_last_byte,immediate,4097,System,2,1,1024,2048,67200,65.625,1,1,4097,0,,,,,,,,,,,,,,,
1789569966192,"Windows x64","MSVC195136257","Intel64 Family 6 Model 142 Stepping 12, GenuineIntel",8,12345,256,4,12,1,16,volatile_first_last_byte,immediate,4097,System,3,3,1024,2048,123200,120.3125,1,1,4097,0,,,,,,,,,,,,,,,
1789569966192,"Windows x64","MSVC195136257","Intel64 Family 6 Model 142 Stepping 12, GenuineIntel",8,12345,256,4,12,1,16,volatile_first_last_byte,immediate,4097,System,4,2,1024,2048,70500,68.84765625,1,1,4097,0,,,,,,,,,,,,,,,
1789569966192,"Windows x64","MSVC195136257","Intel64 Family 6 Model 142 Stepping 12, GenuineIntel",8,12345,256,4,12,1,16,volatile_first_last_byte,immediate,4097,System,5,1,1024,2048,66500,64.94140625,1,1,4097,0,,,,,,,,,,,,,,,
1789569966192,"Windows x64","MSVC195136257","Intel64 Family 6 Model 142 Stepping 12, GenuineIntel",8,12345,256,4,12,1,16,volatile_first_last_byte,immediate,4097,System,6,3,1024,2048,100600,98.2421875,1,1,4097,0,,,,,,,,,,,,,,,
1789569966192,"Windows x64","MSVC195136257","Intel64 Family 6 Model 142 Stepping 12, GenuineIntel",8,12345,256,4,12,1,16,volatile_first_last_byte,immediate,4097,System,7,2,1024,2048,121300,118.45703125,1,1,4097,0,,,,,,,,,,,,,,,
1789569966192,"Windows x64","MSVC195136257","Intel64 Family 6 Model 142 Stepping 12, GenuineIntel",8,12345,256,4,12,1,16,volatile_first_last_byte,immediate,4097,System,8,1,1024,2048,113700,111.03515625,1,1,4097,0,,,,,,,,,,,,,,,
1789569966192,"Windows x64","MSVC195136257","Intel64 Family 6 Model 142 Stepping 12, GenuineIntel",8,12345,256,4,12,1,16,volatile_first_last_byte,immediate,4097,System,9,3,1024,2048,72200,70.5078125,1,1,4097,0,,,,,,,,,,,,,,,
1789569966192,"Windows x64","MSVC195136257","Intel64 Family 6 Model 142 Stepping 12, GenuineIntel",8,12345,256,4,12,1,16,volatile_first_last_byte,immediate,4097,System,10,2,1024,2048,73700,71.97265625,1,1,4097,0,,,,,,,,,,,,,,,
1789569966192,"Windows x64","MSVC195136257","Intel64 Family 6 Model 142 Stepping 12, GenuineIntel",8,12345,256,4,12,1,16,volatile_first_last_byte,immediate,4097,System,11,1,1024,2048,71600,69.921875,1,1,4097,0,,,,,,,,,,,,,,,
1789569966192,"Windows x64","MSVC195136257","Intel64 Family 6 Model 142 Stepping 12, GenuineIntel",8,12345,256,4,12,1,16,volatile_first_last_byte,immediate,4097,System,12,3,1024,2048,75700,73.92578125,1,1,4097,0,,,,,,,,,,,,,,,
1789569966192,"Windows x64","MSVC195136257","Intel64 Family 6 Model 142 Stepping 12, GenuineIntel",8,12345,256,4,12,1,16,volatile_first_last_byte,immediate,4097,Binned,1,3,1024,2048,13680800,13360.15625,1,1,4097,1,1,4097,8192,8192,4096,0,1,0,0,0,0,0,0,0,2048
1789569966192,"Windows x64","MSVC195136257","Intel64 Family 6 Model 142 Stepping 12, GenuineIntel",8,12345,256,4,12,1,16,volatile_first_last_byte,immediate,4097,Binned,2,2,1024,2048,15073700,14720.41015625,1,1,4097,1,1,4097,8192,8192,4096,0,1,0,0,0,0,0,0,0,2048
1789569966192,"Windows x64","MSVC195136257","Intel64 Family 6 Model 142 Stepping 12, GenuineIntel",8,12345,256,4,12,1,16,volatile_first_last_byte,immediate,4097,Binned,3,1,1024,2048,14369300,14032.51953125,1,1,4097,1,1,4097,8192,8192,4096,0,1,0,0,0,0,0,0,0,2048
1789569966192,"Windows x64","MSVC195136257","Intel64 Family 6 Model 142 Stepping 12, GenuineIntel",8,12345,256,4,12,1,16,volatile_first_last_byte,immediate,4097,Binned,4,1,1024,2048,14262900,13928.61328125,1,1,4097,1,1,4097,8192,8192,4096,0,1,0,0,0,0,0,0,0,2048
1789569966192,"Windows x64","MSVC195136257","Intel64 Family 6 Model 142 Stepping 12, GenuineIntel",8,12345,256,4,12,1,16,volatile_first_last_byte,immediate,4097,Binned,5,3,1024,2048,16399800,16015.4296875,1,1,4097,1,1,4097,8192,8192,4096,0,1,0,0,0,0,0,0,0,2048
1789569966192,"Windows x64","MSVC195136257","Intel64 Family 6 Model 142 Stepping 12, GenuineIntel",8,12345,256,4,12,1,16,volatile_first_last_byte,immediate,4097,Binned,6,2,1024,2048,21678200,21170.1171875,1,1,4097,1,1,4097,8192,8192,4096,0,1,0,0,0,0,0,0,0,2048
1789569966192,"Windows x64","MSVC195136257","Intel64 Family 6 Model 142 Stepping 12, GenuineIntel",8,12345,256,4,12,1,16,volatile_first_last_byte,immediate,4097,Binned,7,3,1024,2048,20807000,20319.3359375,1,1,4097,1,1,4097,8192,8192,4096,0,1,0,0,0,0,0,0,0,2048
1789569966192,"Windows x64","MSVC195136257","Intel64 Family 6 Model 142 Stepping 12, GenuineIntel",8,12345,256,4,12,1,16,volatile_first_last_byte,immediate,4097,Binned,8,2,1024,2048,24043200,23479.6875,1,1,4097,1,1,4097,8192,8192,4096,0,1,0,0,0,0,0,0,0,2048
1789569966192,"Windows x64","MSVC195136257","Intel64 Family 6 Model 142 Stepping 12, GenuineIntel",8,12345,256,4,12,1,16,volatile_first_last_byte,immediate,4097,Binned,9,1,1024,2048,22277100,21754.98046875,1,1,4097,1,1,4097,8192,8192,4096,0,1,0,0,0,0,0,0,0,2048
1789569966192,"Windows x64","MSVC195136257","Intel64 Family 6 Model 142 Stepping 12, GenuineIntel",8,12345,256,4,12,1,16,volatile_first_last_byte,immediate,4097,Binned,10,1,1024,2048,16617200,16227.734375,1,1,4097,1,1,4097,8192,8192,4096,0,1,0,0,0,0,0,0,0,2048
1789569966192,"Windows x64","MSVC195136257","Intel64 Family 6 Model 142 Stepping 12, GenuineIntel",8,12345,256,4,12,1,16,volatile_first_last_byte,immediate,4097,Binned,11,3,1024,2048,16043800,15667.7734375,1,1,4097,1,1,4097,8192,8192,4096,0,1,0,0,0,0,0,0,0,2048
1789569966192,"Windows x64","MSVC195136257","Intel64 Family 6 Model 142 Stepping 12, GenuineIntel",8,12345,256,4,12,1,16,volatile_first_last_byte,immediate,4097,Binned,12,2,1024,2048,14271500,13937.01171875,1,1,4097,1,1,4097,8192,8192,4096,0,1,0,0,0,0,0,0,0,2048
1789569966192,"Windows x64","MSVC195136257","Intel64 Family 6 Model 142 Stepping 12, GenuineIntel",8,12345,256,4,12,1,16,volatile_first_last_byte,batch,4097,CRT,1,3,1024,2048,1646600,1608.0078125,256,256,1048832,0,,,,,,,,,,,,,,,
1789569966192,"Windows x64","MSVC195136257","Intel64 Family 6 Model 142 Stepping 12, GenuineIntel",8,12345,256,4,12,1,16,volatile_first_last_byte,batch,4097,CRT,2,2,1024,2048,1469200,1434.765625,256,256,1048832,0,,,,,,,,,,,,,,,
1789569966192,"Windows x64","MSVC195136257","Intel64 Family 6 Model 142 Stepping 12, GenuineIntel",8,12345,256,4,12,1,16,volatile_first_last_byte,batch,4097,CRT,3,3,1024,2048,1566000,1529.296875,256,256,1048832,0,,,,,,,,,,,,,,,
1789569966192,"Windows x64","MSVC195136257","Intel64 Family 6 Model 142 Stepping 12, GenuineIntel",8,12345,256,4,12,1,16,volatile_first_last_byte,batch,4097,CRT,4,2,1024,2048,1510400,1475,256,256,1048832,0,,,,,,,,,,,,,,,
1789569966192,"Windows x64","MSVC195136257","Intel64 Family 6 Model 142 Stepping 12, GenuineIntel",8,12345,256,4,12,1,16,volatile_first_last_byte,batch,4097,CRT,5,1,1024,2048,1362700,1330.76171875,256,256,1048832,0,,,,,,,,,,,,,,,
1789569966192,"Windows x64","MSVC195136257","Intel64 Family 6 Model 142 Stepping 12, GenuineIntel",8,12345,256,4,12,1,16,volatile_first_last_byte,batch,4097,CRT,6,1,1024,2048,1504400,1469.140625,256,256,1048832,0,,,,,,,,,,,,,,,
1789569966192,"Windows x64","MSVC195136257","Intel64 Family 6 Model 142 Stepping 12, GenuineIntel",8,12345,256,4,12,1,16,volatile_first_last_byte,batch,4097,CRT,7,3,1024,2048,1545100,1508.88671875,256,256,1048832,0,,,,,,,,,,,,,,,
1789569966192,"Windows x64","MSVC195136257","Intel64 Family 6 Model 142 Stepping 12, GenuineIntel",8,12345,256,4,12,1,16,volatile_first_last_byte,batch,4097,CRT,8,2,1024,2048,1313900,1283.10546875,256,256,1048832,0,,,,,,,,,,,,,,,
1789569966192,"Windows x64","MSVC195136257","Intel64 Family 6 Model 142 Stepping 12, GenuineIntel",8,12345,256,4,12,1,16,volatile_first_last_byte,batch,4097,CRT,9,3,1024,2048,1468800,1434.375,256,256,1048832,0,,,,,,,,,,,,,,,
1789569966192,"Windows x64","MSVC195136257","Intel64 Family 6 Model 142 Stepping 12, GenuineIntel",8,12345,256,4,12,1,16,volatile_first_last_byte,batch,4097,CRT,10,2,1024,2048,1486200,1451.3671875,256,256,1048832,0,,,,,,,,,,,,,,,
1789569966192,"Windows x64","MSVC195136257","Intel64 Family 6 Model 142 Stepping 12, GenuineIntel",8,12345,256,4,12,1,16,volatile_first_last_byte,batch,4097,CRT,11,1,1024,2048,1310900,1280.17578125,256,256,1048832,0,,,,,,,,,,,,,,,
1789569966192,"Windows x64","MSVC195136257","Intel64 Family 6 Model 142 Stepping 12, GenuineIntel",8,12345,256,4,12,1,16,volatile_first_last_byte,batch,4097,CRT,12,1,1024,2048,1602400,1564.84375,256,256,1048832,0,,,,,,,,,,,,,,,
1789569966192,"Windows x64","MSVC195136257","Intel64 Family 6 Model 142 Stepping 12, GenuineIntel",8,12345,256,4,12,1,16,volatile_first_last_byte,batch,4097,System,1,1,1024,2048,2012300,1965.13671875,256,256,1048832,0,,,,,,,,,,,,,,,
1789569966192,"Windows x64","MSVC195136257","Intel64 Family 6 Model 142 Stepping 12, GenuineIntel",8,12345,256,4,12,1,16,volatile_first_last_byte,batch,4097,System,2,3,1024,2048,2029700,1982.12890625,256,256,1048832,0,,,,,,,,,,,,,,,
1789569966192,"Windows x64","MSVC195136257","Intel64 Family 6 Model 142 Stepping 12, GenuineIntel",8,12345,256,4,12,1,16,volatile_first_last_byte,batch,4097,System,3,2,1024,2048,2052000,2003.90625,256,256,1048832,0,,,,,,,,,,,,,,,
1789569966192,"Windows x64","MSVC195136257","Intel64 Family 6 Model 142 Stepping 12, GenuineIntel",8,12345,256,4,12,1,16,volatile_first_last_byte,batch,4097,System,4,1,1024,2048,1933600,1888.28125,256,256,1048832,0,,,,,,,,,,,,,,,
1789569966192,"Windows x64","MSVC195136257","Intel64 Family 6 Model 142 Stepping 12, GenuineIntel",8,12345,256,4,12,1,16,volatile_first_last_byte,batch,4097,System,5,3,1024,2048,1948900,1903.22265625,256,256,1048832,0,,,,,,,,,,,,,,,
1789569966192,"Windows x64","MSVC195136257","Intel64 Family 6 Model 142 Stepping 12, GenuineIntel",8,12345,256,4,12,1,16,volatile_first_last_byte,batch,4097,System,6,2,1024,2048,1940900,1895.41015625,256,256,1048832,0,,,,,,,,,,,,,,,
1789569966192,"Windows x64","MSVC195136257","Intel64 Family 6 Model 142 Stepping 12, GenuineIntel",8,12345,256,4,12,1,16,volatile_first_last_byte,batch,4097,System,7,1,1024,2048,2001600,1954.6875,256,256,1048832,0,,,,,,,,,,,,,,,
1789569966192,"Windows x64","MSVC195136257","Intel64 Family 6 Model 142 Stepping 12, GenuineIntel",8,12345,256,4,12,1,16,volatile_first_last_byte,batch,4097,System,8,3,1024,2048,1891100,1846.77734375,256,256,1048832,0,,,,,,,,,,,,,,,
1789569966192,"Windows x64","MSVC195136257","Intel64 Family 6 Model 142 Stepping 12, GenuineIntel",8,12345,256,4,12,1,16,volatile_first_last_byte,batch,4097,System,9,2,1024,2048,1983300,1936.81640625,256,256,1048832,0,,,,,,,,,,,,,,,
1789569966192,"Windows x64","MSVC195136257","Intel64 Family 6 Model 142 Stepping 12, GenuineIntel",8,12345,256,4,12,1,16,volatile_first_last_byte,batch,4097,System,10,1,1024,2048,1932700,1887.40234375,256,256,1048832,0,,,,,,,,,,,,,,,
1789569966192,"Windows x64","MSVC195136257","Intel64 Family 6 Model 142 Stepping 12, GenuineIntel",8,12345,256,4,12,1,16,volatile_first_last_byte,batch,4097,System,11,3,1024,2048,2124500,2074.70703125,256,256,1048832,0,,,,,,,,,,,,,,,
1789569966192,"Windows x64","MSVC195136257","Intel64 Family 6 Model 142 Stepping 12, GenuineIntel",8,12345,256,4,12,1,16,volatile_first_last_byte,batch,4097,System,12,2,1024,2048,2052400,2004.296875,256,256,1048832,0,,,,,,,,,,,,,,,
1789569966192,"Windows x64","MSVC195136257","Intel64 Family 6 Model 142 Stepping 12, GenuineIntel",8,12345,256,4,12,1,16,volatile_first_last_byte,batch,4097,Binned,1,2,1024,2048,12610800,12315.234375,256,256,1048832,1,256,1048832,2097152,2097152,1048576,0,256,0,0,0,0,0,0,0,2048
1789569966192,"Windows x64","MSVC195136257","Intel64 Family 6 Model 142 Stepping 12, GenuineIntel",8,12345,256,4,12,1,16,volatile_first_last_byte,batch,4097,Binned,2,1,1024,2048,12853000,12551.7578125,256,256,1048832,1,256,1048832,2097152,2097152,1048576,0,256,0,0,0,0,0,0,0,2048
1789569966192,"Windows x64","MSVC195136257","Intel64 Family 6 Model 142 Stepping 12, GenuineIntel",8,12345,256,4,12,1,16,volatile_first_last_byte,batch,4097,Binned,3,1,1024,2048,12855200,12553.90625,256,256,1048832,1,256,1048832,2097152,2097152,1048576,0,256,0,0,0,0,0,0,0,2048
1789569966192,"Windows x64","MSVC195136257","Intel64 Family 6 Model 142 Stepping 12, GenuineIntel",8,12345,256,4,12,1,16,volatile_first_last_byte,batch,4097,Binned,4,3,1024,2048,12044100,11761.81640625,256,256,1048832,1,256,1048832,2097152,2097152,1048576,0,256,0,0,0,0,0,0,0,2048
1789569966192,"Windows x64","MSVC195136257","Intel64 Family 6 Model 142 Stepping 12, GenuineIntel",8,12345,256,4,12,1,16,volatile_first_last_byte,batch,4097,Binned,5,2,1024,2048,11858200,11580.2734375,256,256,1048832,1,256,1048832,2097152,2097152,1048576,0,256,0,0,0,0,0,0,0,2048
1789569966192,"Windows x64","MSVC195136257","Intel64 Family 6 Model 142 Stepping 12, GenuineIntel",8,12345,256,4,12,1,16,volatile_first_last_byte,batch,4097,Binned,6,3,1024,2048,11985800,11704.8828125,256,256,1048832,1,256,1048832,2097152,2097152,1048576,0,256,0,0,0,0,0,0,0,2048
1789569966192,"Windows x64","MSVC195136257","Intel64 Family 6 Model 142 Stepping 12, GenuineIntel",8,12345,256,4,12,1,16,volatile_first_last_byte,batch,4097,Binned,7,2,1024,2048,11907200,11628.125,256,256,1048832,1,256,1048832,2097152,2097152,1048576,0,256,0,0,0,0,0,0,0,2048
1789569966192,"Windows x64","MSVC195136257","Intel64 Family 6 Model 142 Stepping 12, GenuineIntel",8,12345,256,4,12,1,16,volatile_first_last_byte,batch,4097,Binned,8,1,1024,2048,11744700,11469.43359375,256,256,1048832,1,256,1048832,2097152,2097152,1048576,0,256,0,0,0,0,0,0,0,2048
1789569966192,"Windows x64","MSVC195136257","Intel64 Family 6 Model 142 Stepping 12, GenuineIntel",8,12345,256,4,12,1,16,volatile_first_last_byte,batch,4097,Binned,9,1,1024,2048,11561000,11290.0390625,256,256,1048832,1,256,1048832,2097152,2097152,1048576,0,256,0,0,0,0,0,0,0,2048
1789569966192,"Windows x64","MSVC195136257","Intel64 Family 6 Model 142 Stepping 12, GenuineIntel",8,12345,256,4,12,1,16,volatile_first_last_byte,batch,4097,Binned,10,3,1024,2048,11226600,10963.4765625,256,256,1048832,1,256,1048832,2097152,2097152,1048576,0,256,0,0,0,0,0,0,0,2048
1789569966192,"Windows x64","MSVC195136257","Intel64 Family 6 Model 142 Stepping 12, GenuineIntel",8,12345,256,4,12,1,16,volatile_first_last_byte,batch,4097,Binned,11,2,1024,2048,11484500,11215.33203125,256,256,1048832,1,256,1048832,2097152,2097152,1048576,0,256,0,0,0,0,0,0,0,2048
1789569966192,"Windows x64","MSVC195136257","Intel64 Family 6 Model 142 Stepping 12, GenuineIntel",8,12345,256,4,12,1,16,volatile_first_last_byte,batch,4097,Binned,12,3,1024,2048,17151700,16749.70703125,256,256,1048832,1,256,1048832,2097152,2097152,1048576,0,256,0,0,0,0,0,0,0,2048
1789569966192,"Windows x64","MSVC195136257","Intel64 Family 6 Model 142 Stepping 12, GenuineIntel",8,12345,256,4,12,1,16,volatile_first_last_byte,mixed_random_free,mixed,CRT,1,2,1024,2048,463800,452.9296875,256,256,338730,0,,,,,,,,,,,,,,,
1789569966192,"Windows x64","MSVC195136257","Intel64 Family 6 Model 142 Stepping 12, GenuineIntel",8,12345,256,4,12,1,16,volatile_first_last_byte,mixed_random_free,mixed,CRT,2,3,1024,2048,473900,462.79296875,256,256,338730,0,,,,,,,,,,,,,,,
1789569966192,"Windows x64","MSVC195136257","Intel64 Family 6 Model 142 Stepping 12, GenuineIntel",8,12345,256,4,12,1,16,volatile_first_last_byte,mixed_random_free,mixed,CRT,3,2,1024,2048,284000,277.34375,256,256,338730,0,,,,,,,,,,,,,,,
1789569966192,"Windows x64","MSVC195136257","Intel64 Family 6 Model 142 Stepping 12, GenuineIntel",8,12345,256,4,12,1,16,volatile_first_last_byte,mixed_random_free,mixed,CRT,4,1,1024,2048,292300,285.44921875,256,256,338730,0,,,,,,,,,,,,,,,
1789569966192,"Windows x64","MSVC195136257","Intel64 Family 6 Model 142 Stepping 12, GenuineIntel",8,12345,256,4,12,1,16,volatile_first_last_byte,mixed_random_free,mixed,CRT,5,1,1024,2048,326300,318.65234375,256,256,338730,0,,,,,,,,,,,,,,,
1789569966192,"Windows x64","MSVC195136257","Intel64 Family 6 Model 142 Stepping 12, GenuineIntel",8,12345,256,4,12,1,16,volatile_first_last_byte,mixed_random_free,mixed,CRT,6,3,1024,2048,431500,421.38671875,256,256,338730,0,,,,,,,,,,,,,,,
1789569966192,"Windows x64","MSVC195136257","Intel64 Family 6 Model 142 Stepping 12, GenuineIntel",8,12345,256,4,12,1,16,volatile_first_last_byte,mixed_random_free,mixed,CRT,7,2,1024,2048,230500,225.09765625,256,256,338730,0,,,,,,,,,,,,,,,
1789569966192,"Windows x64","MSVC195136257","Intel64 Family 6 Model 142 Stepping 12, GenuineIntel",8,12345,256,4,12,1,16,volatile_first_last_byte,mixed_random_free,mixed,CRT,8,3,1024,2048,443000,432.6171875,256,256,338730,0,,,,,,,,,,,,,,,
1789569966192,"Windows x64","MSVC195136257","Intel64 Family 6 Model 142 Stepping 12, GenuineIntel",8,12345,256,4,12,1,16,volatile_first_last_byte,mixed_random_free,mixed,CRT,9,2,1024,2048,381500,372.55859375,256,256,338730,0,,,,,,,,,,,,,,,
1789569966192,"Windows x64","MSVC195136257","Intel64 Family 6 Model 142 Stepping 12, GenuineIntel",8,12345,256,4,12,1,16,volatile_first_last_byte,mixed_random_free,mixed,CRT,10,1,1024,2048,374300,365.52734375,256,256,338730,0,,,,,,,,,,,,,,,
1789569966192,"Windows x64","MSVC195136257","Intel64 Family 6 Model 142 Stepping 12, GenuineIntel",8,12345,256,4,12,1,16,volatile_first_last_byte,mixed_random_free,mixed,CRT,11,1,1024,2048,362000,353.515625,256,256,338730,0,,,,,,,,,,,,,,,
1789569966192,"Windows x64","MSVC195136257","Intel64 Family 6 Model 142 Stepping 12, GenuineIntel",8,12345,256,4,12,1,16,volatile_first_last_byte,mixed_random_free,mixed,CRT,12,3,1024,2048,364900,356.34765625,256,256,338730,0,,,,,,,,,,,,,,,
1789569966192,"Windows x64","MSVC195136257","Intel64 Family 6 Model 142 Stepping 12, GenuineIntel",8,12345,256,4,12,1,16,volatile_first_last_byte,mixed_random_free,mixed,System,1,3,1024,2048,790100,771.58203125,256,256,338730,0,,,,,,,,,,,,,,,
1789569966192,"Windows x64","MSVC195136257","Intel64 Family 6 Model 142 Stepping 12, GenuineIntel",8,12345,256,4,12,1,16,volatile_first_last_byte,mixed_random_free,mixed,System,2,2,1024,2048,384200,375.1953125,256,256,338730,0,,,,,,,,,,,,,,,
1789569966192,"Windows x64","MSVC195136257","Intel64 Family 6 Model 142 Stepping 12, GenuineIntel",8,12345,256,4,12,1,16,volatile_first_last_byte,mixed_random_free,mixed,System,3,1,1024,2048,336700,328.80859375,256,256,338730,0,,,,,,,,,,,,,,,
1789569966192,"Windows x64","MSVC195136257","Intel64 Family 6 Model 142 Stepping 12, GenuineIntel",8,12345,256,4,12,1,16,volatile_first_last_byte,mixed_random_free,mixed,System,4,3,1024,2048,436800,426.5625,256,256,338730,0,,,,,,,,,,,,,,,
1789569966192,"Windows x64","MSVC195136257","Intel64 Family 6 Model 142 Stepping 12, GenuineIntel",8,12345,256,4,12,1,16,volatile_first_last_byte,mixed_random_free,mixed,System,5,2,1024,2048,419000,409.1796875,256,256,338730,0,,,,,,,,,,,,,,,
1789569966192,"Windows x64","MSVC195136257","Intel64 Family 6 Model 142 Stepping 12, GenuineIntel",8,12345,256,4,12,1,16,volatile_first_last_byte,mixed_random_free,mixed,System,6,1,1024,2048,346200,338.0859375,256,256,338730,0,,,,,,,,,,,,,,,
1789569966192,"Windows x64","MSVC195136257","Intel64 Family 6 Model 142 Stepping 12, GenuineIntel",8,12345,256,4,12,1,16,volatile_first_last_byte,mixed_random_free,mixed,System,7,3,1024,2048,361100,352.63671875,256,256,338730,0,,,,,,,,,,,,,,,
1789569966192,"Windows x64","MSVC195136257","Intel64 Family 6 Model 142 Stepping 12, GenuineIntel",8,12345,256,4,12,1,16,volatile_first_last_byte,mixed_random_free,mixed,System,8,2,1024,2048,549300,536.42578125,256,256,338730,0,,,,,,,,,,,,,,,
1789569966192,"Windows x64","MSVC195136257","Intel64 Family 6 Model 142 Stepping 12, GenuineIntel",8,12345,256,4,12,1,16,volatile_first_last_byte,mixed_random_free,mixed,System,9,1,1024,2048,438300,428.02734375,256,256,338730,0,,,,,,,,,,,,,,,
1789569966192,"Windows x64","MSVC195136257","Intel64 Family 6 Model 142 Stepping 12, GenuineIntel",8,12345,256,4,12,1,16,volatile_first_last_byte,mixed_random_free,mixed,System,10,3,1024,2048,405100,395.60546875,256,256,338730,0,,,,,,,,,,,,,,,
1789569966192,"Windows x64","MSVC195136257","Intel64 Family 6 Model 142 Stepping 12, GenuineIntel",8,12345,256,4,12,1,16,volatile_first_last_byte,mixed_random_free,mixed,System,11,2,1024,2048,322200,314.6484375,256,256,338730,0,,,,,,,,,,,,,,,
1789569966192,"Windows x64","MSVC195136257","Intel64 Family 6 Model 142 Stepping 12, GenuineIntel",8,12345,256,4,12,1,16,volatile_first_last_byte,mixed_random_free,mixed,System,12,1,1024,2048,461300,450.48828125,256,256,338730,0,,,,,,,,,,,,,,,
1789569966192,"Windows x64","MSVC195136257","Intel64 Family 6 Model 142 Stepping 12, GenuineIntel",8,12345,256,4,12,1,16,volatile_first_last_byte,mixed_random_free,mixed,Binned,1,1,1024,2048,3741400,3653.7109375,256,256,338730,1,256,338730,478192,802816,229376,8,34,0,0,0,0,0,0,0,368
1789569966192,"Windows x64","MSVC195136257","Intel64 Family 6 Model 142 Stepping 12, GenuineIntel",8,12345,256,4,12,1,16,volatile_first_last_byte,mixed_random_free,mixed,Binned,2,1,1024,2048,2969700,2900.09765625,256,256,338730,1,256,338730,478192,802816,229376,8,34,0,0,0,0,0,0,0,368
1789569966192,"Windows x64","MSVC195136257","Intel64 Family 6 Model 142 Stepping 12, GenuineIntel",8,12345,256,4,12,1,16,volatile_first_last_byte,mixed_random_free,mixed,Binned,3,3,1024,2048,2604700,2543.65234375,256,256,338730,1,256,338730,478192,802816,229376,8,34,0,0,0,0,0,0,0,368
1789569966192,"Windows x64","MSVC195136257","Intel64 Family 6 Model 142 Stepping 12, GenuineIntel",8,12345,256,4,12,1,16,volatile_first_last_byte,mixed_random_free,mixed,Binned,4,2,1024,2048,3298000,3220.703125,256,256,338730,1,256,338730,478192,802816,229376,8,34,0,0,0,0,0,0,0,368
1789569966192,"Windows x64","MSVC195136257","Intel64 Family 6 Model 142 Stepping 12, GenuineIntel",8,12345,256,4,12,1,16,volatile_first_last_byte,mixed_random_free,mixed,Binned,5,3,1024,2048,2632200,2570.5078125,256,256,338730,1,256,338730,478192,802816,229376,8,34,0,0,0,0,0,0,0,368
1789569966192,"Windows x64","MSVC195136257","Intel64 Family 6 Model 142 Stepping 12, GenuineIntel",8,12345,256,4,12,1,16,volatile_first_last_byte,mixed_random_free,mixed,Binned,6,2,1024,2048,3375300,3296.19140625,256,256,338730,1,256,338730,478192,802816,229376,8,34,0,0,0,0,0,0,0,368
1789569966192,"Windows x64","MSVC195136257","Intel64 Family 6 Model 142 Stepping 12, GenuineIntel",8,12345,256,4,12,1,16,volatile_first_last_byte,mixed_random_free,mixed,Binned,7,1,1024,2048,2885800,2818.1640625,256,256,338730,1,256,338730,478192,802816,229376,8,34,0,0,0,0,0,0,0,368
1789569966192,"Windows x64","MSVC195136257","Intel64 Family 6 Model 142 Stepping 12, GenuineIntel",8,12345,256,4,12,1,16,volatile_first_last_byte,mixed_random_free,mixed,Binned,8,1,1024,2048,3088600,3016.2109375,256,256,338730,1,256,338730,478192,802816,229376,8,34,0,0,0,0,0,0,0,368
1789569966192,"Windows x64","MSVC195136257","Intel64 Family 6 Model 142 Stepping 12, GenuineIntel",8,12345,256,4,12,1,16,volatile_first_last_byte,mixed_random_free,mixed,Binned,9,3,1024,2048,2573200,2512.890625,256,256,338730,1,256,338730,478192,802816,229376,8,34,0,0,0,0,0,0,0,368
1789569966192,"Windows x64","MSVC195136257","Intel64 Family 6 Model 142 Stepping 12, GenuineIntel",8,12345,256,4,12,1,16,volatile_first_last_byte,mixed_random_free,mixed,Binned,10,2,1024,2048,2610400,2549.21875,256,256,338730,1,256,338730,478192,802816,229376,8,34,0,0,0,0,0,0,0,368
1789569966192,"Windows x64","MSVC195136257","Intel64 Family 6 Model 142 Stepping 12, GenuineIntel",8,12345,256,4,12,1,16,volatile_first_last_byte,mixed_random_free,mixed,Binned,11,3,1024,2048,2658300,2595.99609375,256,256,338730,1,256,338730,478192,802816,229376,8,34,0,0,0,0,0,0,0,368
1789569966192,"Windows x64","MSVC195136257","Intel64 Family 6 Model 142 Stepping 12, GenuineIntel",8,12345,256,4,12,1,16,volatile_first_last_byte,mixed_random_free,mixed,Binned,12,2,1024,2048,2662300,2599.90234375,256,256,338730,1,256,338730,478192,802816,229376,8,34,0,0,0,0,0,0,0,368
1789569966192,"Windows x64","MSVC195136257","Intel64 Family 6 Model 142 Stepping 12, GenuineIntel",8,12345,256,4,12,1,16,volatile_first_last_byte,retained_half,mixed,CRT,1,3,768,1536,160500,208.984375,1280,256,327269,0,,,,,,,,,,,,,,,
1789569966192,"Windows x64","MSVC195136257","Intel64 Family 6 Model 142 Stepping 12, GenuineIntel",8,12345,256,4,12,1,16,volatile_first_last_byte,retained_half,mixed,CRT,2,2,768,1536,156900,204.296875,1280,256,327269,0,,,,,,,,,,,,,,,
1789569966192,"Windows x64","MSVC195136257","Intel64 Family 6 Model 142 Stepping 12, GenuineIntel",8,12345,256,4,12,1,16,volatile_first_last_byte,retained_half,mixed,CRT,3,1,768,1536,198400,258.33333333333331,1280,256,327269,0,,,,,,,,,,,,,,,
1789569966192,"Windows x64","MSVC195136257","Intel64 Family 6 Model 142 Stepping 12, GenuineIntel",8,12345,256,4,12,1,16,volatile_first_last_byte,retained_half,mixed,CRT,4,1,768,1536,122600,159.63541666666666,1280,256,327269,0,,,,,,,,,,,,,,,
1789569966192,"Windows x64","MSVC195136257","Intel64 Family 6 Model 142 Stepping 12, GenuineIntel",8,12345,256,4,12,1,16,volatile_first_last_byte,retained_half,mixed,CRT,5,3,768,1536,200700,261.328125,1280,256,327269,0,,,,,,,,,,,,,,,
1789569966192,"Windows x64","MSVC195136257","Intel64 Family 6 Model 142 Stepping 12, GenuineIntel",8,12345,256,4,12,1,16,volatile_first_last_byte,retained_half,mixed,CRT,6,2,768,1536,82300,107.16145833333333,1280,256,327269,0,,,,,,,,,,,,,,,
1789569966192,"Windows x64","MSVC195136257","Intel64 Family 6 Model 142 Stepping 12, GenuineIntel",8,12345,256,4,12,1,16,volatile_first_last_byte,retained_half,mixed,CRT,7,3,768,1536,131700,171.484375,1280,256,327269,0,,,,,,,,,,,,,,,
1789569966192,"Windows x64","MSVC195136257","Intel64 Family 6 Model 142 Stepping 12, GenuineIntel",8,12345,256,4,12,1,16,volatile_first_last_byte,retained_half,mixed,CRT,8,2,768,1536,125800,163.80208333333334,1280,256,327269,0,,,,,,,,,,,,,,,
1789569966192,"Windows x64","MSVC195136257","Intel64 Family 6 Model 142 Stepping 12, GenuineIntel",8,12345,256,4,12,1,16,volatile_first_last_byte,retained_half,mixed,CRT,9,1,768,1536,74800,97.395833333333329,1280,256,327269,0,,,,,,,,,,,,,,,
1789569966192,"Windows x64","MSVC195136257","Intel64 Family 6 Model 142 Stepping 12, GenuineIntel",8,12345,256,4,12,1,16,volatile_first_last_byte,retained_half,mixed,CRT,10,1,768,1536,113700,148.046875,1280,256,327269,0,,,,,,,,,,,,,,,
1789569966192,"Windows x64","MSVC195136257","Intel64 Family 6 Model 142 Stepping 12, GenuineIntel",8,12345,256,4,12,1,16,volatile_first_last_byte,retained_half,mixed,CRT,11,3,768,1536,139300,181.38020833333334,1280,256,327269,0,,,,,,,,,,,,,,,
1789569966192,"Windows x64","MSVC195136257","Intel64 Family 6 Model 142 Stepping 12, GenuineIntel",8,12345,256,4,12,1,16,volatile_first_last_byte,retained_half,mixed,CRT,12,2,768,1536,87700,114.19270833333333,1280,256,327269,0,,,,,,,,,,,,,,,
1789569966192,"Windows x64","MSVC195136257","Intel64 Family 6 Model 142 Stepping 12, GenuineIntel",8,12345,256,4,12,1,16,volatile_first_last_byte,retained_half,mixed,System,1,2,768,1536,320300,417.05729166666669,1280,256,327269,0,,,,,,,,,,,,,,,
1789569966192,"Windows x64","MSVC195136257","Intel64 Family 6 Model 142 Stepping 12, GenuineIntel",8,12345,256,4,12,1,16,volatile_first_last_byte,retained_half,mixed,System,2,1,768,1536,321000,417.96875,1280,256,327269,0,,,,,,,,,,,,,,,
1789569966192,"Windows x64","MSVC195136257","Intel64 Family 6 Model 142 Stepping 12, GenuineIntel",8,12345,256,4,12,1,16,volatile_first_last_byte,retained_half,mixed,System,3,3,768,1536,244700,318.61979166666669,1280,256,327269,0,,,,,,,,,,,,,,,
1789569966192,"Windows x64","MSVC195136257","Intel64 Family 6 Model 142 Stepping 12, GenuineIntel",8,12345,256,4,12,1,16,volatile_first_last_byte,retained_half,mixed,System,4,2,768,1536,244800,318.75,1280,256,327269,0,,,,,,,,,,,,,,,
1789569966192,"Windows x64","MSVC195136257","Intel64 Family 6 Model 142 Stepping 12, GenuineIntel",8,12345,256,4,12,1,16,volatile_first_last_byte,retained_half,mixed,System,5,1,768,1536,218200,284.11458333333331,1280,256,327269,0,,,,,,,,,,,,,,,
1789569966192,"Windows x64","MSVC195136257","Intel64 Family 6 Model 142 Stepping 12, GenuineIntel",8,12345,256,4,12,1,16,volatile_first_last_byte,retained_half,mixed,System,6,3,768,1536,179300,233.46354166666666,1280,256,327269,0,,,,,,,,,,,,,,,
1789569966192,"Windows x64","MSVC195136257","Intel64 Family 6 Model 142 Stepping 12, GenuineIntel",8,12345,256,4,12,1,16,volatile_first_last_byte,retained_half,mixed,System,7,2,768,1536,218500,284.50520833333331,1280,256,327269,0,,,,,,,,,,,,,,,
1789569966192,"Windows x64","MSVC195136257","Intel64 Family 6 Model 142 Stepping 12, GenuineIntel",8,12345,256,4,12,1,16,volatile_first_last_byte,retained_half,mixed,System,8,1,768,1536,148600,193.48958333333334,1280,256,327269,0,,,,,,,,,,,,,,,
1789569966192,"Windows x64","MSVC195136257","Intel64 Family 6 Model 142 Stepping 12, GenuineIntel",8,12345,256,4,12,1,16,volatile_first_last_byte,retained_half,mixed,System,9,3,768,1536,162500,211.58854166666666,1280,256,327269,0,,,,,,,,,,,,,,,
1789569966192,"Windows x64","MSVC195136257","Intel64 Family 6 Model 142 Stepping 12, GenuineIntel",8,12345,256,4,12,1,16,volatile_first_last_byte,retained_half,mixed,System,10,2,768,1536,163400,212.76041666666666,1280,256,327269,0,,,,,,,,,,,,,,,
1789569966192,"Windows x64","MSVC195136257","Intel64 Family 6 Model 142 Stepping 12, GenuineIntel",8,12345,256,4,12,1,16,volatile_first_last_byte,retained_half,mixed,System,11,1,768,1536,187000,243.48958333333334,1280,256,327269,0,,,,,,,,,,,,,,,
1789569966192,"Windows x64","MSVC195136257","Intel64 Family 6 Model 142 Stepping 12, GenuineIntel",8,12345,256,4,12,1,16,volatile_first_last_byte,retained_half,mixed,System,12,3,768,1536,118000,153.64583333333334,1280,256,327269,0,,,,,,,,,,,,,,,
1789569966192,"Windows x64","MSVC195136257","Intel64 Family 6 Model 142 Stepping 12, GenuineIntel",8,12345,256,4,12,1,16,volatile_first_last_byte,retained_half,mixed,Binned,1,1,768,1536,1767100,2300.9114583333335,1280,256,327269,1,256,327269,479120,761856,237568,7,37,0,0,0,0,0,0,0,244
1789569966192,"Windows x64","MSVC195136257","Intel64 Family 6 Model 142 Stepping 12, GenuineIntel",8,12345,256,4,12,1,16,volatile_first_last_byte,retained_half,mixed,Binned,2,3,768,1536,1670100,2174.609375,1280,256,327269,1,256,327269,479120,761856,237568,7,37,0,0,0,0,0,0,0,244
1789569966192,"Windows x64","MSVC195136257","Intel64 Family 6 Model 142 Stepping 12, GenuineIntel",8,12345,256,4,12,1,16,volatile_first_last_byte,retained_half,mixed,Binned,3,2,768,1536,1613700,2101.171875,1280,256,327269,1,256,327269,479120,761856,237568,7,37,0,0,0,0,0,0,0,244
1789569966192,"Windows x64","MSVC195136257","Intel64 Family 6 Model 142 Stepping 12, GenuineIntel",8,12345,256,4,12,1,16,volatile_first_last_byte,retained_half,mixed,Binned,4,3,768,1536,2586000,3367.1875,1280,256,327269,1,256,327269,479120,761856,237568,7,37,0,0,0,0,0,0,0,244
1789569966192,"Windows x64","MSVC195136257","Intel64 Family 6 Model 142 Stepping 12, GenuineIntel",8,12345,256,4,12,1,16,volatile_first_last_byte,retained_half,mixed,Binned,5,2,768,1536,2535700,3301.6927083333335,1280,256,327269,1,256,327269,479120,761856,237568,7,37,0,0,0,0,0,0,0,244
1789569966192,"Windows x64","MSVC195136257","Intel64 Family 6 Model 142 Stepping 12, GenuineIntel",8,12345,256,4,12,1,16,volatile_first_last_byte,retained_half,mixed,Binned,6,1,768,1536,1923000,2503.90625,1280,256,327269,1,256,327269,479120,761856,237568,7,37,0,0,0,0,0,0,0,244
1789569966192,"Windows x64","MSVC195136257","Intel64 Family 6 Model 142 Stepping 12, GenuineIntel",8,12345,256,4,12,1,16,volatile_first_last_byte,retained_half,mixed,Binned,7,1,768,1536,1573800,2049.21875,1280,256,327269,1,256,327269,479120,761856,237568,7,37,0,0,0,0,0,0,0,244
1789569966192,"Windows x64","MSVC195136257","Intel64 Family 6 Model 142 Stepping 12, GenuineIntel",8,12345,256,4,12,1,16,volatile_first_last_byte,retained_half,mixed,Binned,8,3,768,1536,1714000,2231.7708333333335,1280,256,327269,1,256,327269,479120,761856,237568,7,37,0,0,0,0,0,0,0,244
1789569966192,"Windows x64","MSVC195136257","Intel64 Family 6 Model 142 Stepping 12, GenuineIntel",8,12345,256,4,12,1,16,volatile_first_last_byte,retained_half,mixed,Binned,9,2,768,1536,1590700,2071.2239583333335,1280,256,327269,1,256,327269,479120,761856,237568,7,37,0,0,0,0,0,0,0,244
1789569966192,"Windows x64","MSVC195136257","Intel64 Family 6 Model 142 Stepping 12, GenuineIntel",8,12345,256,4,12,1,16,volatile_first_last_byte,retained_half,mixed,Binned,10,3,768,1536,1750500,2279.296875,1280,256,327269,1,256,327269,479120,761856,237568,7,37,0,0,0,0,0,0,0,244
1789569966192,"Windows x64","MSVC195136257","Intel64 Family 6 Model 142 Stepping 12, GenuineIntel",8,12345,256,4,12,1,16,volatile_first_last_byte,retained_half,mixed,Binned,11,2,768,1536,2269400,2954.9479166666665,1280,256,327269,1,256,327269,479120,761856,237568,7,37,0,0,0,0,0,0,0,244
1789569966192,"Windows x64","MSVC195136257","Intel64 Family 6 Model 142 Stepping 12, GenuineIntel",8,12345,256,4,12,1,16,volatile_first_last_byte,retained_half,mixed,Binned,12,1,768,1536,1961500,2554.0364583333335,1280,256,327269,1,256,327269,479120,761856,237568,7,37,0,0,0,0,0,0,0,244
