run_id,platform,compiler,machine,logical_threads,seed,slots,cycles,repeats,warmups,alignment,touch_policy,case,sizes,backend,round,order_position,allocation_pairs,operation_count,elapsed_ns,ns_per_pair,hold_checkpoint_op,held_count_trace,held_requested_trace,stats_available,probe_held_active,probe_held_requested,probe_held_capacity,probe_held_data,probe_held_metadata,probe_held_slabs,probe_held_large,after_active,after_requested,after_capacity,after_data,after_metadata,after_slabs,after_large,timed_page_allocation_calls
1789569991334,"Windows x64","MSVC195136257","Intel64 Family 6 Model 142 Stepping 12, GenuineIntel",8,12345,256,4,12,1,16,volatile_first_last_byte,immediate,16,CRT,1,1,1024,2048,49200,48.046875,1,1,16,0,,,,,,,,,,,,,,,
1789569991334,"Windows x64","MSVC195136257","Intel64 Family 6 Model 142 Stepping 12, GenuineIntel",8,12345,256,4,12,1,16,volatile_first_last_byte,immediate,16,CRT,2,3,1024,2048,55600,54.296875,1,1,16,0,,,,,,,,,,,,,,,
1789569991334,"Windows x64","MSVC195136257","Intel64 Family 6 Model 142 Stepping 12, GenuineIntel",8,12345,256,4,12,1,16,volatile_first_last_byte,immediate,16,CRT,3,2,1024,2048,47100,45.99609375,1,1,16,0,,,,,,,,,,,,,,,
1789569991334,"Windows x64","MSVC195136257","Intel64 Family 6 Model 142 Stepping 12, GenuineIntel",8,12345,256,4,12,1,16,volatile_first_last_byte,immediate,16,CRT,4,3,1024,2048,43200,42.1875,1,1,16,0,,,,,,,,,,,,,,,
1789569991334,"Windows x64","MSVC195136257","Intel64 Family 6 Model 142 Stepping 12, GenuineIntel",8,12345,256,4,12,1,16,volatile_first_last_byte,immediate,16,CRT,5,2,1024,2048,42600,41.6015625,1,1,16,0,,,,,,,,,,,,,,,
1789569991334,"Windows x64","MSVC195136257","Intel64 Family 6 Model 142 Stepping 12, GenuineIntel",8,12345,256,4,12,1,16,volatile_first_last_byte,immediate,16,CRT,6,1,1024,2048,51200,50,1,1,16,0,,,,,,,,,,,,,,,
1789569991334,"Windows x64","MSVC195136257","Intel64 Family 6 Model 142 Stepping 12, GenuineIntel",8,12345,256,4,12,1,16,volatile_first_last_byte,immediate,16,CRT,7,1,1024,2048,46000,44.921875,1,1,16,0,,,,,,,,,,,,,,,
1789569991334,"Windows x64","MSVC195136257","Intel64 Family 6 Model 142 Stepping 12, GenuineIntel",8,12345,256,4,12,1,16,volatile_first_last_byte,immediate,16,CRT,8,3,1024,2048,45000,43.9453125,1,1,16,0,,,,,,,,,,,,,,,
1789569991334,"Windows x64","MSVC195136257","Intel64 Family 6 Model 142 Stepping 12, GenuineIntel",8,12345,256,4,12,1,16,volatile_first_last_byte,immediate,16,CRT,9,2,1024,2048,51100,49.90234375,1,1,16,0,,,,,,,,,,,,,,,
1789569991334,"Windows x64","MSVC195136257","Intel64 Family 6 Model 142 Stepping 12, GenuineIntel",8,12345,256,4,12,1,16,volatile_first_last_byte,immediate,16,CRT,10,3,1024,2048,76000,74.21875,1,1,16,0,,,,,,,,,,,,,,,
1789569991334,"Windows x64","MSVC195136257","Intel64 Family 6 Model 142 Stepping 12, GenuineIntel",8,12345,256,4,12,1,16,volatile_first_last_byte,immediate,16,CRT,11,2,1024,2048,99900,97.55859375,1,1,16,0,,,,,,,,,,,,,,,
1789569991334,"Windows x64","MSVC195136257","Intel64 Family 6 Model 142 Stepping 12, GenuineIntel",8,12345,256,4,12,1,16,volatile_first_last_byte,immediate,16,CRT,12,1,1024,2048,45700,44.62890625,1,1,16,0,,,,,,,,,,,,,,,
1789569991334,"Windows x64","MSVC195136257","Intel64 Family 6 Model 142 Stepping 12, GenuineIntel",8,12345,256,4,12,1,16,volatile_first_last_byte,immediate,16,System,1,2,1024,2048,50900,49.70703125,1,1,16,0,,,,,,,,,,,,,,,
1789569991334,"Windows x64","MSVC195136257","Intel64 Family 6 Model 142 Stepping 12, GenuineIntel",8,12345,256,4,12,1,16,volatile_first_last_byte,immediate,16,System,2,1,1024,2048,51300,50.09765625,1,1,16,0,,,,,,,,,,,,,,,
1789569991334,"Windows x64","MSVC195136257","Intel64 Family 6 Model 142 Stepping 12, GenuineIntel",8,12345,256,4,12,1,16,volatile_first_last_byte,immediate,16,System,3,3,1024,2048,51200,50,1,1,16,0,,,,,,,,,,,,,,,
1789569991334,"Windows x64","MSVC195136257","Intel64 Family 6 Model 142 Stepping 12, GenuineIntel",8,12345,256,4,12,1,16,volatile_first_last_byte,immediate,16,System,4,2,1024,2048,49700,48.53515625,1,1,16,0,,,,,,,,,,,,,,,
1789569991334,"Windows x64","MSVC195136257","Intel64 Family 6 Model 142 Stepping 12, GenuineIntel",8,12345,256,4,12,1,16,volatile_first_last_byte,immediate,16,System,5,1,1024,2048,46800,45.703125,1,1,16,0,,,,,,,,,,,,,,,
1789569991334,"Windows x64","MSVC195136257","Intel64 Family 6 Model 142 Stepping 12, GenuineIntel",8,12345,256,4,12,1,16,volatile_first_last_byte,immediate,16,System,6,3,1024,2048,52300,51.07421875,1,1,16,0,,,,,,,,,,,,,,,
1789569991334,"Windows x64","MSVC195136257","Intel64 Family 6 Model 142 Stepping 12, GenuineIntel",8,12345,256,4,12,1,16,volatile_first_last_byte,immediate,16,System,7,2,1024,2048,49000,47.8515625,1,1,16,0,,,,,,,,,,,,,,,
1789569991334,"Windows x64","MSVC195136257","Intel64 Family 6 Model 142 Stepping 12, GenuineIntel",8,12345,256,4,12,1,16,volatile_first_last_byte,immediate,16,System,8,1,1024,2048,51900,50.68359375,1,1,16,0,,,,,,,,,,,,,,,
1789569991334,"Windows x64","MSVC195136257","Intel64 Family 6 Model 142 Stepping 12, GenuineIntel",8,12345,256,4,12,1,16,volatile_first_last_byte,immediate,16,System,9,3,1024,2048,50100,48.92578125,1,1,16,0,,,,,,,,,,,,,,,
1789569991334,"Windows x64","MSVC195136257","Intel64 Family 6 Model 142 Stepping 12, GenuineIntel",8,12345,256,4,12,1,16,volatile_first_last_byte,immediate,16,System,10,2,1024,2048,104900,102.44140625,1,1,16,0,,,,,,,,,,,,,,,
1789569991334,"Windows x64","MSVC195136257","Intel64 Family 6 Model 142 Stepping 12, GenuineIntel",8,12345,256,4,12,1,16,volatile_first_last_byte,immediate,16,System,11,1,1024,2048,67100,65.52734375,1,1,16,0,,,,,,,,,,,,,,,
1789569991334,"Windows x64","MSVC195136257","Intel64 Family 6 Model 142 Stepping 12, GenuineIntel",8,12345,256,4,12,1,16,volatile_first_last_byte,immediate,16,System,12,3,1024,2048,49500,48.33984375,1,1,16,0,,,,,,,,,,,,,,,
1789569991334,"Windows x64","MSVC195136257","Intel64 Family 6 Model 142 Stepping 12, GenuineIntel",8,12345,256,4,12,1,16,volatile_first_last_byte,immediate,16,Binned,1,3,1024,2048,24991600,24405.859375,1,1,16,1,1,16,16,65536,36864,1,0,0,0,0,0,0,0,0,2048
1789569991334,"Windows x64","MSVC195136257","Intel64 Family 6 Model 142 Stepping 12, GenuineIntel",8,12345,256,4,12,1,16,volatile_first_last_byte,immediate,16,Binned,2,2,1024,2048,26889100,26258.88671875,1,1,16,1,1,16,16,65536,36864,1,0,0,0,0,0,0,0,0,2048
1789569991334,"Windows x64","MSVC195136257","Intel64 Family 6 Model 142 Stepping 12, GenuineIntel",8,12345,256,4,12,1,16,volatile_first_last_byte,immediate,16,Binned,3,1,1024,2048,25022100,24435.64453125,1,1,16,1,1,16,16,65536,36864,1,0,0,0,0,0,0,0,0,2048
1789569991334,"Windows x64","MSVC195136257","Intel64 Family 6 Model 142 Stepping 12, GenuineIntel",8,12345,256,4,12,1,16,volatile_first_last_byte,immediate,16,Binned,4,1,1024,2048,25218700,24627.63671875,1,1,16,1,1,16,16,65536,36864,1,0,0,0,0,0,0,0,0,2048
1789569991334,"Windows x64","MSVC195136257","Intel64 Family 6 Model 142 Stepping 12, GenuineIntel",8,12345,256,4,12,1,16,volatile_first_last_byte,immediate,16,Binned,5,3,1024,2048,24138600,23572.8515625,1,1,16,1,1,16,16,65536,36864,1,0,0,0,0,0,0,0,0,2048
1789569991334,"Windows x64","MSVC195136257","Intel64 Family 6 Model 142 Stepping 12, GenuineIntel",8,12345,256,4,12,1,16,volatile_first_last_byte,immediate,16,Binned,6,2,1024,2048,25065600,24478.125,1,1,16,1,1,16,16,65536,36864,1,0,0,0,0,0,0,0,0,2048
1789569991334,"Windows x64","MSVC195136257","Intel64 Family 6 Model 142 Stepping 12, GenuineIntel",8,12345,256,4,12,1,16,volatile_first_last_byte,immediate,16,Binned,7,3,1024,2048,24500300,23926.07421875,1,1,16,1,1,16,16,65536,36864,1,0,0,0,0,0,0,0,0,2048
1789569991334,"Windows x64","MSVC195136257","Intel64 Family 6 Model 142 Stepping 12, GenuineIntel",8,12345,256,4,12,1,16,volatile_first_last_byte,immediate,16,Binned,8,2,1024,2048,26616700,25992.87109375,1,1,16,1,1,16,16,65536,36864,1,0,0,0,0,0,0,0,0,2048
1789569991334,"Windows x64","MSVC195136257","Intel64 Family 6 Model 142 Stepping 12, GenuineIntel",8,12345,256,4,12,1,16,volatile_first_last_byte,immediate,16,Binned,9,1,1024,2048,25757700,25154.00390625,1,1,16,1,1,16,16,65536,36864,1,0,0,0,0,0,0,0,0,2048
1789569991334,"Windows x64","MSVC195136257","Intel64 Family 6 Model 142 Stepping 12, GenuineIntel",8,12345,256,4,12,1,16,volatile_first_last_byte,immediate,16,Binned,10,1,1024,2048,26504800,25883.59375,1,1,16,1,1,16,16,65536,36864,1,0,0,0,0,0,0,0,0,2048
1789569991334,"Windows x64","MSVC195136257","Intel64 Family 6 Model 142 Stepping 12, GenuineIntel",8,12345,256,4,12,1,16,volatile_first_last_byte,immediate,16,Binned,11,3,1024,2048,22920300,22383.10546875,1,1,16,1,1,16,16,65536,36864,1,0,0,0,0,0,0,0,0,2048
1789569991334,"Windows x64","MSVC195136257","Intel64 Family 6 Model 142 Stepping 12, GenuineIntel",8,12345,256,4,12,1,16,volatile_first_last_byte,immediate,16,Binned,12,2,1024,2048,22161700,21642.28515625,1,1,16,1,1,16,16,65536,36864,1,0,0,0,0,0,0,0,0,2048
1789569991334,"Windows x64","MSVC195136257","Intel64 Family 6 Model 142 Stepping 12, GenuineIntel",8,12345,256,4,12,1,16,volatile_first_last_byte,batch,16,CRT,1,3,1024,2048,53900,52.63671875,256,256,4096,0,,,,,,,,,,,,,,,
1789569991334,"Windows x64","MSVC195136257","Intel64 Family 6 Model 142 Stepping 12, GenuineIntel",8,12345,256,4,12,1,16,volatile_first_last_byte,batch,16,CRT,2,2,1024,2048,53700,52.44140625,256,256,4096,0,,,,,,,,,,,,,,,
1789569991334,"Windows x64","MSVC195136257","Intel64 Family 6 Model 142 Stepping 12, GenuineIntel",8,12345,256,4,12,1,16,volatile_first_last_byte,batch,16,CRT,3,3,1024,2048,53100,51.85546875,256,256,4096,0,,,,,,,,,,,,,,,
1789569991334,"Windows x64","MSVC195136257","Intel64 Family 6 Model 142 Stepping 12, GenuineIntel",8,12345,256,4,12,1,16,volatile_first_last_byte,batch,16,CRT,4,2,1024,2048,53100,51.85546875,256,256,4096,0,,,,,,,,,,,,,,,
1789569991334,"Windows x64","MSVC195136257","Intel64 Family 6 Model 142 Stepping 12, GenuineIntel",8,12345,256,4,12,1,16,volatile_first_last_byte,batch,16,CRT,5,1,1024,2048,53800,52.5390625,256,256,4096,0,,,,,,,,,,,,,,,
1789569991334,"Windows x64","MSVC195136257","Intel64 Family 6 Model 142 Stepping 12, GenuineIntel",8,12345,256,4,12,1,16,volatile_first_last_byte,batch,16,CRT,6,1,1024,2048,53200,51.953125,256,256,4096,0,,,,,,,,,,,,,,,
1789569991334,"Windows x64","MSVC195136257","Intel64 Family 6 Model 142 Stepping 12, GenuineIntel",8,12345,256,4,12,1,16,volatile_first_last_byte,batch,16,CRT,7,3,1024,2048,53900,52.63671875,256,256,4096,0,,,,,,,,,,,,,,,
1789569991334,"Windows x64","MSVC195136257","Intel64 Family 6 Model 142 Stepping 12, GenuineIntel",8,12345,256,4,12,1,16,volatile_first_last_byte,batch,16,CRT,8,2,1024,2048,53800,52.5390625,256,256,4096,0,,,,,,,,,,,,,,,
1789569991334,"Windows x64","MSVC195136257","Intel64 Family 6 Model 142 Stepping 12, GenuineIntel",8,12345,256,4,12,1,16,volatile_first_last_byte,batch,16,CRT,9,3,1024,2048,53300,52.05078125,256,256,4096,0,,,,,,,,,,,,,,,
1789569991334,"Windows x64","MSVC195136257","Intel64 Family 6 Model 142 Stepping 12, GenuineIntel",8,12345,256,4,12,1,16,volatile_first_last_byte,batch,16,CRT,10,2,1024,2048,53100,51.85546875,256,256,4096,0,,,,,,,,,,,,,,,
1789569991334,"Windows x64","MSVC195136257","Intel64 Family 6 Model 142 Stepping 12, GenuineIntel",8,12345,256,4,12,1,16,volatile_first_last_byte,batch,16,CRT,11,1,1024,2048,53600,52.34375,256,256,4096,0,,,,,,,,,,,,,,,
1789569991334,"Windows x64","MSVC195136257","Intel64 Family 6 Model 142 Stepping 12, GenuineIntel",8,12345,256,4,12,1,16,volatile_first_last_byte,batch,16,CRT,12,1,1024,2048,53100,51.85546875,256,256,4096,0,,,,,,,,,,,,,,,
1789569991334,"Windows x64","MSVC195136257","Intel64 Family 6 Model 142 Stepping 12, GenuineIntel",8,12345,256,4,12,1,16,volatile_first_last_byte,batch,16,System,1,1,1024,2048,58400,57.03125,256,256,4096,0,,,,,,,,,,,,,,,
1789569991334,"Windows x64","MSVC195136257","Intel64 Family 6 Model 142 Stepping 12, GenuineIntel",8,12345,256,4,12,1,16,volatile_first_last_byte,batch,16,System,2,3,1024,2048,58000,56.640625,256,256,4096,0,,,,,,,,,,,,,,,
1789569991334,"Windows x64","MSVC195136257","Intel64 Family 6 Model 142 Stepping 12, GenuineIntel",8,12345,256,4,12,1,16,volatile_first_last_byte,batch,16,System,3,2,1024,2048,58400,57.03125,256,256,4096,0,,,,,,,,,,,,,,,
1789569991334,"Windows x64","MSVC195136257","Intel64 Family 6 Model 142 Stepping 12, GenuineIntel",8,12345,256,4,12,1,16,volatile_first_last_byte,batch,16,System,4,1,1024,2048,57600,56.25,256,256,4096,0,,,,,,,,,,,,,,,
1789569991334,"Windows x64","MSVC195136257","Intel64 Family 6 Model 142 Stepping 12, GenuineIntel",8,12345,256,4,12,1,16,volatile_first_last_byte,batch,16,System,5,3,1024,2048,58500,57.12890625,256,256,4096,0,,,,,,,,,,,,,,,
1789569991334,"Windows x64","MSVC195136257","Intel64 Family 6 Model 142 Stepping 12, GenuineIntel",8,12345,256,4,12,1,16,volatile_first_last_byte,batch,16,System,6,2,1024,2048,57500,56.15234375,256,256,4096,0,,,,,,,,,,,,,,,
1789569991334,"Windows x64","MSVC195136257","Intel64 Family 6 Model 142 Stepping 12, GenuineIntel",8,12345,256,4,12,1,16,volatile_first_last_byte,batch,16,System,7,1,1024,2048,58600,57.2265625,256,256,4096,0,,,,,,,,,,,,,,,
1789569991334,"Windows x64","MSVC195136257","Intel64 Family 6 Model 142 Stepping 12, GenuineIntel",8,12345,256,4,12,1,16,volatile_first_last_byte,batch,16,System,8,3,1024,2048,57800,56.4453125,256,256,4096,0,,,,,,,,,,,,,,,
1789569991334,"Windows x64","MSVC195136257","Intel64 Family 6 Model 142 Stepping 12, GenuineIntel",8,12345,256,4,12,1,16,volatile_first_last_byte,batch,16,System,9,2,1024,2048,58400,57.03125,256,256,4096,0,,,,,,,,,,,,,,,
1789569991334,"Windows x64","MSVC195136257","Intel64 Family 6 Model 142 Stepping 12, GenuineIntel",8,12345,256,4,12,1,16,volatile_first_last_byte,batch,16,System,10,1,1024,2048,57700,56.34765625,256,256,4096,0,,,,,,,,,,,,,,,
1789569991334,"Windows x64","MSVC195136257","Intel64 Family 6 Model 142 Stepping 12, GenuineIntel",8,12345,256,4,12,1,16,volatile_first_last_byte,batch,16,System,11,3,1024,2048,58400,57.03125,256,256,4096,0,,,,,,,,,,,,,,,
1789569991334,"Windows x64","MSVC195136257","Intel64 Family 6 Model 142 Stepping 12, GenuineIntel",8,12345,256,4,12,1,16,volatile_first_last_byte,batch,16,System,12,2,1024,2048,57600,56.25,256,256,4096,0,,,,,,,,,,,,,,,
1789569991334,"Windows x64","MSVC195136257","Intel64 Family 6 Model 142 Stepping 12, GenuineIntel",8,12345,256,4,12,1,16,volatile_first_last_byte,batch,16,Binned,1,2,1024,2048,116800,114.0625,256,256,4096,1,256,4096,4096,65536,36864,1,0,0,0,0,0,0,0,0,8
1789569991334,"Windows x64","MSVC195136257","Intel64 Family 6 Model 142 Stepping 12, GenuineIntel",8,12345,256,4,12,1,16,volatile_first_last_byte,batch,16,Binned,2,1,1024,2048,114400,111.71875,256,256,4096,1,256,4096,4096,65536,36864,1,0,0,0,0,0,0,0,0,8
1789569991334,"Windows x64","MSVC195136257","Intel64 Family 6 Model 142 Stepping 12, GenuineIntel",8,12345,256,4,12,1,16,volatile_first_last_byte,batch,16,Binned,3,1,1024,2048,114500,111.81640625,256,256,4096,1,256,4096,4096,65536,36864,1,0,0,0,0,0,0,0,0,8
1789569991334,"Windows x64","MSVC195136257","Intel64 Family 6 Model 142 Stepping 12, GenuineIntel",8,12345,256,4,12,1,16,volatile_first_last_byte,batch,16,Binned,4,3,1024,2048,122600,119.7265625,256,256,4096,1,256,4096,4096,65536,36864,1,0,0,0,0,0,0,0,0,8
1789569991334,"Windows x64","MSVC195136257","Intel64 Family 6 Model 142 Stepping 12, GenuineIntel",8,12345,256,4,12,1,16,volatile_first_last_byte,batch,16,Binned,5,2,1024,2048,114200,111.5234375,256,256,4096,1,256,4096,4096,65536,36864,1,0,0,0,0,0,0,0,0,8
1789569991334,"Windows x64","MSVC195136257","Intel64 Family 6 Model 142 Stepping 12, GenuineIntel",8,12345,256,4,12,1,16,volatile_first_last_byte,batch,16,Binned,6,3,1024,2048,114200,111.5234375,256,256,4096,1,256,4096,4096,65536,36864,1,0,0,0,0,0,0,0,0,8
1789569991334,"Windows x64","MSVC195136257","Intel64 Family 6 Model 142 Stepping 12, GenuineIntel",8,12345,256,4,12,1,16,volatile_first_last_byte,batch,16,Binned,7,2,1024,2048,114700,112.01171875,256,256,4096,1,256,4096,4096,65536,36864,1,0,0,0,0,0,0,0,0,8
1789569991334,"Windows x64","MSVC195136257","Intel64 Family 6 Model 142 Stepping 12, GenuineIntel",8,12345,256,4,12,1,16,volatile_first_last_byte,batch,16,Binned,8,1,1024,2048,114500,111.81640625,256,256,4096,1,256,4096,4096,65536,36864,1,0,0,0,0,0,0,0,0,8
1789569991334,"Windows x64","MSVC195136257","Intel64 Family 6 Model 142 Stepping 12, GenuineIntel",8,12345,256,4,12,1,16,volatile_first_last_byte,batch,16,Binned,9,1,1024,2048,153300,149.70703125,256,256,4096,1,256,4096,4096,65536,36864,1,0,0,0,0,0,0,0,0,8
1789569991334,"Windows x64","MSVC195136257","Intel64 Family 6 Model 142 Stepping 12, GenuineIntel",8,12345,256,4,12,1,16,volatile_first_last_byte,batch,16,Binned,10,3,1024,2048,113800,111.1328125,256,256,4096,1,256,4096,4096,65536,36864,1,0,0,0,0,0,0,0,0,8
1789569991334,"Windows x64","MSVC195136257","Intel64 Family 6 Model 142 Stepping 12, GenuineIntel",8,12345,256,4,12,1,16,volatile_first_last_byte,batch,16,Binned,11,2,1024,2048,113700,111.03515625,256,256,4096,1,256,4096,4096,65536,36864,1,0,0,0,0,0,0,0,0,8
1789569991334,"Windows x64","MSVC195136257","Intel64 Family 6 Model 142 Stepping 12, GenuineIntel",8,12345,256,4,12,1,16,volatile_first_last_byte,batch,16,Binned,12,3,1024,2048,113800,111.1328125,256,256,4096,1,256,4096,4096,65536,36864,1,0,0,0,0,0,0,0,0,8
1789569991334,"Windows x64","MSVC195136257","Intel64 Family 6 Model 142 Stepping 12, GenuineIntel",8,12345,256,4,12,1,16,volatile_first_last_byte,immediate,24,CRT,1,2,1024,2048,53900,52.63671875,1,1,24,0,,,,,,,,,,,,,,,
1789569991334,"Windows x64","MSVC195136257","Intel64 Family 6 Model 142 Stepping 12, GenuineIntel",8,12345,256,4,12,1,16,volatile_first_last_byte,immediate,24,CRT,2,3,1024,2048,43200,42.1875,1,1,24,0,,,,,,,,,,,,,,,
1789569991334,"Windows x64","MSVC195136257","Intel64 Family 6 Model 142 Stepping 12, GenuineIntel",8,12345,256,4,12,1,16,volatile_first_last_byte,immediate,24,CRT,3,2,1024,2048,44600,43.5546875,1,1,24,0,,,,,,,,,,,,,,,
1789569991334,"Windows x64","MSVC195136257","Intel64 Family 6 Model 142 Stepping 12, GenuineIntel",8,12345,256,4,12,1,16,volatile_first_last_byte,immediate,24,CRT,4,1,1024,2048,44500,43.45703125,1,1,24,0,,,,,,,,,,,,,,,
1789569991334,"Windows x64","MSVC195136257","Intel64 Family 6 Model 142 Stepping 12, GenuineIntel",8,12345,256,4,12,1,16,volatile_first_last_byte,immediate,24,CRT,5,1,1024,2048,43100,42.08984375,1,1,24,0,,,,,,,,,,,,,,,
1789569991334,"Windows x64","MSVC195136257","Intel64 Family 6 Model 142 Stepping 12, GenuineIntel",8,12345,256,4,12,1,16,volatile_first_last_byte,immediate,24,CRT,6,3,1024,2048,44200,43.1640625,1,1,24,0,,,,,,,,,,,,,,,
1789569991334,"Windows x64","MSVC195136257","Intel64 Family 6 Model 142 Stepping 12, GenuineIntel",8,12345,256,4,12,1,16,volatile_first_last_byte,immediate,24,CRT,7,2,1024,2048,45600,44.53125,1,1,24,0,,,,,,,,,,,,,,,
1789569991334,"Windows x64","MSVC195136257","Intel64 Family 6 Model 142 Stepping 12, GenuineIntel",8,12345,256,4,12,1,16,volatile_first_last_byte,immediate,24,CRT,8,3,1024,2048,62200,60.7421875,1,1,24,0,,,,,,,,,,,,,,,
1789569991334,"Windows x64","MSVC195136257","Intel64 Family 6 Model 142 Stepping 12, GenuineIntel",8,12345,256,4,12,1,16,volatile_first_last_byte,immediate,24,CRT,9,2,1024,2048,45200,44.140625,1,1,24,0,,,,,,,,,,,,,,,
1789569991334,"Windows x64","MSVC195136257","Intel64 Family 6 Model 142 Stepping 12, GenuineIntel",8,12345,256,4,12,1,16,volatile_first_last_byte,immediate,24,CRT,10,1,1024,2048,44700,43.65234375,1,1,24,0,,,,,,,,,,,,,,,
1789569991334,"Windows x64","MSVC195136257","Intel64 Family 6 Model 142 Stepping 12, GenuineIntel",8,12345,256,4,12,1,16,volatile_first_last_byte,immediate,24,CRT,11,1,1024,2048,43300,42.28515625,1,1,24,0,,,,,,,,,,,,,,,
1789569991334,"Windows x64","MSVC195136257","Intel64 Family 6 Model 142 Stepping 12, GenuineIntel",8,12345,256,4,12,1,16,volatile_first_last_byte,immediate,24,CRT,12,3,1024,2048,44400,43.359375,1,1,24,0,,,,,,,,,,,,,,,
1789569991334,"Windows x64","MSVC195136257","Intel64 Family 6 Model 142 Stepping 12, GenuineIntel",8,12345,256,4,12,1,16,volatile_first_last_byte,immediate,24,System,1,3,1024,2048,74500,72.75390625,1,1,24,0,,,,,,,,,,,,,,,
1789569991334,"Windows x64","MSVC195136257","Intel64 Family 6 Model 142 Stepping 12, GenuineIntel",8,12345,256,4,12,1,16,volatile_first_last_byte,immediate,24,System,2,2,1024,2048,48100,46.97265625,1,1,24,0,,,,,,,,,,,,,,,
1789569991334,"Windows x64","MSVC195136257","Intel64 Family 6 Model 142 Stepping 12, GenuineIntel",8,12345,256,4,12,1,16,volatile_first_last_byte,immediate,24,System,3,1,1024,2048,46300,45.21484375,1,1,24,0,,,,,,,,,,,,,,,
1789569991334,"Windows x64","MSVC195136257","Intel64 Family 6 Model 142 Stepping 12, GenuineIntel",8,12345,256,4,12,1,16,volatile_first_last_byte,immediate,24,System,4,3,1024,2048,49100,47.94921875,1,1,24,0,,,,,,,,,,,,,,,
1789569991334,"Windows x64","MSVC195136257","Intel64 Family 6 Model 142 Stepping 12, GenuineIntel",8,12345,256,4,12,1,16,volatile_first_last_byte,immediate,24,System,5,2,1024,2048,46100,45.01953125,1,1,24,0,,,,,,,,,,,,,,,
1789569991334,"Windows x64","MSVC195136257","Intel64 Family 6 Model 142 Stepping 12, GenuineIntel",8,12345,256,4,12,1,16,volatile_first_last_byte,immediate,24,System,6,1,1024,2048,48700,47.55859375,1,1,24,0,,,,,,,,,,,,,,,
1789569991334,"Windows x64","MSVC195136257","Intel64 Family 6 Model 142 Stepping 12, GenuineIntel",8,12345,256,4,12,1,16,volatile_first_last_byte,immediate,24,System,7,3,1024,2048,47500,46.38671875,1,1,24,0,,,,,,,,,,,,,,,
1789569991334,"Windows x64","MSVC195136257","Intel64 Family 6 Model 142 Stepping 12, GenuineIntel",8,12345,256,4,12,1,16,volatile_first_last_byte,immediate,24,System,8,2,1024,2048,52400,51.171875,1,1,24,0,,,,,,,,,,,,,,,
1789569991334,"Windows x64","MSVC195136257","Intel64 Family 6 Model 142 Stepping 12, GenuineIntel",8,12345,256,4,12,1,16,volatile_first_last_byte,immediate,24,System,9,1,1024,2048,66700,65.13671875,1,1,24,0,,,,,,,,,,,,,,,
1789569991334,"Windows x64","MSVC195136257","Intel64 Family 6 Model 142 Stepping 12, GenuineIntel",8,12345,256,4,12,1,16,volatile_first_last_byte,immediate,24,System,10,3,1024,2048,48400,47.265625,1,1,24,0,,,,,,,,,,,,,,,
1789569991334,"Windows x64","MSVC195136257","Intel64 Family 6 Model 142 Stepping 12, GenuineIntel",8,12345,256,4,12,1,16,volatile_first_last_byte,immediate,24,System,11,2,1024,2048,46300,45.21484375,1,1,24,0,,,,,,,,,,,,,,,
1789569991334,"Windows x64","MSVC195136257","Intel64 Family 6 Model 142 Stepping 12, GenuineIntel",8,12345,256,4,12,1,16,volatile_first_last_byte,immediate,24,System,12,1,1024,2048,54500,53.22265625,1,1,24,0,,,,,,,,,,,,,,,
1789569991334,"Windows x64","MSVC195136257","Intel64 Family 6 Model 142 Stepping 12, GenuineIntel",8,12345,256,4,12,1,16,volatile_first_last_byte,immediate,24,Binned,1,1,1024,2048,15661000,15293.9453125,1,1,24,1,1,24,32,65536,20480,1,0,0,0,0,0,0,0,0,2048
1789569991334,"Windows x64","MSVC195136257","Intel64 Family 6 Model 142 Stepping 12, GenuineIntel",8,12345,256,4,12,1,16,volatile_first_last_byte,immediate,24,Binned,2,1,1024,2048,15783500,15413.57421875,1,1,24,1,1,24,32,65536,20480,1,0,0,0,0,0,0,0,0,2048
1789569991334,"Windows x64","MSVC195136257","Intel64 Family 6 Model 142 Stepping 12, GenuineIntel",8,12345,256,4,12,1,16,volatile_first_last_byte,immediate,24,Binned,3,3,1024,2048,16105000,15727.5390625,1,1,24,1,1,24,32,65536,20480,1,0,0,0,0,0,0,0,0,2048
1789569991334,"Windows x64","MSVC195136257","Intel64 Family 6 Model 142 Stepping 12, GenuineIntel",8,12345,256,4,12,1,16,volatile_first_last_byte,immediate,24,Binned,4,2,1024,2048,15531700,15167.67578125,1,1,24,1,1,24,32,65536,20480,1,0,0,0,0,0,0,0,0,2048
1789569991334,"Windows x64","MSVC195136257","Intel64 Family 6 Model 142 Stepping 12, GenuineIntel",8,12345,256,4,12,1,16,volatile_first_last_byte,immediate,24,Binned,5,3,1024,2048,15562800,15198.046875,1,1,24,1,1,24,32,65536,20480,1,0,0,0,0,0,0,0,0,2048
1789569991334,"Windows x64","MSVC195136257","Intel64 Family 6 Model 142 Stepping 12, GenuineIntel",8,12345,256,4,12,1,16,volatile_first_last_byte,immediate,24,Binned,6,2,1024,2048,15386100,15025.48828125,1,1,24,1,1,24,32,65536,20480,1,0,0,0,0,0,0,0,0,2048
1789569991334,"Windows x64","MSVC195136257","Intel64 Family 6 Model 142 Stepping 12, GenuineIntel",8,12345,256,4,12,1,16,volatile_first_last_byte,immediate,24,Binned,7,1,1024,2048,15645700,15279.00390625,1,1,24,1,1,24,32,65536,20480,1,0,0,0,0,0,0,0,0,2048
1789569991334,"Windows x64","MSVC195136257","Intel64 Family 6 Model 142 Stepping 12, GenuineIntel",8,12345,256,4,12,1,16,volatile_first_last_byte,immediate,24,Binned,8,1,1024,2048,16086000,15708.984375,1,1,24,1,1,24,32,65536,20480,1,0,0,0,0,0,0,0,0,2048
1789569991334,"Windows x64","MSVC195136257","Intel64 Family 6 Model 142 Stepping 12, GenuineIntel",8,12345,256,4,12,1,16,volatile_first_last_byte,immediate,24,Binned,9,3,1024,2048,19153400,18704.4921875,1,1,24,1,1,24,32,65536,20480,1,0,0,0,0,0,0,0,0,2048
1789569991334,"Windows x64","MSVC195136257","Intel64 Family 6 Model 142 Stepping 12, GenuineIntel",8,12345,256,4,12,1,16,volatile_first_last_byte,immediate,24,Binned,10,2,1024,2048,18555400,18120.5078125,1,1,24,1,1,24,32,65536,20480,1,0,0,0,0,0,0,0,0,2048
1789569991334,"Windows x64","MSVC195136257","Intel64 Family 6 Model 142 Stepping 12, GenuineIntel",8,12345,256,4,12,1,16,volatile_first_last_byte,immediate,24,Binned,11,3,1024,2048,17008700,16610.05859375,1,1,24,1,1,24,32,65536,20480,1,0,0,0,0,0,0,0,0,2048
1789569991334,"Windows x64","MSVC195136257","Intel64 Family 6 Model 142 Stepping 12, GenuineIntel",8,12345,256,4,12,1,16,volatile_first_last_byte,immediate,24,Binned,12,2,1024,2048,16023000,15647.4609375,1,1,24,1,1,24,32,65536,20480,1,0,0,0,0,0,0,0,0,2048
1789569991334,"Windows x64","MSVC195136257","Intel64 Family 6 Model 142 Stepping 12, GenuineIntel",8,12345,256,4,12,1,16,volatile_first_last_byte,batch,24,CRT,1,3,1024,2048,50800,49.609375,256,256,6144,0,,,,,,,,,,,,,,,
1789569991334,"Windows x64","MSVC195136257","Intel64 Family 6 Model 142 Stepping 12, GenuineIntel",8,12345,256,4,12,1,16,volatile_first_last_byte,batch,24,CRT,2,2,1024,2048,49100,47.94921875,256,256,6144,0,,,,,,,,,,,,,,,
1789569991334,"Windows x64","MSVC195136257","Intel64 Family 6 Model 142 Stepping 12, GenuineIntel",8,12345,256,4,12,1,16,volatile_first_last_byte,batch,24,CRT,3,1,1024,2048,49600,48.4375,256,256,6144,0,,,,,,,,,,,,,,,
1789569991334,"Windows x64","MSVC195136257","Intel64 Family 6 Model 142 Stepping 12, GenuineIntel",8,12345,256,4,12,1,16,volatile_first_last_byte,batch,24,CRT,4,1,1024,2048,49100,47.94921875,256,256,6144,0,,,,,,,,,,,,,,,
1789569991334,"Windows x64","MSVC195136257","Intel64 Family 6 Model 142 Stepping 12, GenuineIntel",8,12345,256,4,12,1,16,volatile_first_last_byte,batch,24,CRT,5,3,1024,2048,62300,60.83984375,256,256,6144,0,,,,,,,,,,,,,,,
1789569991334,"Windows x64","MSVC195136257","Intel64 Family 6 Model 142 Stepping 12, GenuineIntel",8,12345,256,4,12,1,16,volatile_first_last_byte,batch,24,CRT,6,2,1024,2048,63800,62.3046875,256,256,6144,0,,,,,,,,,,,,,,,
1789569991334,"Windows x64","MSVC195136257","Intel64 Family 6 Model 142 Stepping 12, GenuineIntel",8,12345,256,4,12,1,16,volatile_first_last_byte,batch,24,CRT,7,3,1024,2048,47700,46.58203125,256,256,6144,0,,,,,,,,,,,,,,,
1789569991334,"Windows x64","MSVC195136257","Intel64 Family 6 Model 142 Stepping 12, GenuineIntel",8,12345,256,4,12,1,16,volatile_first_last_byte,batch,24,CRT,8,2,1024,2048,47500,46.38671875,256,256,6144,0,,,,,,,,,,,,,,,
1789569991334,"Windows x64","MSVC195136257","Intel64 Family 6 Model 142 Stepping 12, GenuineIntel",8,12345,256,4,12,1,16,volatile_first_last_byte,batch,24,CRT,9,1,1024,2048,61700,60.25390625,256,256,6144,0,,,,,,,,,,,,,,,
1789569991334,"Windows x64","MSVC195136257","Intel64 Family 6 Model 142 Stepping 12, GenuineIntel",8,12345,256,4,12,1,16,volatile_first_last_byte,batch,24,CRT,10,1,1024,2048,47700,46.58203125,256,256,6144,0,,,,,,,,,,,,,,,
1789569991334,"Windows x64","MSVC195136257","Intel64 Family 6 Model 142 Stepping 12, GenuineIntel",8,12345,256,4,12,1,16,volatile_first_last_byte,batch,24,CRT,11,3,1024,2048,48200,47.0703125,256,256,6144,0,,,,,,,,,,,,,,,
1789569991334,"Windows x64","MSVC195136257","Intel64 Family 6 Model 142 Stepping 12, GenuineIntel",8,12345,256,4,12,1,16,volatile_first_last_byte,batch,24,CRT,12,2,1024,2048,48100,46.97265625,256,256,6144,0,,,,,,,,,,,,,,,
1789569991334,"Windows x64","MSVC195136257","Intel64 Family 6 Model 142 Stepping 12, GenuineIntel",8,12345,256,4,12,1,16,volatile_first_last_byte,batch,24,System,1,2,1024,2048,58100,56.73828125,256,256,6144,0,,,,,,,,,,,,,,,
1789569991334,"Windows x64","MSVC195136257","Intel64 Family 6 Model 142 Stepping 12, GenuineIntel",8,12345,256,4,12,1,16,volatile_first_last_byte,batch,24,System,2,1,1024,2048,57300,55.95703125,256,256,6144,0,,,,,,,,,,,,,,,
1789569991334,"Windows x64","MSVC195136257","Intel64 Family 6 Model 142 Stepping 12, GenuineIntel",8,12345,256,4,12,1,16,volatile_first_last_byte,batch,24,System,3,3,1024,2048,57900,56.54296875,256,256,6144,0,,,,,,,,,,,,,,,
1789569991334,"Windows x64","MSVC195136257","Intel64 Family 6 Model 142 Stepping 12, GenuineIntel",8,12345,256,4,12,1,16,volatile_first_last_byte,batch,24,System,4,2,1024,2048,57500,56.15234375,256,256,6144,0,,,,,,,,,,,,,,,
1789569991334,"Windows x64","MSVC195136257","Intel64 Family 6 Model 142 Stepping 12, GenuineIntel",8,12345,256,4,12,1,16,volatile_first_last_byte,batch,24,System,5,1,1024,2048,65500,63.96484375,256,256,6144,0,,,,,,,,,,,,,,,
1789569991334,"Windows x64","MSVC195136257","Intel64 Family 6 Model 142 Stepping 12, GenuineIntel",8,12345,256,4,12,1,16,volatile_first_last_byte,batch,24,System,6,3,1024,2048,72200,70.5078125,256,256,6144,0,,,,,,,,,,,,,,,
1789569991334,"Windows x64","MSVC195136257","Intel64 Family 6 Model 142 Stepping 12, GenuineIntel",8,12345,256,4,12,1,16,volatile_first_last_byte,batch,24,System,7,2,1024,2048,56700,55.37109375,256,256,6144,0,,,,,,,,,,,,,,,
1789569991334,"Windows x64","MSVC195136257","Intel64 Family 6 Model 142 Stepping 12, GenuineIntel",8,12345,256,4,12,1,16,volatile_first_last_byte,batch,24,System,8,1,1024,2048,56200,54.8828125,256,256,6144,0,,,,,,,,,,,,,,,
1789569991334,"Windows x64","MSVC195136257","Intel64 Family 6 Model 142 Stepping 12, GenuineIntel",8,12345,256,4,12,1,16,volatile_first_last_byte,batch,24,System,9,3,1024,2048,56700,55.37109375,256,256,6144,0,,,,,,,,,,,,,,,
1789569991334,"Windows x64","MSVC195136257","Intel64 Family 6 Model 142 Stepping 12, GenuineIntel",8,12345,256,4,12,1,16,volatile_first_last_byte,batch,24,System,10,2,1024,2048,69700,68.06640625,256,256,6144,0,,,,,,,,,,,,,,,
1789569991334,"Windows x64","MSVC195136257","Intel64 Family 6 Model 142 Stepping 12, GenuineIntel",8,12345,256,4,12,1,16,volatile_first_last_byte,batch,24,System,11,1,1024,2048,56500,55.17578125,256,256,6144,0,,,,,,,,,,,,,,,
1789569991334,"Windows x64","MSVC195136257","Intel64 Family 6 Model 142 Stepping 12, GenuineIntel",8,12345,256,4,12,1,16,volatile_first_last_byte,batch,24,System,12,3,1024,2048,56200,54.8828125,256,256,6144,0,,,,,,,,,,,,,,,
1789569991334,"Windows x64","MSVC195136257","Intel64 Family 6 Model 142 Stepping 12, GenuineIntel",8,12345,256,4,12,1,16,volatile_first_last_byte,batch,24,Binned,1,1,1024,2048,93600,91.40625,256,256,6144,1,256,6144,8192,65536,20480,1,0,0,0,0,0,0,0,0,8
1789569991334,"Windows x64","MSVC195136257","Intel64 Family 6 Model 142 Stepping 12, GenuineIntel",8,12345,256,4,12,1,16,volatile_first_last_byte,batch,24,Binned,2,3,1024,2048,93100,90.91796875,256,256,6144,1,256,6144,8192,65536,20480,1,0,0,0,0,0,0,0,0,8
1789569991334,"Windows x64","MSVC195136257","Intel64 Family 6 Model 142 Stepping 12, GenuineIntel",8,12345,256,4,12,1,16,volatile_first_last_byte,batch,24,Binned,3,2,1024,2048,89600,87.5,256,256,6144,1,256,6144,8192,65536,20480,1,0,0,0,0,0,0,0,0,8
1789569991334,"Windows x64","MSVC195136257","Intel64 Family 6 Model 142 Stepping 12, GenuineIntel",8,12345,256,4,12,1,16,volatile_first_last_byte,batch,24,Binned,4,3,1024,2048,92300,90.13671875,256,256,6144,1,256,6144,8192,65536,20480,1,0,0,0,0,0,0,0,0,8
1789569991334,"Windows x64","MSVC195136257","Intel64 Family 6 Model 142 Stepping 12, GenuineIntel",8,12345,256,4,12,1,16,volatile_first_last_byte,batch,24,Binned,5,2,1024,2048,92900,90.72265625,256,256,6144,1,256,6144,8192,65536,20480,1,0,0,0,0,0,0,0,0,8
1789569991334,"Windows x64","MSVC195136257","Intel64 Family 6 Model 142 Stepping 12, GenuineIntel",8,12345,256,4,12,1,16,volatile_first_last_byte,batch,24,Binned,6,1,1024,2048,103800,101.3671875,256,256,6144,1,256,6144,8192,65536,20480,1,0,0,0,0,0,0,0,0,8
1789569991334,"Windows x64","MSVC195136257","Intel64 Family 6 Model 142 Stepping 12, GenuineIntel",8,12345,256,4,12,1,16,volatile_first_last_byte,batch,24,Binned,7,1,1024,2048,105000,102.5390625,256,256,6144,1,256,6144,8192,65536,20480,1,0,0,0,0,0,0,0,0,8
1789569991334,"Windows x64","MSVC195136257","Intel64 Family 6 Model 142 Stepping 12, GenuineIntel",8,12345,256,4,12,1,16,volatile_first_last_byte,batch,24,Binned,8,3,1024,2048,88000,85.9375,256,256,6144,1,256,6144,8192,65536,20480,1,0,0,0,0,0,0,0,0,8
1789569991334,"Windows x64","MSVC195136257","Intel64 Family 6 Model 142 Stepping 12, GenuineIntel",8,12345,256,4,12,1,16,volatile_first_last_byte,batch,24,Binned,9,2,1024,2048,102900,100.48828125,256,256,6144,1,256,6144,8192,65536,20480,1,0,0,0,0,0,0,0,0,8
1789569991334,"Windows x64","MSVC195136257","Intel64 Family 6 Model 142 Stepping 12, GenuineIntel",8,12345,256,4,12,1,16,volatile_first_last_byte,batch,24,Binned,10,3,1024,2048,102500,100.09765625,256,256,6144,1,256,6144,8192,65536,20480,1,0,0,0,0,0,0,0,0,8
1789569991334,"Windows x64","MSVC195136257","Intel64 Family 6 Model 142 Stepping 12, GenuineIntel",8,12345,256,4,12,1,16,volatile_first_last_byte,batch,24,Binned,11,2,1024,2048,88300,86.23046875,256,256,6144,1,256,6144,8192,65536,20480,1,0,0,0,0,0,0,0,0,8
1789569991334,"Windows x64","MSVC195136257","Intel64 Family 6 Model 142 Stepping 12, GenuineIntel",8,12345,256,4,12,1,16,volatile_first_last_byte,batch,24,Binned,12,1,1024,2048,89100,87.01171875,256,256,6144,1,256,6144,8192,65536,20480,1,0,0,0,0,0,0,0,0,8
1789569991334,"Windows x64","MSVC195136257","Intel64 Family 6 Model 142 Stepping 12, GenuineIntel",8,12345,256,4,12,1,16,volatile_first_last_byte,immediate,64,CRT,1,2,1024,2048,62200,60.7421875,1,1,64,0,,,,,,,,,,,,,,,
1789569991334,"Windows x64","MSVC195136257","Intel64 Family 6 Model 142 Stepping 12, GenuineIntel",8,12345,256,4,12,1,16,volatile_first_last_byte,immediate,64,CRT,2,1,1024,2048,44300,43.26171875,1,1,64,0,,,,,,,,,,,,,,,
1789569991334,"Windows x64","MSVC195136257","Intel64 Family 6 Model 142 Stepping 12, GenuineIntel",8,12345,256,4,12,1,16,volatile_first_last_byte,immediate,64,CRT,3,1,1024,2048,76000,74.21875,1,1,64,0,,,,,,,,,,,,,,,
1789569991334,"Windows x64","MSVC195136257","Intel64 Family 6 Model 142 Stepping 12, GenuineIntel",8,12345,256,4,12,1,16,volatile_first_last_byte,immediate,64,CRT,4,3,1024,2048,64200,62.6953125,1,1,64,0,,,,,,,,,,,,,,,
1789569991334,"Windows x64","MSVC195136257","Intel64 Family 6 Model 142 Stepping 12, GenuineIntel",8,12345,256,4,12,1,16,volatile_first_last_byte,immediate,64,CRT,5,2,1024,2048,61800,60.3515625,1,1,64,0,,,,,,,,,,,,,,,
1789569991334,"Windows x64","MSVC195136257","Intel64 Family 6 Model 142 Stepping 12, GenuineIntel",8,12345,256,4,12,1,16,volatile_first_last_byte,immediate,64,CRT,6,3,1024,2048,58100,56.73828125,1,1,64,0,,,,,,,,,,,,,,,
1789569991334,"Windows x64","MSVC195136257","Intel64 Family 6 Model 142 Stepping 12, GenuineIntel",8,12345,256,4,12,1,16,volatile_first_last_byte,immediate,64,CRT,7,2,1024,2048,42500,41.50390625,1,1,64,0,,,,,,,,,,,,,,,
1789569991334,"Windows x64","MSVC195136257","Intel64 Family 6 Model 142 Stepping 12, GenuineIntel",8,12345,256,4,12,1,16,volatile_first_last_byte,immediate,64,CRT,8,1,1024,2048,58200,56.8359375,1,1,64,0,,,,,,,,,,,,,,,
1789569991334,"Windows x64","MSVC195136257","Intel64 Family 6 Model 142 Stepping 12, GenuineIntel",8,12345,256,4,12,1,16,volatile_first_last_byte,immediate,64,CRT,9,1,1024,2048,58500,57.12890625,1,1,64,0,,,,,,,,,,,,,,,
1789569991334,"Windows x64","MSVC195136257","Intel64 Family 6 Model 142 Stepping 12, GenuineIntel",8,12345,256,4,12,1,16,volatile_first_last_byte,immediate,64,CRT,10,3,1024,2048,47100,45.99609375,1,1,64,0,,,,,,,,,,,,,,,
1789569991334,"Windows x64","MSVC195136257","Intel64 Family 6 Model 142 Stepping 12, GenuineIntel",8,12345,256,4,12,1,16,volatile_first_last_byte,immediate,64,CRT,11,2,1024,2048,45000,43.9453125,1,1,64,0,,,,,,,,,,,,,,,
1789569991334,"Windows x64","MSVC195136257","Intel64 Family 6 Model 142 Stepping 12, GenuineIntel",8,12345,256,4,12,1,16,volatile_first_last_byte,immediate,64,CRT,12,3,1024,2048,57600,56.25,1,1,64,0,,,,,,,,,,,,,,,
1789569991334,"Windows x64","MSVC195136257","Intel64 Family 6 Model 142 Stepping 12, GenuineIntel",8,12345,256,4,12,1,16,volatile_first_last_byte,immediate,64,System,1,1,1024,2048,50900,49.70703125,1,1,64,0,,,,,,,,,,,,,,,
1789569991334,"Windows x64","MSVC195136257","Intel64 Family 6 Model 142 Stepping 12, GenuineIntel",8,12345,256,4,12,1,16,volatile_first_last_byte,immediate,64,System,2,3,1024,2048,53400,52.1484375,1,1,64,0,,,,,,,,,,,,,,,
1789569991334,"Windows x64","MSVC195136257","Intel64 Family 6 Model 142 Stepping 12, GenuineIntel",8,12345,256,4,12,1,16,volatile_first_last_byte,immediate,64,System,3,2,1024,2048,89700,87.59765625,1,1,64,0,,,,,,,,,,,,,,,
1789569991334,"Windows x64","MSVC195136257","Intel64 Family 6 Model 142 Stepping 12, GenuineIntel",8,12345,256,4,12,1,16,volatile_first_last_byte,immediate,64,System,4,1,1024,2048,64300,62.79296875,1,1,64,0,,,,,,,,,,,,,,,
1789569991334,"Windows x64","MSVC195136257","Intel64 Family 6 Model 142 Stepping 12, GenuineIntel",8,12345,256,4,12,1,16,volatile_first_last_byte,immediate,64,System,5,3,1024,2048,72000,70.3125,1,1,64,0,,,,,,,,,,,,,,,
1789569991334,"Windows x64","MSVC195136257","Intel64 Family 6 Model 142 Stepping 12, GenuineIntel",8,12345,256,4,12,1,16,volatile_first_last_byte,immediate,64,System,6,2,1024,2048,72600,70.8984375,1,1,64,0,,,,,,,,,,,,,,,
1789569991334,"Windows x64","MSVC195136257","Intel64 Family 6 Model 142 Stepping 12, GenuineIntel",8,12345,256,4,12,1,16,volatile_first_last_byte,immediate,64,System,7,1,1024,2048,48400,47.265625,1,1,64,0,,,,,,,,,,,,,,,
1789569991334,"Windows x64","MSVC195136257","Intel64 Family 6 Model 142 Stepping 12, GenuineIntel",8,12345,256,4,12,1,16,volatile_first_last_byte,immediate,64,System,8,3,1024,2048,51100,49.90234375,1,1,64,0,,,,,,,,,,,,,,,
1789569991334,"Windows x64","MSVC195136257","Intel64 Family 6 Model 142 Stepping 12, GenuineIntel",8,12345,256,4,12,1,16,volatile_first_last_byte,immediate,64,System,9,2,1024,2048,63900,62.40234375,1,1,64,0,,,,,,,,,,,,,,,
1789569991334,"Windows x64","MSVC195136257","Intel64 Family 6 Model 142 Stepping 12, GenuineIntel",8,12345,256,4,12,1,16,volatile_first_last_byte,immediate,64,System,10,1,1024,2048,50800,49.609375,1,1,64,0,,,,,,,,,,,,,,,
1789569991334,"Windows x64","MSVC195136257","Intel64 Family 6 Model 142 Stepping 12, GenuineIntel",8,12345,256,4,12,1,16,volatile_first_last_byte,immediate,64,System,11,3,1024,2048,49100,47.94921875,1,1,64,0,,,,,,,,,,,,,,,
1789569991334,"Windows x64","MSVC195136257","Intel64 Family 6 Model 142 Stepping 12, GenuineIntel",8,12345,256,4,12,1,16,volatile_first_last_byte,immediate,64,System,12,2,1024,2048,64200,62.6953125,1,1,64,0,,,,,,,,,,,,,,,
1789569991334,"Windows x64","MSVC195136257","Intel64 Family 6 Model 142 Stepping 12, GenuineIntel",8,12345,256,4,12,1,16,volatile_first_last_byte,immediate,64,Binned,1,3,1024,2048,12300800,12012.5,1,1,64,1,1,64,64,65536,12288,1,0,0,0,0,0,0,0,0,2048
1789569991334,"Windows x64","MSVC195136257","Intel64 Family 6 Model 142 Stepping 12, GenuineIntel",8,12345,256,4,12,1,16,volatile_first_last_byte,immediate,64,Binned,2,2,1024,2048,13231000,12920.8984375,1,1,64,1,1,64,64,65536,12288,1,0,0,0,0,0,0,0,0,2048
1789569991334,"Windows x64","MSVC195136257","Intel64 Family 6 Model 142 Stepping 12, GenuineIntel",8,12345,256,4,12,1,16,volatile_first_last_byte,immediate,64,Binned,3,3,1024,2048,12985200,12680.859375,1,1,64,1,1,64,64,65536,12288,1,0,0,0,0,0,0,0,0,2048
1789569991334,"Windows x64","MSVC195136257","Intel64 Family 6 Model 142 Stepping 12, GenuineIntel",8,12345,256,4,12,1,16,volatile_first_last_byte,immediate,64,Binned,4,2,1024,2048,13200200,12890.8203125,1,1,64,1,1,64,64,65536,12288,1,0,0,0,0,0,0,0,0,2048
1789569991334,"Windows x64","MSVC195136257","Intel64 Family 6 Model 142 Stepping 12, GenuineIntel",8,12345,256,4,12,1,16,volatile_first_last_byte,immediate,64,Binned,5,1,1024,2048,12952700,12649.12109375,1,1,64,1,1,64,64,65536,12288,1,0,0,0,0,0,0,0,0,2048
1789569991334,"Windows x64","MSVC195136257","Intel64 Family 6 Model 142 Stepping 12, GenuineIntel",8,12345,256,4,12,1,16,volatile_first_last_byte,immediate,64,Binned,6,1,1024,2048,13321200,13008.984375,1,1,64,1,1,64,64,65536,12288,1,0,0,0,0,0,0,0,0,2048
1789569991334,"Windows x64","MSVC195136257","Intel64 Family 6 Model 142 Stepping 12, GenuineIntel",8,12345,256,4,12,1,16,volatile_first_last_byte,immediate,64,Binned,7,3,1024,2048,12963000,12659.1796875,1,1,64,1,1,64,64,65536,12288,1,0,0,0,0,0,0,0,0,2048
1789569991334,"Windows x64","MSVC195136257","Intel64 Family 6 Model 142 Stepping 12, GenuineIntel",8,12345,256,4,12,1,16,volatile_first_last_byte,immediate,64,Binned,8,2,1024,2048,13460800,13145.3125,1,1,64,1,1,64,64,65536,12288,1,0,0,0,0,0,0,0,0,2048
1789569991334,"Windows x64","MSVC195136257","Intel64 Family 6 Model 142 Stepping 12, GenuineIntel",8,12345,256,4,12,1,16,volatile_first_last_byte,immediate,64,Binned,9,3,1024,2048,12843500,12542.48046875,1,1,64,1,1,64,64,65536,12288,1,0,0,0,0,0,0,0,0,2048
1789569991334,"Windows x64","MSVC195136257","Intel64 Family 6 Model 142 Stepping 12, GenuineIntel",8,12345,256,4,12,1,16,volatile_first_last_byte,immediate,64,Binned,10,2,1024,2048,12768600,12469.3359375,1,1,64,1,1,64,64,65536,12288,1,0,0,0,0,0,0,0,0,2048
1789569991334,"Windows x64","MSVC195136257","Intel64 Family 6 Model 142 Stepping 12, GenuineIntel",8,12345,256,4,12,1,16,volatile_first_last_byte,immediate,64,Binned,11,1,1024,2048,13057700,12751.66015625,1,1,64,1,1,64,64,65536,12288,1,0,0,0,0,0,0,0,0,2048
1789569991334,"Windows x64","MSVC195136257","Intel64 Family 6 Model 142 Stepping 12, GenuineIntel",8,12345,256,4,12,1,16,volatile_first_last_byte,immediate,64,Binned,12,1,1024,2048,13939800,13613.0859375,1,1,64,1,1,64,64,65536,12288,1,0,0,0,0,0,0,0,0,2048
1789569991334,"Windows x64","MSVC195136257","Intel64 Family 6 Model 142 Stepping 12, GenuineIntel",8,12345,256,4,12,1,16,volatile_first_last_byte,batch,64,CRT,1,1,1024,2048,56400,55.078125,256,256,16384,0,,,,,,,,,,,,,,,
1789569991334,"Windows x64","MSVC195136257","Intel64 Family 6 Model 142 Stepping 12, GenuineIntel",8,12345,256,4,12,1,16,volatile_first_last_byte,batch,64,CRT,2,1,1024,2048,55700,54.39453125,256,256,16384,0,,,,,,,,,,,,,,,
1789569991334,"Windows x64","MSVC195136257","Intel64 Family 6 Model 142 Stepping 12, GenuineIntel",8,12345,256,4,12,1,16,volatile_first_last_byte,batch,64,CRT,3,3,1024,2048,56600,55.2734375,256,256,16384,0,,,,,,,,,,,,,,,
1789569991334,"Windows x64","MSVC195136257","Intel64 Family 6 Model 142 Stepping 12, GenuineIntel",8,12345,256,4,12,1,16,volatile_first_last_byte,batch,64,CRT,4,2,1024,2048,56500,55.17578125,256,256,16384,0,,,,,,,,,,,,,,,
1789569991334,"Windows x64","MSVC195136257","Intel64 Family 6 Model 142 Stepping 12, GenuineIntel",8,12345,256,4,12,1,16,volatile_first_last_byte,batch,64,CRT,5,3,1024,2048,65100,63.57421875,256,256,16384,0,,,,,,,,,,,,,,,
1789569991334,"Windows x64","MSVC195136257","Intel64 Family 6 Model 142 Stepping 12, GenuineIntel",8,12345,256,4,12,1,16,volatile_first_last_byte,batch,64,CRT,6,2,1024,2048,58000,56.640625,256,256,16384,0,,,,,,,,,,,,,,,
1789569991334,"Windows x64","MSVC195136257","Intel64 Family 6 Model 142 Stepping 12, GenuineIntel",8,12345,256,4,12,1,16,volatile_first_last_byte,batch,64,CRT,7,1,1024,2048,57200,55.859375,256,256,16384,0,,,,,,,,,,,,,,,
1789569991334,"Windows x64","MSVC195136257","Intel64 Family 6 Model 142 Stepping 12, GenuineIntel",8,12345,256,4,12,1,16,volatile_first_last_byte,batch,64,CRT,8,1,1024,2048,56900,55.56640625,256,256,16384,0,,,,,,,,,,,,,,,
1789569991334,"Windows x64","MSVC195136257","Intel64 Family 6 Model 142 Stepping 12, GenuineIntel",8,12345,256,4,12,1,16,volatile_first_last_byte,batch,64,CRT,9,3,1024,2048,59900,58.49609375,256,256,16384,0,,,,,,,,,,,,,,,
1789569991334,"Windows x64","MSVC195136257","Intel64 Family 6 Model 142 Stepping 12, GenuineIntel",8,12345,256,4,12,1,16,volatile_first_last_byte,batch,64,CRT,10,2,1024,2048,74100,72.36328125,256,256,16384,0,,,,,,,,,,,,,,,
1789569991334,"Windows x64","MSVC195136257","Intel64 Family 6 Model 142 Stepping 12, GenuineIntel",8,12345,256,4,12,1,16,volatile_first_last_byte,batch,64,CRT,11,3,1024,2048,56300,54.98046875,256,256,16384,0,,,,,,,,,,,,,,,
1789569991334,"Windows x64","MSVC195136257","Intel64 Family 6 Model 142 Stepping 12, GenuineIntel",8,12345,256,4,12,1,16,volatile_first_last_byte,batch,64,CRT,12,2,1024,2048,55700,54.39453125,256,256,16384,0,,,,,,,,,,,,,,,
1789569991334,"Windows x64","MSVC195136257","Intel64 Family 6 Model 142 Stepping 12, GenuineIntel",8,12345,256,4,12,1,16,volatile_first_last_byte,batch,64,System,1,3,1024,2048,66200,64.6484375,256,256,16384,0,,,,,,,,,,,,,,,
1789569991334,"Windows x64","MSVC195136257","Intel64 Family 6 Model 142 Stepping 12, GenuineIntel",8,12345,256,4,12,1,16,volatile_first_last_byte,batch,64,System,2,2,1024,2048,65100,63.57421875,256,256,16384,0,,,,,,,,,,,,,,,
1789569991334,"Windows x64","MSVC195136257","Intel64 Family 6 Model 142 Stepping 12, GenuineIntel",8,12345,256,4,12,1,16,volatile_first_last_byte,batch,64,System,3,1,1024,2048,65500,63.96484375,256,256,16384,0,,,,,,,,,,,,,,,
1789569991334,"Windows x64","MSVC195136257","Intel64 Family 6 Model 142 Stepping 12, GenuineIntel",8,12345,256,4,12,1,16,volatile_first_last_byte,batch,64,System,4,3,1024,2048,65400,63.8671875,256,256,16384,0,,,,,,,,,,,,,,,
1789569991334,"Windows x64","MSVC195136257","Intel64 Family 6 Model 142 Stepping 12, GenuineIntel",8,12345,256,4,12,1,16,volatile_first_last_byte,batch,64,System,5,2,1024,2048,98900,96.58203125,256,256,16384,0,,,,,,,,,,,,,,,
1789569991334,"Windows x64","MSVC195136257","Intel64 Family 6 Model 142 Stepping 12, GenuineIntel",8,12345,256,4,12,1,16,volatile_first_last_byte,batch,64,System,6,1,1024,2048,81100,79.19921875,256,256,16384,0,,,,,,,,,,,,,,,
1789569991334,"Windows x64","MSVC195136257","Intel64 Family 6 Model 142 Stepping 12, GenuineIntel",8,12345,256,4,12,1,16,volatile_first_last_byte,batch,64,System,7,3,1024,2048,66800,65.234375,256,256,16384,0,,,,,,,,,,,,,,,
1789569991334,"Windows x64","MSVC195136257","Intel64 Family 6 Model 142 Stepping 12, GenuineIntel",8,12345,256,4,12,1,16,volatile_first_last_byte,batch,64,System,8,2,1024,2048,91300,89.16015625,256,256,16384,0,,,,,,,,,,,,,,,
1789569991334,"Windows x64","MSVC195136257","Intel64 Family 6 Model 142 Stepping 12, GenuineIntel",8,12345,256,4,12,1,16,volatile_first_last_byte,batch,64,System,9,1,1024,2048,108800,106.25,256,256,16384,0,,,,,,,,,,,,,,,
1789569991334,"Windows x64","MSVC195136257","Intel64 Family 6 Model 142 Stepping 12, GenuineIntel",8,12345,256,4,12,1,16,volatile_first_last_byte,batch,64,System,10,3,1024,2048,65900,64.35546875,256,256,16384,0,,,,,,,,,,,,,,,
1789569991334,"Windows x64","MSVC195136257","Intel64 Family 6 Model 142 Stepping 12, GenuineIntel",8,12345,256,4,12,1,16,volatile_first_last_byte,batch,64,System,11,2,1024,2048,66000,64.453125,256,256,16384,0,,,,,,,,,,,,,,,
1789569991334,"Windows x64","MSVC195136257","Intel64 Family 6 Model 142 Stepping 12, GenuineIntel",8,12345,256,4,12,1,16,volatile_first_last_byte,batch,64,System,12,1,1024,2048,65100,63.57421875,256,256,16384,0,,,,,,,,,,,,,,,
1789569991334,"Windows x64","MSVC195136257","Intel64 Family 6 Model 142 Stepping 12, GenuineIntel",8,12345,256,4,12,1,16,volatile_first_last_byte,batch,64,Binned,1,2,1024,2048,93800,91.6015625,256,256,16384,1,256,16384,16384,65536,12288,1,0,0,0,0,0,0,0,0,8
1789569991334,"Windows x64","MSVC195136257","Intel64 Family 6 Model 142 Stepping 12, GenuineIntel",8,12345,256,4,12,1,16,volatile_first_last_byte,batch,64,Binned,2,3,1024,2048,93400,91.2109375,256,256,16384,1,256,16384,16384,65536,12288,1,0,0,0,0,0,0,0,0,8
1789569991334,"Windows x64","MSVC195136257","Intel64 Family 6 Model 142 Stepping 12, GenuineIntel",8,12345,256,4,12,1,16,volatile_first_last_byte,batch,64,Binned,3,2,1024,2048,94100,91.89453125,256,256,16384,1,256,16384,16384,65536,12288,1,0,0,0,0,0,0,0,0,8
1789569991334,"Windows x64","MSVC195136257","Intel64 Family 6 Model 142 Stepping 12, GenuineIntel",8,12345,256,4,12,1,16,volatile_first_last_byte,batch,64,Binned,4,1,1024,2048,92800,90.625,256,256,16384,1,256,16384,16384,65536,12288,1,0,0,0,0,0,0,0,0,8
1789569991334,"Windows x64","MSVC195136257","Intel64 Family 6 Model 142 Stepping 12, GenuineIntel",8,12345,256,4,12,1,16,volatile_first_last_byte,batch,64,Binned,5,1,1024,2048,131100,128.02734375,256,256,16384,1,256,16384,16384,65536,12288,1,0,0,0,0,0,0,0,0,8
1789569991334,"Windows x64","MSVC195136257","Intel64 Family 6 Model 142 Stepping 12, GenuineIntel",8,12345,256,4,12,1,16,volatile_first_last_byte,batch,64,Binned,6,3,1024,2048,99600,97.265625,256,256,16384,1,256,16384,16384,65536,12288,1,0,0,0,0,0,0,0,0,8
1789569991334,"Windows x64","MSVC195136257","Intel64 Family 6 Model 142 Stepping 12, GenuineIntel",8,12345,256,4,12,1,16,volatile_first_last_byte,batch,64,Binned,7,2,1024,2048,95900,93.65234375,256,256,16384,1,256,16384,16384,65536,12288,1,0,0,0,0,0,0,0,0,8
1789569991334,"Windows x64","MSVC195136257","Intel64 Family 6 Model 142 Stepping 12, GenuineIntel",8,12345,256,4,12,1,16,volatile_first_last_byte,batch,64,Binned,8,3,1024,2048,138800,135.546875,256,256,16384,1,256,16384,16384,65536,12288,1,0,0,0,0,0,0,0,0,8
1789569991334,"Windows x64","MSVC195136257","Intel64 Family 6 Model 142 Stepping 12, GenuineIntel",8,12345,256,4,12,1,16,volatile_first_last_byte,batch,64,Binned,9,2,1024,2048,136500,133.30078125,256,256,16384,1,256,16384,16384,65536,12288,1,0,0,0,0,0,0,0,0,8
1789569991334,"Windows x64","MSVC195136257","Intel64 Family 6 Model 142 Stepping 12, GenuineIntel",8,12345,256,4,12,1,16,volatile_first_last_byte,batch,64,Binned,10,1,1024,2048,152900,149.31640625,256,256,16384,1,256,16384,16384,65536,12288,1,0,0,0,0,0,0,0,0,8
1789569991334,"Windows x64","MSVC195136257","Intel64 Family 6 Model 142 Stepping 12, GenuineIntel",8,12345,256,4,12,1,16,volatile_first_last_byte,batch,64,Binned,11,1,1024,2048,94100,91.89453125,256,256,16384,1,256,16384,16384,65536,12288,1,0,0,0,0,0,0,0,0,8
1789569991334,"Windows x64","MSVC195136257","Intel64 Family 6 Model 142 Stepping 12, GenuineIntel",8,12345,256,4,12,1,16,volatile_first_last_byte,batch,64,Binned,12,3,1024,2048,96300,94.04296875,256,256,16384,1,256,16384,16384,65536,12288,1,0,0,0,0,0,0,0,0,8
1789569991334,"Windows x64","MSVC195136257","Intel64 Family 6 Model 142 Stepping 12, GenuineIntel",8,12345,256,4,12,1,16,volatile_first_last_byte,immediate,256,CRT,1,1,1024,2048,47000,45.8984375,1,1,256,0,,,,,,,,,,,,,,,
1789569991334,"Windows x64","MSVC195136257","Intel64 Family 6 Model 142 Stepping 12, GenuineIntel",8,12345,256,4,12,1,16,volatile_first_last_byte,immediate,256,CRT,2,3,1024,2048,49300,48.14453125,1,1,256,0,,,,,,,,,,,,,,,
1789569991334,"Windows x64","MSVC195136257","Intel64 Family 6 Model 142 Stepping 12, GenuineIntel",8,12345,256,4,12,1,16,volatile_first_last_byte,immediate,256,CRT,3,2,1024,2048,49700,48.53515625,1,1,256,0,,,,,,,,,,,,,,,
1789569991334,"Windows x64","MSVC195136257","Intel64 Family 6 Model 142 Stepping 12, GenuineIntel",8,12345,256,4,12,1,16,volatile_first_last_byte,immediate,256,CRT,4,3,1024,2048,47900,46.77734375,1,1,256,0,,,,,,,,,,,,,,,
1789569991334,"Windows x64","MSVC195136257","Intel64 Family 6 Model 142 Stepping 12, GenuineIntel",8,12345,256,4,12,1,16,volatile_first_last_byte,immediate,256,CRT,5,2,1024,2048,47500,46.38671875,1,1,256,0,,,,,,,,,,,,,,,
1789569991334,"Windows x64","MSVC195136257","Intel64 Family 6 Model 142 Stepping 12, GenuineIntel",8,12345,256,4,12,1,16,volatile_first_last_byte,immediate,256,CRT,6,1,1024,2048,49800,48.6328125,1,1,256,0,,,,,,,,,,,,,,,
1789569991334,"Windows x64","MSVC195136257","Intel64 Family 6 Model 142 Stepping 12, GenuineIntel",8,12345,256,4,12,1,16,volatile_first_last_byte,immediate,256,CRT,7,1,1024,2048,47900,46.77734375,1,1,256,0,,,,,,,,,,,,,,,
1789569991334,"Windows x64","MSVC195136257","Intel64 Family 6 Model 142 Stepping 12, GenuineIntel",8,12345,256,4,12,1,16,volatile_first_last_byte,immediate,256,CRT,8,3,1024,2048,77000,75.1953125,1,1,256,0,,,,,,,,,,,,,,,
1789569991334,"Windows x64","MSVC195136257","Intel64 Family 6 Model 142 Stepping 12, GenuineIntel",8,12345,256,4,12,1,16,volatile_first_last_byte,immediate,256,CRT,9,2,1024,2048,100100,97.75390625,1,1,256,0,,,,,,,,,,,,,,,
1789569991334,"Windows x64","MSVC195136257","Intel64 Family 6 Model 142 Stepping 12, GenuineIntel",8,12345,256,4,12,1,16,volatile_first_last_byte,immediate,256,CRT,10,3,1024,2048,45300,44.23828125,1,1,256,0,,,,,,,,,,,,,,,
1789569991334,"Windows x64","MSVC195136257","Intel64 Family 6 Model 142 Stepping 12, GenuineIntel",8,12345,256,4,12,1,16,volatile_first_last_byte,immediate,256,CRT,11,2,1024,2048,45200,44.140625,1,1,256,0,,,,,,,,,,,,,,,
1789569991334,"Windows x64","MSVC195136257","Intel64 Family 6 Model 142 Stepping 12, GenuineIntel",8,12345,256,4,12,1,16,volatile_first_last_byte,immediate,256,CRT,12,1,1024,2048,49200,48.046875,1,1,256,0,,,,,,,,,,,,,,,
1789569991334,"Windows x64","MSVC195136257","Intel64 Family 6 Model 142 Stepping 12, GenuineIntel",8,12345,256,4,12,1,16,volatile_first_last_byte,immediate,256,System,1,2,1024,2048,50600,49.4140625,1,1,256,0,,,,,,,,,,,,,,,
1789569991334,"Windows x64","MSVC195136257","Intel64 Family 6 Model 142 Stepping 12, GenuineIntel",8,12345,256,4,12,1,16,volatile_first_last_byte,immediate,256,System,2,1,1024,2048,51600,50.390625,1,1,256,0,,,,,,,,,,,,,,,
1789569991334,"Windows x64","MSVC195136257","Intel64 Family 6 Model 142 Stepping 12, GenuineIntel",8,12345,256,4,12,1,16,volatile_first_last_byte,immediate,256,System,3,3,1024,2048,52600,51.3671875,1,1,256,0,,,,,,,,,,,,,,,
1789569991334,"Windows x64","MSVC195136257","Intel64 Family 6 Model 142 Stepping 12, GenuineIntel",8,12345,256,4,12,1,16,volatile_first_last_byte,immediate,256,System,4,2,1024,2048,55300,54.00390625,1,1,256,0,,,,,,,,,,,,,,,
1789569991334,"Windows x64","MSVC195136257","Intel64 Family 6 Model 142 Stepping 12, GenuineIntel",8,12345,256,4,12,1,16,volatile_first_last_byte,immediate,256,System,5,1,1024,2048,52100,50.87890625,1,1,256,0,,,,,,,,,,,,,,,
1789569991334,"Windows x64","MSVC195136257","Intel64 Family 6 Model 142 Stepping 12, GenuineIntel",8,12345,256,4,12,1,16,volatile_first_last_byte,immediate,256,System,6,3,1024,2048,60300,58.88671875,1,1,256,0,,,,,,,,,,,,,,,
1789569991334,"Windows x64","MSVC195136257","Intel64 Family 6 Model 142 Stepping 12, GenuineIntel",8,12345,256,4,12,1,16,volatile_first_last_byte,immediate,256,System,7,2,1024,2048,52200,50.9765625,1,1,256,0,,,,,,,,,,,,,,,
1789569991334,"Windows x64","MSVC195136257","Intel64 Family 6 Model 142 Stepping 12, GenuineIntel",8,12345,256,4,12,1,16,volatile_first_last_byte,immediate,256,System,8,1,1024,2048,51800,50.5859375,1,1,256,0,,,,,,,,,,,,,,,
1789569991334,"Windows x64","MSVC195136257","Intel64 Family 6 Model 142 Stepping 12, GenuineIntel",8,12345,256,4,12,1,16,volatile_first_last_byte,immediate,256,System,9,3,1024,2048,103600,101.171875,1,1,256,0,,,,,,,,,,,,,,,
1789569991334,"Windows x64","MSVC195136257","Intel64 Family 6 Model 142 Stepping 12, GenuineIntel",8,12345,256,4,12,1,16,volatile_first_last_byte,immediate,256,System,10,2,1024,2048,52400,51.171875,1,1,256,0,,,,,,,,,,,,,,,
1789569991334,"Windows x64","MSVC195136257","Intel64 Family 6 Model 142 Stepping 12, GenuineIntel",8,12345,256,4,12,1,16,volatile_first_last_byte,immediate,256,System,11,1,1024,2048,49600,48.4375,1,1,256,0,,,,,,,,,,,,,,,
1789569991334,"Windows x64","MSVC195136257","Intel64 Family 6 Model 142 Stepping 12, GenuineIntel",8,12345,256,4,12,1,16,volatile_first_last_byte,immediate,256,System,12,3,1024,2048,51600,50.390625,1,1,256,0,,,,,,,,,,,,,,,
1789569991334,"Windows x64","MSVC195136257","Intel64 Family 6 Model 142 Stepping 12, GenuineIntel",8,12345,256,4,12,1,16,volatile_first_last_byte,immediate,256,Binned,1,3,1024,2048,9942500,9709.47265625,1,1,256,1,1,256,256,65536,4096,1,0,0,0,0,0,0,0,0,2048
1789569991334,"Windows x64","MSVC195136257","Intel64 Family 6 Model 142 Stepping 12, GenuineIntel",8,12345,256,4,12,1,16,volatile_first_last_byte,immediate,256,Binned,2,2,1024,2048,9578000,9353.515625,1,1,256,1,1,256,256,65536,4096,1,0,0,0,0,0,0,0,0,2048
1789569991334,"Windows x64","MSVC195136257","Intel64 Family 6 Model 142 Stepping 12, GenuineIntel",8,12345,256,4,12,1,16,volatile_first_last_byte,immediate,256,Binned,3,1,1024,2048,9366900,9147.36328125,1,1,256,1,1,256,256,65536,4096,1,0,0,0,0,0,0,0,0,2048
1789569991334,"Windows x64","MSVC195136257","Intel64 Family 6 Model 142 Stepping 12, GenuineIntel",8,12345,256,4,12,1,16,volatile_first_last_byte,immediate,256,Binned,4,1,1024,2048,9003700,8792.67578125,1,1,256,1,1,256,256,65536,4096,1,0,0,0,0,0,0,0,0,2048
1789569991334,"Windows x64","MSVC195136257","Intel64 Family 6 Model 142 Stepping 12, GenuineIntel",8,12345,256,4,12,1,16,volatile_first_last_byte,immediate,256,Binned,5,3,1024,2048,9530500,9307.12890625,1,1,256,1,1,256,256,65536,4096,1,0,0,0,0,0,0,0,0,2048
1789569991334,"Windows x64","MSVC195136257","Intel64 Family 6 Model 142 Stepping 12, GenuineIntel",8,12345,256,4,12,1,16,volatile_first_last_byte,immediate,256,Binned,6,2,1024,2048,8997400,8786.5234375,1,1,256,1,1,256,256,65536,4096,1,0,0,0,0,0,0,0,0,2048
1789569991334,"Windows x64","MSVC195136257","Intel64 Family 6 Model 142 Stepping 12, GenuineIntel",8,12345,256,4,12,1,16,volatile_first_last_byte,immediate,256,Binned,7,3,1024,2048,9412700,9192.08984375,1,1,256,1,1,256,256,65536,4096,1,0,0,0,0,0,0,0,0,2048
1789569991334,"Windows x64","MSVC195136257","Intel64 Family 6 Model 142 Stepping 12, GenuineIntel",8,12345,256,4,12,1,16,volatile_first_last_byte,immediate,256,Binned,8,2,1024,2048,10906300,10650.68359375,1,1,256,1,1,256,256,65536,4096,1,0,0,0,0,0,0,0,0,2048
1789569991334,"Windows x64","MSVC195136257","Intel64 Family 6 Model 142 Stepping 12, GenuineIntel",8,12345,256,4,12,1,16,volatile_first_last_byte,immediate,256,Binned,9,1,1024,2048,12610100,12314.55078125,1,1,256,1,1,256,256,65536,4096,1,0,0,0,0,0,0,0,0,2048
1789569991334,"Windows x64","MSVC195136257","Intel64 Family 6 Model 142 Stepping 12, GenuineIntel",8,12345,256,4,12,1,16,volatile_first_last_byte,immediate,256,Binned,10,1,1024,2048,10191100,9952.24609375,1,1,256,1,1,256,256,65536,4096,1,0,0,0,0,0,0,0,0,2048
1789569991334,"Windows x64","MSVC195136257","Intel64 Family 6 Model 142 Stepping 12, GenuineIntel",8,12345,256,4,12,1,16,volatile_first_last_byte,immediate,256,Binned,11,3,1024,2048,10647400,10397.8515625,1,1,256,1,1,256,256,65536,4096,1,0,0,0,0,0,0,0,0,2048
1789569991334,"Windows x64","MSVC195136257","Intel64 Family 6 Model 142 Stepping 12, GenuineIntel",8,12345,256,4,12,1,16,volatile_first_last_byte,immediate,256,Binned,12,2,1024,2048,9543600,9319.921875,1,1,256,1,1,256,256,65536,4096,1,0,0,0,0,0,0,0,0,2048
1789569991334,"Windows x64","MSVC195136257","Intel64 Family 6 Model 142 Stepping 12, GenuineIntel",8,12345,256,4,12,1,16,volatile_first_last_byte,batch,256,CRT,1,3,1024,2048,80300,78.41796875,256,256,65536,0,,,,,,,,,,,,,,,
1789569991334,"Windows x64","MSVC195136257","Intel64 Family 6 Model 142 Stepping 12, GenuineIntel",8,12345,256,4,12,1,16,volatile_first_last_byte,batch,256,CRT,2,2,1024,2048,73300,71.58203125,256,256,65536,0,,,,,,,,,,,,,,,
1789569991334,"Windows x64","MSVC195136257","Intel64 Family 6 Model 142 Stepping 12, GenuineIntel",8,12345,256,4,12,1,16,volatile_first_last_byte,batch,256,CRT,3,3,1024,2048,65800,64.2578125,256,256,65536,0,,,,,,,,,,,,,,,
1789569991334,"Windows x64","MSVC195136257","Intel64 Family 6 Model 142 Stepping 12, GenuineIntel",8,12345,256,4,12,1,16,volatile_first_last_byte,batch,256,CRT,4,2,1024,2048,68100,66.50390625,256,256,65536,0,,,,,,,,,,,,,,,
1789569991334,"Windows x64","MSVC195136257","Intel64 Family 6 Model 142 Stepping 12, GenuineIntel",8,12345,256,4,12,1,16,volatile_first_last_byte,batch,256,CRT,5,1,1024,2048,67200,65.625,256,256,65536,0,,,,,,,,,,,,,,,
1789569991334,"Windows x64","MSVC195136257","Intel64 Family 6 Model 142 Stepping 12, GenuineIntel",8,12345,256,4,12,1,16,volatile_first_last_byte,batch,256,CRT,6,1,1024,2048,66700,65.13671875,256,256,65536,0,,,,,,,,,,,,,,,
1789569991334,"Windows x64","MSVC195136257","Intel64 Family 6 Model 142 Stepping 12, GenuineIntel",8,12345,256,4,12,1,16,volatile_first_last_byte,batch,256,CRT,7,3,1024,2048,66300,64.74609375,256,256,65536,0,,,,,,,,,,,,,,,
1789569991334,"Windows x64","MSVC195136257","Intel64 Family 6 Model 142 Stepping 12, GenuineIntel",8,12345,256,4,12,1,16,volatile_first_last_byte,batch,256,CRT,8,2,1024,2048,65000,63.4765625,256,256,65536,0,,,,,,,,,,,,,,,
1789569991334,"Windows x64","MSVC195136257","Intel64 Family 6 Model 142 Stepping 12, GenuineIntel",8,12345,256,4,12,1,16,volatile_first_last_byte,batch,256,CRT,9,3,1024,2048,66300,64.74609375,256,256,65536,0,,,,,,,,,,,,,,,
1789569991334,"Windows x64","MSVC195136257","Intel64 Family 6 Model 142 Stepping 12, GenuineIntel",8,12345,256,4,12,1,16,volatile_first_last_byte,batch,256,CRT,10,2,1024,2048,66200,64.6484375,256,256,65536,0,,,,,,,,,,,,,,,
1789569991334,"Windows x64","MSVC195136257","Intel64 Family 6 Model 142 Stepping 12, GenuineIntel",8,12345,256,4,12,1,16,volatile_first_last_byte,batch,256,CRT,11,1,1024,2048,65900,64.35546875,256,256,65536,0,,,,,,,,,,,,,,,
1789569991334,"Windows x64","MSVC195136257","Intel64 Family 6 Model 142 Stepping 12, GenuineIntel",8,12345,256,4,12,1,16,volatile_first_last_byte,batch,256,CRT,12,1,1024,2048,68400,66.796875,256,256,65536,0,,,,,,,,,,,,,,,
1789569991334,"Windows x64","MSVC195136257","Intel64 Family 6 Model 142 Stepping 12, GenuineIntel",8,12345,256,4,12,1,16,volatile_first_last_byte,batch,256,System,1,1,1024,2048,148300,144.82421875,256,256,65536,0,,,,,,,,,,,,,,,
1789569991334,"Windows x64","MSVC195136257","Intel64 Family 6 Model 142 Stepping 12, GenuineIntel",8,12345,256,4,12,1,16,volatile_first_last_byte,batch,256,System,2,3,1024,2048,152300,148.73046875,256,256,65536,0,,,,,,,,,,,,,,,
1789569991334,"Windows x64","MSVC195136257","Intel64 Family 6 Model 142 Stepping 12, GenuineIntel",8,12345,256,4,12,1,16,volatile_first_last_byte,batch,256,System,3,2,1024,2048,72500,70.80078125,256,256,65536,0,,,,,,,,,,,,,,,
1789569991334,"Windows x64","MSVC195136257","Intel64 Family 6 Model 142 Stepping 12, GenuineIntel",8,12345,256,4,12,1,16,volatile_first_last_byte,batch,256,System,4,1,1024,2048,113300,110.64453125,256,256,65536,0,,,,,,,,,,,,,,,
1789569991334,"Windows x64","MSVC195136257","Intel64 Family 6 Model 142 Stepping 12, GenuineIntel",8,12345,256,4,12,1,16,volatile_first_last_byte,batch,256,System,5,3,1024,2048,107000,104.4921875,256,256,65536,0,,,,,,,,,,,,,,,
1789569991334,"Windows x64","MSVC195136257","Intel64 Family 6 Model 142 Stepping 12, GenuineIntel",8,12345,256,4,12,1,16,volatile_first_last_byte,batch,256,System,6,2,1024,2048,113600,110.9375,256,256,65536,0,,,,,,,,,,,,,,,
1789569991334,"Windows x64","MSVC195136257","Intel64 Family 6 Model 142 Stepping 12, GenuineIntel",8,12345,256,4,12,1,16,volatile_first_last_byte,batch,256,System,7,1,1024,2048,110300,107.71484375,256,256,65536,0,,,,,,,,,,,,,,,
1789569991334,"Windows x64","MSVC195136257","Intel64 Family 6 Model 142 Stepping 12, GenuineIntel",8,12345,256,4,12,1,16,volatile_first_last_byte,batch,256,System,8,3,1024,2048,109300,106.73828125,256,256,65536,0,,,,,,,,,,,,,,,
1789569991334,"Windows x64","MSVC195136257","Intel64 Family 6 Model 142 Stepping 12, GenuineIntel",8,12345,256,4,12,1,16,volatile_first_last_byte,batch,256,System,9,2,1024,2048,108100,105.56640625,256,256,65536,0,,,,,,,,,,,,,,,
1789569991334,"Windows x64","MSVC195136257","Intel64 Family 6 Model 142 Stepping 12, GenuineIntel",8,12345,256,4,12,1,16,volatile_first_last_byte,batch,256,System,10,1,1024,2048,103900,101.46484375,256,256,65536,0,,,,,,,,,,,,,,,
1789569991334,"Windows x64","MSVC195136257","Intel64 Family 6 Model 142 Stepping 12, GenuineIntel",8,12345,256,4,12,1,16,volatile_first_last_byte,batch,256,System,11,3,1024,2048,110000,107.421875,256,256,65536,0,,,,,,,,,,,,,,,
1789569991334,"Windows x64","MSVC195136257","Intel64 Family 6 Model 142 Stepping 12, GenuineIntel",8,12345,256,4,12,1,16,volatile_first_last_byte,batch,256,System,12,2,1024,2048,113100,110.44921875,256,256,65536,0,,,,,,,,,,,,,,,
1789569991334,"Windows x64","MSVC195136257","Intel64 Family 6 Model 142 Stepping 12, GenuineIntel",8,12345,256,4,12,1,16,volatile_first_last_byte,batch,256,Binned,1,2,1024,2048,178000,173.828125,256,256,65536,1,256,65536,65536,65536,4096,1,0,0,0,0,0,0,0,0,8
1789569991334,"Windows x64","MSVC195136257","Intel64 Family 6 Model 142 Stepping 12, GenuineIntel",8,12345,256,4,12,1,16,volatile_first_last_byte,batch,256,Binned,2,1,1024,2048,171500,167.48046875,256,256,65536,1,256,65536,65536,65536,4096,1,0,0,0,0,0,0,0,0,8
1789569991334,"Windows x64","MSVC195136257","Intel64 Family 6 Model 142 Stepping 12, GenuineIntel",8,12345,256,4,12,1,16,volatile_first_last_byte,batch,256,Binned,3,1,1024,2048,181800,177.5390625,256,256,65536,1,256,65536,65536,65536,4096,1,0,0,0,0,0,0,0,0,8
1789569991334,"Windows x64","MSVC195136257","Intel64 Family 6 Model 142 Stepping 12, GenuineIntel",8,12345,256,4,12,1,16,volatile_first_last_byte,batch,256,Binned,4,3,1024,2048,140300,137.01171875,256,256,65536,1,256,65536,65536,65536,4096,1,0,0,0,0,0,0,0,0,8
1789569991334,"Windows x64","MSVC195136257","Intel64 Family 6 Model 142 Stepping 12, GenuineIntel",8,12345,256,4,12,1,16,volatile_first_last_byte,batch,256,Binned,5,2,1024,2048,141500,138.18359375,256,256,65536,1,256,65536,65536,65536,4096,1,0,0,0,0,0,0,0,0,8
1789569991334,"Windows x64","MSVC195136257","Intel64 Family 6 Model 142 Stepping 12, GenuineIntel",8,12345,256,4,12,1,16,volatile_first_last_byte,batch,256,Binned,6,3,1024,2048,151100,147.55859375,256,256,65536,1,256,65536,65536,65536,4096,1,0,0,0,0,0,0,0,0,8
1789569991334,"Windows x64","MSVC195136257","Intel64 Family 6 Model 142 Stepping 12, GenuineIntel",8,12345,256,4,12,1,16,volatile_first_last_byte,batch,256,Binned,7,2,1024,2048,139800,136.5234375,256,256,65536,1,256,65536,65536,65536,4096,1,0,0,0,0,0,0,0,0,8
1789569991334,"Windows x64","MSVC195136257","Intel64 Family 6 Model 142 Stepping 12, GenuineIntel",8,12345,256,4,12,1,16,volatile_first_last_byte,batch,256,Binned,8,1,1024,2048,139400,136.1328125,256,256,65536,1,256,65536,65536,65536,4096,1,0,0,0,0,0,0,0,0,8
1789569991334,"Windows x64","MSVC195136257","Intel64 Family 6 Model 142 Stepping 12, GenuineIntel",8,12345,256,4,12,1,16,volatile_first_last_byte,batch,256,Binned,9,1,1024,2048,145900,142.48046875,256,256,65536,1,256,65536,65536,65536,4096,1,0,0,0,0,0,0,0,0,8
1789569991334,"Windows x64","MSVC195136257","Intel64 Family 6 Model 142 Stepping 12, GenuineIntel",8,12345,256,4,12,1,16,volatile_first_last_byte,batch,256,Binned,10,3,1024,2048,142800,139.453125,256,256,65536,1,256,65536,65536,65536,4096,1,0,0,0,0,0,0,0,0,8
1789569991334,"Windows x64","MSVC195136257","Intel64 Family 6 Model 142 Stepping 12, GenuineIntel",8,12345,256,4,12,1,16,volatile_first_last_byte,batch,256,Binned,11,2,1024,2048,141000,137.6953125,256,256,65536,1,256,65536,65536,65536,4096,1,0,0,0,0,0,0,0,0,8
1789569991334,"Windows x64","MSVC195136257","Intel64 Family 6 Model 142 Stepping 12, GenuineIntel",8,12345,256,4,12,1,16,volatile_first_last_byte,batch,256,Binned,12,3,1024,2048,138900,135.64453125,256,256,65536,1,256,65536,65536,65536,4096,1,0,0,0,0,0,0,0,0,8
1789569991334,"Windows x64","MSVC195136257","Intel64 Family 6 Model 142 Stepping 12, GenuineIntel",8,12345,256,4,12,1,16,volatile_first_last_byte,immediate,1024,CRT,1,2,1024,2048,46000,44.921875,1,1,1024,0,,,,,,,,,,,,,,,
1789569991334,"Windows x64","MSVC195136257","Intel64 Family 6 Model 142 Stepping 12, GenuineIntel",8,12345,256,4,12,1,16,volatile_first_last_byte,immediate,1024,CRT,2,3,1024,2048,44100,43.06640625,1,1,1024,0,,,,,,,,,,,,,,,
1789569991334,"Windows x64","MSVC195136257","Intel64 Family 6 Model 142 Stepping 12, GenuineIntel",8,12345,256,4,12,1,16,volatile_first_last_byte,immediate,1024,CRT,3,2,1024,2048,62600,61.1328125,1,1,1024,0,,,,,,,,,,,,,,,
1789569991334,"Windows x64","MSVC195136257","Intel64 Family 6 Model 142 Stepping 12, GenuineIntel",8,12345,256,4,12,1,16,volatile_first_last_byte,immediate,1024,CRT,4,1,1024,2048,69100,67.48046875,1,1,1024,0,,,,,,,,,,,,,,,
1789569991334,"Windows x64","MSVC195136257","Intel64 Family 6 Model 142 Stepping 12, GenuineIntel",8,12345,256,4,12,1,16,volatile_first_last_byte,immediate,1024,CRT,5,1,1024,2048,88200,86.1328125,1,1,1024,0,,,,,,,,,,,,,,,
1789569991334,"Windows x64","MSVC195136257","Intel64 Family 6 Model 142 Stepping 12, GenuineIntel",8,12345,256,4,12,1,16,volatile_first_last_byte,immediate,1024,CRT,6,3,1024,2048,49200,48.046875,1,1,1024,0,,,,,,,,,,,,,,,
1789569991334,"Windows x64","MSVC195136257","Intel64 Family 6 Model 142 Stepping 12, GenuineIntel",8,12345,256,4,12,1,16,volatile_first_last_byte,immediate,1024,CRT,7,2,1024,2048,79500,77.63671875,1,1,1024,0,,,,,,,,,,,,,,,
1789569991334,"Windows x64","MSVC195136257","Intel64 Family 6 Model 142 Stepping 12, GenuineIntel",8,12345,256,4,12,1,16,volatile_first_last_byte,immediate,1024,CRT,8,3,1024,2048,64600,63.0859375,1,1,1024,0,,,,,,,,,,,,,,,
1789569991334,"Windows x64","MSVC195136257","Intel64 Family 6 Model 142 Stepping 12, GenuineIntel",8,12345,256,4,12,1,16,volatile_first_last_byte,immediate,1024,CRT,9,2,1024,2048,53700,52.44140625,1,1,1024,0,,,,,,,,,,,,,,,
1789569991334,"Windows x64","MSVC195136257","Intel64 Family 6 Model 142 Stepping 12, GenuineIntel",8,12345,256,4,12,1,16,volatile_first_last_byte,immediate,1024,CRT,10,1,1024,2048,84800,82.8125,1,1,1024,0,,,,,,,,,,,,,,,
1789569991334,"Windows x64","MSVC195136257","Intel64 Family 6 Model 142 Stepping 12, GenuineIntel",8,12345,256,4,12,1,16,volatile_first_last_byte,immediate,1024,CRT,11,1,1024,2048,46600,45.5078125,1,1,1024,0,,,,,,,,,,,,,,,
1789569991334,"Windows x64","MSVC195136257","Intel64 Family 6 Model 142 Stepping 12, GenuineIntel",8,12345,256,4,12,1,16,volatile_first_last_byte,immediate,1024,CRT,12,3,1024,2048,54700,53.41796875,1,1,1024,0,,,,,,,,,,,,,,,
1789569991334,"Windows x64","MSVC195136257","Intel64 Family 6 Model 142 Stepping 12, GenuineIntel",8,12345,256,4,12,1,16,volatile_first_last_byte,immediate,1024,System,1,3,1024,2048,48700,47.55859375,1,1,1024,0,,,,,,,,,,,,,,,
1789569991334,"Windows x64","MSVC195136257","Intel64 Family 6 Model 142 Stepping 12, GenuineIntel",8,12345,256,4,12,1,16,volatile_first_last_byte,immediate,1024,System,2,2,1024,2048,49700,48.53515625,1,1,1024,0,,,,,,,,,,,,,,,
1789569991334,"Windows x64","MSVC195136257","Intel64 Family 6 Model 142 Stepping 12, GenuineIntel",8,12345,256,4,12,1,16,volatile_first_last_byte,immediate,1024,System,3,1,1024,2048,48300,47.16796875,1,1,1024,0,,,,,,,,,,,,,,,
1789569991334,"Windows x64","MSVC195136257","Intel64 Family 6 Model 142 Stepping 12, GenuineIntel",8,12345,256,4,12,1,16,volatile_first_last_byte,immediate,1024,System,4,3,1024,2048,106900,104.39453125,1,1,1024,0,,,,,,,,,,,,,,,
1789569991334,"Windows x64","MSVC195136257","Intel64 Family 6 Model 142 Stepping 12, GenuineIntel",8,12345,256,4,12,1,16,volatile_first_last_byte,immediate,1024,System,5,2,1024,2048,99900,97.55859375,1,1,1024,0,,,,,,,,,,,,,,,
1789569991334,"Windows x64","MSVC195136257","Intel64 Family 6 Model 142 Stepping 12, GenuineIntel",8,12345,256,4,12,1,16,volatile_first_last_byte,immediate,1024,System,6,1,1024,2048,61400,59.9609375,1,1,1024,0,,,,,,,,,,,,,,,
1789569991334,"Windows x64","MSVC195136257","Intel64 Family 6 Model 142 Stepping 12, GenuineIntel",8,12345,256,4,12,1,16,volatile_first_last_byte,immediate,1024,System,7,3,1024,2048,86900,84.86328125,1,1,1024,0,,,,,,,,,,,,,,,
1789569991334,"Windows x64","MSVC195136257","Intel64 Family 6 Model 142 Stepping 12, GenuineIntel",8,12345,256,4,12,1,16,volatile_first_last_byte,immediate,1024,System,8,2,1024,2048,79400,77.5390625,1,1,1024,0,,,,,,,,,,,,,,,
1789569991334,"Windows x64","MSVC195136257","Intel64 Family 6 Model 142 Stepping 12, GenuineIntel",8,12345,256,4,12,1,16,volatile_first_last_byte,immediate,1024,System,9,1,1024,2048,73200,71.484375,1,1,1024,0,,,,,,,,,,,,,,,
1789569991334,"Windows x64","MSVC195136257","Intel64 Family 6 Model 142 Stepping 12, GenuineIntel",8,12345,256,4,12,1,16,volatile_first_last_byte,immediate,1024,System,10,3,1024,2048,53300,52.05078125,1,1,1024,0,,,,,,,,,,,,,,,
1789569991334,"Windows x64","MSVC195136257","Intel64 Family 6 Model 142 Stepping 12, GenuineIntel",8,12345,256,4,12,1,16,volatile_first_last_byte,immediate,1024,System,11,2,1024,2048,50500,49.31640625,1,1,1024,0,,,,,,,,,,,,,,,
1789569991334,"Windows x64","MSVC195136257","Intel64 Family 6 Model 142 Stepping 12, GenuineIntel",8,12345,256,4,12,1,16,volatile_first_last_byte,immediate,1024,System,12,1,1024,2048,105300,102.83203125,1,1,1024,0,,,,,,,,,,,,,,,
1789569991334,"Windows x64","MSVC195136257","Intel64 Family 6 Model 142 Stepping 12, GenuineIntel",8,12345,256,4,12,1,16,volatile_first_last_byte,immediate,1024,Binned,1,1,1024,2048,11367100,11100.68359375,1,1,1024,1,1,1024,1024,65536,4096,1,0,0,0,0,0,0,0,0,2048
1789569991334,"Windows x64","MSVC195136257","Intel64 Family 6 Model 142 Stepping 12, GenuineIntel",8,12345,256,4,12,1,16,volatile_first_last_byte,immediate,1024,Binned,2,1,1024,2048,9629300,9403.61328125,1,1,1024,1,1,1024,1024,65536,4096,1,0,0,0,0,0,0,0,0,2048
1789569991334,"Windows x64","MSVC195136257","Intel64 Family 6 Model 142 Stepping 12, GenuineIntel",8,12345,256,4,12,1,16,volatile_first_last_byte,immediate,1024,Binned,3,3,1024,2048,9824800,9594.53125,1,1,1024,1,1,1024,1024,65536,4096,1,0,0,0,0,0,0,0,0,2048
1789569991334,"Windows x64","MSVC195136257","Intel64 Family 6 Model 142 Stepping 12, GenuineIntel",8,12345,256,4,12,1,16,volatile_first_last_byte,immediate,1024,Binned,4,2,1024,2048,13235400,12925.1953125,1,1,1024,1,1,1024,1024,65536,4096,1,0,0,0,0,0,0,0,0,2048
1789569991334,"Windows x64","MSVC195136257","Intel64 Family 6 Model 142 Stepping 12, GenuineIntel",8,12345,256,4,12,1,16,volatile_first_last_byte,immediate,1024,Binned,5,3,1024,2048,13782400,13459.375,1,1,1024,1,1,1024,1024,65536,4096,1,0,0,0,0,0,0,0,0,2048
1789569991334,"Windows x64","MSVC195136257","Intel64 Family 6 Model 142 Stepping 12, GenuineIntel",8,12345,256,4,12,1,16,volatile_first_last_byte,immediate,1024,Binned,6,2,1024,2048,13808000,13484.375,1,1,1024,1,1,1024,1024,65536,4096,1,0,0,0,0,0,0,0,0,2048
1789569991334,"Windows x64","MSVC195136257","Intel64 Family 6 Model 142 Stepping 12, GenuineIntel",8,12345,256,4,12,1,16,volatile_first_last_byte,immediate,1024,Binned,7,1,1024,2048,10700600,10449.8046875,1,1,1024,1,1,1024,1024,65536,4096,1,0,0,0,0,0,0,0,0,2048
1789569991334,"Windows x64","MSVC195136257","Intel64 Family 6 Model 142 Stepping 12, GenuineIntel",8,12345,256,4,12,1,16,volatile_first_last_byte,immediate,1024,Binned,8,1,1024,2048,12244200,11957.2265625,1,1,1024,1,1,1024,1024,65536,4096,1,0,0,0,0,0,0,0,0,2048
1789569991334,"Windows x64","MSVC195136257","Intel64 Family 6 Model 142 Stepping 12, GenuineIntel",8,12345,256,4,12,1,16,volatile_first_last_byte,immediate,1024,Binned,9,3,1024,2048,12610200,12314.6484375,1,1,1024,1,1,1024,1024,65536,4096,1,0,0,0,0,0,0,0,0,2048
1789569991334,"Windows x64","MSVC195136257","Intel64 Family 6 Model 142 Stepping 12, GenuineIntel",8,12345,256,4,12,1,16,volatile_first_last_byte,immediate,1024,Binned,10,2,1024,2048,15242800,14885.546875,1,1,1024,1,1,1024,1024,65536,4096,1,0,0,0,0,0,0,0,0,2048
1789569991334,"Windows x64","MSVC195136257","Intel64 Family 6 Model 142 Stepping 12, GenuineIntel",8,12345,256,4,12,1,16,volatile_first_last_byte,immediate,1024,Binned,11,3,1024,2048,12513300,12220.01953125,1,1,1024,1,1,1024,1024,65536,4096,1,0,0,0,0,0,0,0,0,2048
1789569991334,"Windows x64","MSVC195136257","Intel64 Family 6 Model 142 Stepping 12, GenuineIntel",8,12345,256,4,12,1,16,volatile_first_last_byte,immediate,1024,Binned,12,2,1024,2048,11917100,11637.79296875,1,1,1024,1,1,1024,1024,65536,4096,1,0,0,0,0,0,0,0,0,2048
1789569991334,"Windows x64","MSVC195136257","Intel64 Family 6 Model 142 Stepping 12, GenuineIntel",8,12345,256,4,12,1,16,volatile_first_last_byte,batch,1024,CRT,1,3,1024,2048,260800,254.6875,256,256,262144,0,,,,,,,,,,,,,,,
1789569991334,"Windows x64","MSVC195136257","Intel64 Family 6 Model 142 Stepping 12, GenuineIntel",8,12345,256,4,12,1,16,volatile_first_last_byte,batch,1024,CRT,2,2,1024,2048,249600,243.75,256,256,262144,0,,,,,,,,,,,,,,,
1789569991334,"Windows x64","MSVC195136257","Intel64 Family 6 Model 142 Stepping 12, GenuineIntel",8,12345,256,4,12,1,16,volatile_first_last_byte,batch,1024,CRT,3,1,1024,2048,294600,287.6953125,256,256,262144,0,,,,,,,,,,,,,,,
1789569991334,"Windows x64","MSVC195136257","Intel64 Family 6 Model 142 Stepping 12, GenuineIntel",8,12345,256,4,12,1,16,volatile_first_last_byte,batch,1024,CRT,4,1,1024,2048,300300,293.26171875,256,256,262144,0,,,,,,,,,,,,,,,
1789569991334,"Windows x64","MSVC195136257","Intel64 Family 6 Model 142 Stepping 12, GenuineIntel",8,12345,256,4,12,1,16,volatile_first_last_byte,batch,1024,CRT,5,3,1024,2048,309300,302.05078125,256,256,262144,0,,,,,,,,,,,,,,,
1789569991334,"Windows x64","MSVC195136257","Intel64 Family 6 Model 142 Stepping 12, GenuineIntel",8,12345,256,4,12,1,16,volatile_first_last_byte,batch,1024,CRT,6,2,1024,2048,292000,285.15625,256,256,262144,0,,,,,,,,,,,,,,,
1789569991334,"Windows x64","MSVC195136257","Intel64 Family 6 Model 142 Stepping 12, GenuineIntel",8,12345,256,4,12,1,16,volatile_first_last_byte,batch,1024,CRT,7,3,1024,2048,318800,311.328125,256,256,262144,0,,,,,,,,,,,,,,,
1789569991334,"Windows x64","MSVC195136257","Intel64 Family 6 Model 142 Stepping 12, GenuineIntel",8,12345,256,4,12,1,16,volatile_first_last_byte,batch,1024,CRT,8,2,1024,2048,387600,378.515625,256,256,262144,0,,,,,,,,,,,,,,,
1789569991334,"Windows x64","MSVC195136257","Intel64 Family 6 Model 142 Stepping 12, GenuineIntel",8,12345,256,4,12,1,16,volatile_first_last_byte,batch,1024,CRT,9,1,1024,2048,497600,485.9375,256,256,262144,0,,,,,,,,,,,,,,,
1789569991334,"Windows x64","MSVC195136257","Intel64 Family 6 Model 142 Stepping 12, GenuineIntel",8,12345,256,4,12,1,16,volatile_first_last_byte,batch,1024,CRT,10,1,1024,2048,374800,366.015625,256,256,262144,0,,,,,,,,,,,,,,,
1789569991334,"Windows x64","MSVC195136257","Intel64 Family 6 Model 142 Stepping 12, GenuineIntel",8,12345,256,4,12,1,16,volatile_first_last_byte,batch,1024,CRT,11,3,1024,2048,367300,358.69140625,256,256,262144,0,,,,,,,,,,,,,,,
1789569991334,"Windows x64","MSVC195136257","Intel64 Family 6 Model 142 Stepping 12, GenuineIntel",8,12345,256,4,12,1,16,volatile_first_last_byte,batch,1024,CRT,12,2,1024,2048,566100,552.83203125,256,256,262144,0,,,,,,,,,,,,,,,
1789569991334,"Windows x64","MSVC195136257","Intel64 Family 6 Model 142 Stepping 12, GenuineIntel",8,12345,256,4,12,1,16,volatile_first_last_byte,batch,1024,System,1,2,1024,2048,381900,372.94921875,256,256,262144,0,,,,,,,,,,,,,,,
1789569991334,"Windows x64","MSVC195136257","Intel64 Family 6 Model 142 Stepping 12, GenuineIntel",8,12345,256,4,12,1,16,volatile_first_last_byte,batch,1024,System,2,1,1024,2048,340000,332.03125,256,256,262144,0,,,,,,,,,,,,,,,
1789569991334,"Windows x64","MSVC195136257","Intel64 Family 6 Model 142 Stepping 12, GenuineIntel",8,12345,256,4,12,1,16,volatile_first_last_byte,batch,1024,System,3,3,1024,2048,370500,361.81640625,256,256,262144,0,,,,,,,,,,,,,,,
1789569991334,"Windows x64","MSVC195136257","Intel64 Family 6 Model 142 Stepping 12, GenuineIntel",8,12345,256,4,12,1,16,volatile_first_last_byte,batch,1024,System,4,2,1024,2048,417600,407.8125,256,256,262144,0,,,,,,,,,,,,,,,
1789569991334,"Windows x64","MSVC195136257","Intel64 Family 6 Model 142 Stepping 12, GenuineIntel",8,12345,256,4,12,1,16,volatile_first_last_byte,batch,1024,System,5,1,1024,2048,485600,474.21875,256,256,262144,0,,,,,,,,,,,,,,,
1789569991334,"Windows x64","MSVC195136257","Intel64 Family 6 Model 142 Stepping 12, GenuineIntel",8,12345,256,4,12,1,16,volatile_first_last_byte,batch,1024,System,6,3,1024,2048,380400,371.484375,256,256,262144,0,,,,,,,,,,,,,,,
1789569991334,"Windows x64","MSVC195136257","Intel64 Family 6 Model 142 Stepping 12, GenuineIntel",8,12345,256,4,12,1,16,volatile_first_last_byte,batch,1024,System,7,2,1024,2048,380400,371.484375,256,256,262144,0,,,,,,,,,,,,,,,
1789569991334,"Windows x64","MSVC195136257","Intel64 Family 6 Model 142 Stepping 12, GenuineIntel",8,12345,256,4,12,1,16,volatile_first_last_byte,batch,1024,System,8,1,1024,2048,515000,502.9296875,256,256,262144,0,,,,,,,,,,,,,,,
1789569991334,"Windows x64","MSVC195136257","Intel64 Family 6 Model 142 Stepping 12, GenuineIntel",8,12345,256,4,12,1,16,volatile_first_last_byte,batch,1024,System,9,3,1024,2048,533600,521.09375,256,256,262144,0,,,,,,,,,,,,,,,
1789569991334,"Windows x64","MSVC195136257","Intel64 Family 6 Model 142 Stepping 12, GenuineIntel",8,12345,256,4,12,1,16,volatile_first_last_byte,batch,1024,System,10,2,1024,2048,320900,313.37890625,256,256,262144,0,,,,,,,,,,,,,,,
1789569991334,"Windows x64","MSVC195136257","Intel64 Family 6 Model 142 Stepping 12, GenuineIntel",8,12345,256,4,12,1,16,volatile_first_last_byte,batch,1024,System,11,1,1024,2048,415800,406.0546875,256,256,262144,0,,,,,,,,,,,,,,,
1789569991334,"Windows x64","MSVC195136257","Intel64 Family 6 Model 142 Stepping 12, GenuineIntel",8,12345,256,4,12,1,16,volatile_first_last_byte,batch,1024,System,12,3,1024,2048,592700,578.80859375,256,256,262144,0,,,,,,,,,,,,,,,
1789569991334,"Windows x64","MSVC195136257","Intel64 Family 6 Model 142 Stepping 12, GenuineIntel",8,12345,256,4,12,1,16,volatile_first_last_byte,batch,1024,Binned,1,1,1024,2048,446900,436.42578125,256,256,262144,1,256,262144,262144,262144,16384,4,0,0,0,0,0,0,0,0,32
1789569991334,"Windows x64","MSVC195136257","Intel64 Family 6 Model 142 Stepping 12, GenuineIntel",8,12345,256,4,12,1,16,volatile_first_last_byte,batch,1024,Binned,2,3,1024,2048,444400,433.984375,256,256,262144,1,256,262144,262144,262144,16384,4,0,0,0,0,0,0,0,0,32
1789569991334,"Windows x64","MSVC195136257","Intel64 Family 6 Model 142 Stepping 12, GenuineIntel",8,12345,256,4,12,1,16,volatile_first_last_byte,batch,1024,Binned,3,2,1024,2048,493400,481.8359375,256,256,262144,1,256,262144,262144,262144,16384,4,0,0,0,0,0,0,0,0,32
1789569991334,"Windows x64","MSVC195136257","Intel64 Family 6 Model 142 Stepping 12, GenuineIntel",8,12345,256,4,12,1,16,volatile_first_last_byte,batch,1024,Binned,4,3,1024,2048,482300,470.99609375,256,256,262144,1,256,262144,262144,262144,16384,4,0,0,0,0,0,0,0,0,32
1789569991334,"Windows x64","MSVC195136257","Intel64 Family 6 Model 142 Stepping 12, GenuineIntel",8,12345,256,4,12,1,16,volatile_first_last_byte,batch,1024,Binned,5,2,1024,2048,518000,505.859375,256,256,262144,1,256,262144,262144,262144,16384,4,0,0,0,0,0,0,0,0,32
1789569991334,"Windows x64","MSVC195136257","Intel64 Family 6 Model 142 Stepping 12, GenuineIntel",8,12345,256,4,12,1,16,volatile_first_last_byte,batch,1024,Binned,6,1,1024,2048,477400,466.2109375,256,256,262144,1,256,262144,262144,262144,16384,4,0,0,0,0,0,0,0,0,32
1789569991334,"Windows x64","MSVC195136257","Intel64 Family 6 Model 142 Stepping 12, GenuineIntel",8,12345,256,4,12,1,16,volatile_first_last_byte,batch,1024,Binned,7,1,1024,2048,475500,464.35546875,256,256,262144,1,256,262144,262144,262144,16384,4,0,0,0,0,0,0,0,0,32
1789569991334,"Windows x64","MSVC195136257","Intel64 Family 6 Model 142 Stepping 12, GenuineIntel",8,12345,256,4,12,1,16,volatile_first_last_byte,batch,1024,Binned,8,3,1024,2048,529000,516.6015625,256,256,262144,1,256,262144,262144,262144,16384,4,0,0,0,0,0,0,0,0,32
1789569991334,"Windows x64","MSVC195136257","Intel64 Family 6 Model 142 Stepping 12, GenuineIntel",8,12345,256,4,12,1,16,volatile_first_last_byte,batch,1024,Binned,9,2,1024,2048,606500,592.28515625,256,256,262144,1,256,262144,262144,262144,16384,4,0,0,0,0,0,0,0,0,32
1789569991334,"Windows x64","MSVC195136257","Intel64 Family 6 Model 142 Stepping 12, GenuineIntel",8,12345,256,4,12,1,16,volatile_first_last_byte,batch,1024,Binned,10,3,1024,2048,462100,451.26953125,256,256,262144,1,256,262144,262144,262144,16384,4,0,0,0,0,0,0,0,0,32
1789569991334,"Windows x64","MSVC195136257","Intel64 Family 6 Model 142 Stepping 12, GenuineIntel",8,12345,256,4,12,1,16,volatile_first_last_byte,batch,1024,Binned,11,2,1024,2048,535000,522.4609375,256,256,262144,1,256,262144,262144,262144,16384,4,0,0,0,0,0,0,0,0,32
1789569991334,"Windows x64","MSVC195136257","Intel64 Family 6 Model 142 Stepping 12, GenuineIntel",8,12345,256,4,12,1,16,volatile_first_last_byte,batch,1024,Binned,12,1,1024,2048,816800,797.65625,256,256,262144,1,256,262144,262144,262144,16384,4,0,0,0,0,0,0,0,0,32
1789569991334,"Windows x64","MSVC195136257","Intel64 Family 6 Model 142 Stepping 12, GenuineIntel",8,12345,256,4,12,1,16,volatile_first_last_byte,immediate,4096,CRT,1,2,1024,2048,49600,48.4375,1,1,4096,0,,,,,,,,,,,,,,,
1789569991334,"Windows x64","MSVC195136257","Intel64 Family 6 Model 142 Stepping 12, GenuineIntel",8,12345,256,4,12,1,16,volatile_first_last_byte,immediate,4096,CRT,2,1,1024,2048,51700,50.48828125,1,1,4096,0,,,,,,,,,,,,,,,
1789569991334,"Windows x64","MSVC195136257","Intel64 Family 6 Model 142 Stepping 12, GenuineIntel",8,12345,256,4,12,1,16,volatile_first_last_byte,immediate,4096,CRT,3,1,1024,2048,49400,48.2421875,1,1,4096,0,,,,,,,,,,,,,,,
1789569991334,"Windows x64","MSVC195136257","Intel64 Family 6 Model 142 Stepping 12, GenuineIntel",8,12345,256,4,12,1,16,volatile_first_last_byte,immediate,4096,CRT,4,3,1024,2048,72400,70.703125,1,1,4096,0,,,,,,,,,,,,,,,
1789569991334,"Windows x64","MSVC195136257","Intel64 Family 6 Model 142 Stepping 12, GenuineIntel",8,12345,256,4,12,1,16,volatile_first_last_byte,immediate,4096,CRT,5,2,1024,2048,50200,49.0234375,1,1,4096,0,,,,,,,,,,,,,,,
1789569991334,"Windows x64","MSVC195136257","Intel64 Family 6 Model 142 Stepping 12, GenuineIntel",8,12345,256,4,12,1,16,volatile_first_last_byte,immediate,4096,CRT,6,3,1024,2048,49200,48.046875,1,1,4096,0,,,,,,,,,,,,,,,
1789569991334,"Windows x64","MSVC195136257","Intel64 Family 6 Model 142 Stepping 12, GenuineIntel",8,12345,256,4,12,1,16,volatile_first_last_byte,immediate,4096,CRT,7,2,1024,2048,48600,47.4609375,1,1,4096,0,,,,,,,,,,,,,,,
1789569991334,"Windows x64","MSVC195136257","Intel64 Family 6 Model 142 Stepping 12, GenuineIntel",8,12345,256,4,12,1,16,volatile_first_last_byte,immediate,4096,CRT,8,1,1024,2048,49800,48.6328125,1,1,4096,0,,,,,,,,,,,,,,,
1789569991334,"Windows x64","MSVC195136257","Intel64 Family 6 Model 142 Stepping 12, GenuineIntel",8,12345,256,4,12,1,16,volatile_first_last_byte,immediate,4096,CRT,9,1,1024,2048,49300,48.14453125,1,1,4096,0,,,,,,,,,,,,,,,
1789569991334,"Windows x64","MSVC195136257","Intel64 Family 6 Model 142 Stepping 12, GenuineIntel",8,12345,256,4,12,1,16,volatile_first_last_byte,immediate,4096,CRT,10,3,1024,2048,52100,50.87890625,1,1,4096,0,,,,,,,,,,,,,,,
1789569991334,"Windows x64","MSVC195136257","Intel64 Family 6 Model 142 Stepping 12, GenuineIntel",8,12345,256,4,12,1,16,volatile_first_last_byte,immediate,4096,CRT,11,2,1024,2048,51500,50.29296875,1,1,4096,0,,,,,,,,,,,,,,,
1789569991334,"Windows x64","MSVC195136257","Intel64 Family 6 Model 142 Stepping 12, GenuineIntel",8,12345,256,4,12,1,16,volatile_first_last_byte,immediate,4096,CRT,12,3,1024,2048,49000,47.8515625,1,1,4096,0,,,,,,,,,,,,,,,
1789569991334,"Windows x64","MSVC195136257","Intel64 Family 6 Model 142 Stepping 12, GenuineIntel",8,12345,256,4,12,1,16,volatile_first_last_byte,immediate,4096,System,1,1,1024,2048,67600,66.015625,1,1,4096,0,,,,,,,,,,,,,,,
1789569991334,"Windows x64","MSVC195136257","Intel64 Family 6 Model 142 Stepping 12, GenuineIntel",8,12345,256,4,12,1,16,volatile_first_last_byte,immediate,4096,System,2,3,1024,2048,67500,65.91796875,1,1,4096,0,,,,,,,,,,,,,,,
1789569991334,"Windows x64","MSVC195136257","Intel64 Family 6 Model 142 Stepping 12, GenuineIntel",8,12345,256,4,12,1,16,volatile_first_last_byte,immediate,4096,System,3,2,1024,2048,49900,48.73046875,1,1,4096,0,,,,,,,,,,,,,,,
1789569991334,"Windows x64","MSVC195136257","Intel64 Family 6 Model 142 Stepping 12, GenuineIntel",8,12345,256,4,12,1,16,volatile_first_last_byte,immediate,4096,System,4,1,1024,2048,72700,70.99609375,1,1,4096,0,,,,,,,,,,,,,,,
1789569991334,"Windows x64","MSVC195136257","Intel64 Family 6 Model 142 Stepping 12, GenuineIntel",8,12345,256,4,12,1,16,volatile_first_last_byte,immediate,4096,System,5,3,1024,2048,50100,48.92578125,1,1,4096,0,,,,,,,,,,,,,,,
1789569991334,"Windows x64","MSVC195136257","Intel64 Family 6 Model 142 Stepping 12, GenuineIntel",8,12345,256,4,12,1,16,volatile_first_last_byte,immediate,4096,System,6,2,1024,2048,50900,49.70703125,1,1,4096,0,,,,,,,,,,,,,,,
1789569991334,"Windows x64","MSVC195136257","Intel64 Family 6 Model 142 Stepping 12, GenuineIntel",8,12345,256,4,12,1,16,volatile_first_last_byte,immediate,4096,System,7,1,1024,2048,50700,49.51171875,1,1,4096,0,,,,,,,,,,,,,,,
1789569991334,"Windows x64","MSVC195136257","Intel64 Family 6 Model 142 Stepping 12, GenuineIntel",8,12345,256,4,12,1,16,volatile_first_last_byte,immediate,4096,System,8,3,1024,2048,51200,50,1,1,4096,0,,,,,,,,,,,,,,,
1789569991334,"Windows x64","MSVC195136257","Intel64 Family 6 Model 142 Stepping 12, GenuineIntel",8,12345,256,4,12,1,16,volatile_first_last_byte,immediate,4096,System,9,2,1024,2048,50600,49.4140625,1,1,4096,0,,,,,,,,,,,,,,,
1789569991334,"Windows x64","MSVC195136257","Intel64 Family 6 Model 142 Stepping 12, GenuineIntel",8,12345,256,4,12,1,16,volatile_first_last_byte,immediate,4096,System,10,1,1024,2048,51300,50.09765625,1,1,4096,0,,,,,,,,,,,,,,,
1789569991334,"Windows x64","MSVC195136257","Intel64 Family 6 Model 142 Stepping 12, GenuineIntel",8,12345,256,4,12,1,16,volatile_first_last_byte,immediate,4096,System,11,3,1024,2048,50500,49.31640625,1,1,4096,0,,,,,,,,,,,,,,,
1789569991334,"Windows x64","MSVC195136257","Intel64 Family 6 Model 142 Stepping 12, GenuineIntel",8,12345,256,4,12,1,16,volatile_first_last_byte,immediate,4096,System,12,2,1024,2048,51000,49.8046875,1,1,4096,0,,,,,,,,,,,,,,,
1789569991334,"Windows x64","MSVC195136257","Intel64 Family 6 Model 142 Stepping 12, GenuineIntel",8,12345,256,4,12,1,16,volatile_first_last_byte,immediate,4096,Binned,1,3,1024,2048,6974000,6810.546875,1,1,4096,1,1,4096,4096,65536,4096,1,0,0,0,0,0,0,0,0,2048
1789569991334,"Windows x64","MSVC195136257","Intel64 Family 6 Model 142 Stepping 12, GenuineIntel",8,12345,256,4,12,1,16,volatile_first_last_byte,immediate,4096,Binned,2,2,1024,2048,6883100,6721.77734375,1,1,4096,1,1,4096,4096,65536,4096,1,0,0,0,0,0,0,0,0,2048
1789569991334,"Windows x64","MSVC195136257","Intel64 Family 6 Model 142 Stepping 12, GenuineIntel",8,12345,256,4,12,1,16,volatile_first_last_byte,immediate,4096,Binned,3,3,1024,2048,6929800,6767.3828125,1,1,4096,1,1,4096,4096,65536,4096,1,0,0,0,0,0,0,0,0,2048
1789569991334,"Windows x64","MSVC195136257","Intel64 Family 6 Model 142 Stepping 12, GenuineIntel",8,12345,256,4,12,1,16,volatile_first_last_byte,immediate,4096,Binned,4,2,1024,2048,6668500,6512.20703125,1,1,4096,1,1,4096,4096,65536,4096,1,0,0,0,0,0,0,0,0,2048
1789569991334,"Windows x64","MSVC195136257","Intel64 Family 6 Model 142 Stepping 12, GenuineIntel",8,12345,256,4,12,1,16,volatile_first_last_byte,immediate,4096,Binned,5,1,1024,2048,7023300,6858.69140625,1,1,4096,1,1,4096,4096,65536,4096,1,0,0,0,0,0,0,0,0,2048
1789569991334,"Windows x64","MSVC195136257","Intel64 Family 6 Model 142 Stepping 12, GenuineIntel",8,12345,256,4,12,1,16,volatile_first_last_byte,immediate,4096,Binned,6,1,1024,2048,7016500,6852.05078125,1,1,4096,1,1,4096,4096,65536,4096,1,0,0,0,0,0,0,0,0,2048
1789569991334,"Windows x64","MSVC195136257","Intel64 Family 6 Model 142 Stepping 12, GenuineIntel",8,12345,256,4,12,1,16,volatile_first_last_byte,immediate,4096,Binned,7,3,1024,2048,6754400,6596.09375,1,1,4096,1,1,4096,4096,65536,4096,1,0,0,0,0,0,0,0,0,2048
1789569991334,"Windows x64","MSVC195136257","Intel64 Family 6 Model 142 Stepping 12, GenuineIntel",8,12345,256,4,12,1,16,volatile_first_last_byte,immediate,4096,Binned,8,2,1024,2048,6699700,6542.67578125,1,1,4096,1,1,4096,4096,65536,4096,1,0,0,0,0,0,0,0,0,2048
1789569991334,"Windows x64","MSVC195136257","Intel64 Family 6 Model 142 Stepping 12, GenuineIntel",8,12345,256,4,12,1,16,volatile_first_last_byte,immediate,4096,Binned,9,3,1024,2048,6506000,6353.515625,1,1,4096,1,1,4096,4096,65536,4096,1,0,0,0,0,0,0,0,0,2048
1789569991334,"Windows x64","MSVC195136257","Intel64 Family 6 Model 142 Stepping 12, GenuineIntel",8,12345,256,4,12,1,16,volatile_first_last_byte,immediate,4096,Binned,10,2,1024,2048,6585800,6431.4453125,1,1,4096,1,1,4096,4096,65536,4096,1,0,0,0,0,0,0,0,0,2048
1789569991334,"Windows x64","MSVC195136257","Intel64 Family 6 Model 142 Stepping 12, GenuineIntel",8,12345,256,4,12,1,16,volatile_first_last_byte,immediate,4096,Binned,11,1,1024,2048,6466200,6314.6484375,1,1,4096,1,1,4096,4096,65536,4096,1,0,0,0,0,0,0,0,0,2048
1789569991334,"Windows x64","MSVC195136257","Intel64 Family 6 Model 142 Stepping 12, GenuineIntel",8,12345,256,4,12,1,16,volatile_first_last_byte,immediate,4096,Binned,12,1,1024,2048,6440800,6289.84375,1,1,4096,1,1,4096,4096,65536,4096,1,0,0,0,0,0,0,0,0,2048
1789569991334,"Windows x64","MSVC195136257","Intel64 Family 6 Model 142 Stepping 12, GenuineIntel",8,12345,256,4,12,1,16,volatile_first_last_byte,batch,4096,CRT,1,1,1024,2048,529200,516.796875,256,256,1048576,0,,,,,,,,,,,,,,,
1789569991334,"Windows x64","MSVC195136257","Intel64 Family 6 Model 142 Stepping 12, GenuineIntel",8,12345,256,4,12,1,16,volatile_first_last_byte,batch,4096,CRT,2,1,1024,2048,995400,972.0703125,256,256,1048576,0,,,,,,,,,,,,,,,
1789569991334,"Windows x64","MSVC195136257","Intel64 Family 6 Model 142 Stepping 12, GenuineIntel",8,12345,256,4,12,1,16,volatile_first_last_byte,batch,4096,CRT,3,3,1024,2048,786600,768.1640625,256,256,1048576,0,,,,,,,,,,,,,,,
1789569991334,"Windows x64","MSVC195136257","Intel64 Family 6 Model 142 Stepping 12, GenuineIntel",8,12345,256,4,12,1,16,volatile_first_last_byte,batch,4096,CRT,4,2,1024,2048,661400,645.8984375,256,256,1048576,0,,,,,,,,,,,,,,,
1789569991334,"Windows x64","MSVC195136257","Intel64 Family 6 Model 142 Stepping 12, GenuineIntel",8,12345,256,4,12,1,16,volatile_first_last_byte,batch,4096,CRT,5,3,1024,2048,720900,704.00390625,256,256,1048576,0,,,,,,,,,,,,,,,
1789569991334,"Windows x64","MSVC195136257","Intel64 Family 6 Model 142 Stepping 12, GenuineIntel",8,12345,256,4,12,1,16,volatile_first_last_byte,batch,4096,CRT,6,2,1024,2048,681900,665.91796875,256,256,1048576,0,,,,,,,,,,,,,,,
1789569991334,"Windows x64","MSVC195136257","Intel64 Family 6 Model 142 Stepping 12, GenuineIntel",8,12345,256,4,12,1,16,volatile_first_last_byte,batch,4096,CRT,7,1,1024,2048,185800,181.4453125,256,256,1048576,0,,,,,,,,,,,,,,,
1789569991334,"Windows x64","MSVC195136257","Intel64 Family 6 Model 142 Stepping 12, GenuineIntel",8,12345,256,4,12,1,16,volatile_first_last_byte,batch,4096,CRT,8,1,1024,2048,720100,703.22265625,256,256,1048576,0,,,,,,,,,,,,,,,
1789569991334,"Windows x64","MSVC195136257","Intel64 Family 6 Model 142 Stepping 12, GenuineIntel",8,12345,256,4,12,1,16,volatile_first_last_byte,batch,4096,CRT,9,3,1024,2048,671000,655.2734375,256,256,1048576,0,,,,,,,,,,,,,,,
1789569991334,"Windows x64","MSVC195136257","Intel64 Family 6 Model 142 Stepping 12, GenuineIntel",8,12345,256,4,12,1,16,volatile_first_last_byte,batch,4096,CRT,10,2,1024,2048,381700,372.75390625,256,256,1048576,0,,,,,,,,,,,,,,,
1789569991334,"Windows x64","MSVC195136257","Intel64 Family 6 Model 142 Stepping 12, GenuineIntel",8,12345,256,4,12,1,16,volatile_first_last_byte,batch,4096,CRT,11,3,1024,2048,692500,676.26953125,256,256,1048576,0,,,,,,,,,,,,,,,
1789569991334,"Windows x64","MSVC195136257","Intel64 Family 6 Model 142 Stepping 12, GenuineIntel",8,12345,256,4,12,1,16,volatile_first_last_byte,batch,4096,CRT,12,2,1024,2048,735700,718.45703125,256,256,1048576,0,,,,,,,,,,,,,,,
1789569991334,"Windows x64","MSVC195136257","Intel64 Family 6 Model 142 Stepping 12, GenuineIntel",8,12345,256,4,12,1,16,volatile_first_last_byte,batch,4096,System,1,3,1024,2048,1164900,1137.59765625,256,256,1048576,0,,,,,,,,,,,,,,,
1789569991334,"Windows x64","MSVC195136257","Intel64 Family 6 Model 142 Stepping 12, GenuineIntel",8,12345,256,4,12,1,16,volatile_first_last_byte,batch,4096,System,2,2,1024,2048,575200,561.71875,256,256,1048576,0,,,,,,,,,,,,,,,
1789569991334,"Windows x64","MSVC195136257","Intel64 Family 6 Model 142 Stepping 12, GenuineIntel",8,12345,256,4,12,1,16,volatile_first_last_byte,batch,4096,System,3,1,1024,2048,536800,524.21875,256,256,1048576,0,,,,,,,,,,,,,,,
1789569991334,"Windows x64","MSVC195136257","Intel64 Family 6 Model 142 Stepping 12, GenuineIntel",8,12345,256,4,12,1,16,volatile_first_last_byte,batch,4096,System,4,3,1024,2048,872500,852.05078125,256,256,1048576,0,,,,,,,,,,,,,,,
1789569991334,"Windows x64","MSVC195136257","Intel64 Family 6 Model 142 Stepping 12, GenuineIntel",8,12345,256,4,12,1,16,volatile_first_last_byte,batch,4096,System,5,2,1024,2048,444000,433.59375,256,256,1048576,0,,,,,,,,,,,,,,,
1789569991334,"Windows x64","MSVC195136257","Intel64 Family 6 Model 142 Stepping 12, GenuineIntel",8,12345,256,4,12,1,16,volatile_first_last_byte,batch,4096,System,6,1,1024,2048,841800,822.0703125,256,256,1048576,0,,,,,,,,,,,,,,,
1789569991334,"Windows x64","MSVC195136257","Intel64 Family 6 Model 142 Stepping 12, GenuineIntel",8,12345,256,4,12,1,16,volatile_first_last_byte,batch,4096,System,7,3,1024,2048,772300,754.19921875,256,256,1048576,0,,,,,,,,,,,,,,,
1789569991334,"Windows x64","MSVC195136257","Intel64 Family 6 Model 142 Stepping 12, GenuineIntel",8,12345,256,4,12,1,16,volatile_first_last_byte,batch,4096,System,8,2,1024,2048,662800,647.265625,256,256,1048576,0,,,,,,,,,,,,,,,
1789569991334,"Windows x64","MSVC195136257","Intel64 Family 6 Model 142 Stepping 12, GenuineIntel",8,12345,256,4,12,1,16,volatile_first_last_byte,batch,4096,System,9,1,1024,2048,761300,743.45703125,256,256,1048576,0,,,,,,,,,,,,,,,
1789569991334,"Windows x64","MSVC195136257","Intel64 Family 6 Model 142 Stepping 12, GenuineIntel",8,12345,256,4,12,1,16,volatile_first_last_byte,batch,4096,System,10,3,1024,2048,779500,761.23046875,256,256,1048576,0,,,,,,,,,,,,,,,
1789569991334,"Windows x64","MSVC195136257","Intel64 Family 6 Model 142 Stepping 12, GenuineIntel",8,12345,256,4,12,1,16,volatile_first_last_byte,batch,4096,System,11,2,1024,2048,802100,783.30078125,256,256,1048576,0,,,,,,,,,,,,,,,
1789569991334,"Windows x64","MSVC195136257","Intel64 Family 6 Model 142 Stepping 12, GenuineIntel",8,12345,256,4,12,1,16,volatile_first_last_byte,batch,4096,System,12,1,1024,2048,791300,772.75390625,256,256,1048576,0,,,,,,,,,,,,,,,
1789569991334,"Windows x64","MSVC195136257","Intel64 Family 6 Model 142 Stepping 12, GenuineIntel",8,12345,256,4,12,1,16,volatile_first_last_byte,batch,4096,Binned,1,2,1024,2048,1702700,1662.79296875,256,256,1048576,1,256,1048576,1048576,1048576,65536,16,0,0,0,0,0,0,0,0,128
1789569991334,"Windows x64","MSVC195136257","Intel64 Family 6 Model 142 Stepping 12, GenuineIntel",8,12345,256,4,12,1,16,volatile_first_last_byte,batch,4096,Binned,2,3,1024,2048,1928000,1882.8125,256,256,1048576,1,256,1048576,1048576,1048576,65536,16,0,0,0,0,0,0,0,0,128
1789569991334,"Windows x64","MSVC195136257","Intel64 Family 6 Model 142 Stepping 12, GenuineIntel",8,12345,256,4,12,1,16,volatile_first_last_byte,batch,4096,Binned,3,2,1024,2048,1818800,1776.171875,256,256,1048576,1,256,1048576,1048576,1048576,65536,16,0,0,0,0,0,0,0,0,128
1789569991334,"Windows x64","MSVC195136257","Intel64 Family 6 Model 142 Stepping 12, GenuineIntel",8,12345,256,4,12,1,16,volatile_first_last_byte,batch,4096,Binned,4,1,1024,2048,1801400,1759.1796875,256,256,1048576,1,256,1048576,1048576,1048576,65536,16,0,0,0,0,0,0,0,0,128
1789569991334,"Windows x64","MSVC195136257","Intel64 Family 6 Model 142 Stepping 12, GenuineIntel",8,12345,256,4,12,1,16,volatile_first_last_byte,batch,4096,Binned,5,1,1024,2048,1829100,1786.23046875,256,256,1048576,1,256,1048576,1048576,1048576,65536,16,0,0,0,0,0,0,0,0,128
1789569991334,"Windows x64","MSVC195136257","Intel64 Family 6 Model 142 Stepping 12, GenuineIntel",8,12345,256,4,12,1,16,volatile_first_last_byte,batch,4096,Binned,6,3,1024,2048,1641200,1602.734375,256,256,1048576,1,256,1048576,1048576,1048576,65536,16,0,0,0,0,0,0,0,0,128
1789569991334,"Windows x64","MSVC195136257","Intel64 Family 6 Model 142 Stepping 12, GenuineIntel",8,12345,256,4,12,1,16,volatile_first_last_byte,batch,4096,Binned,7,2,1024,2048,1688800,1649.21875,256,256,1048576,1,256,1048576,1048576,1048576,65536,16,0,0,0,0,0,0,0,0,128
1789569991334,"Windows x64","MSVC195136257","Intel64 Family 6 Model 142 Stepping 12, GenuineIntel",8,12345,256,4,12,1,16,volatile_first_last_byte,batch,4096,Binned,8,3,1024,2048,1586200,1549.0234375,256,256,1048576,1,256,1048576,1048576,1048576,65536,16,0,0,0,0,0,0,0,0,128
1789569991334,"Windows x64","MSVC195136257","Intel64 Family 6 Model 142 Stepping 12, GenuineIntel",8,12345,256,4,12,1,16,volatile_first_last_byte,batch,4096,Binned,9,2,1024,2048,1687200,1647.65625,256,256,1048576,1,256,1048576,1048576,1048576,65536,16,0,0,0,0,0,0,0,0,128
1789569991334,"Windows x64","MSVC195136257","Intel64 Family 6 Model 142 Stepping 12, GenuineIntel",8,12345,256,4,12,1,16,volatile_first_last_byte,batch,4096,Binned,10,1,1024,2048,1810900,1768.45703125,256,256,1048576,1,256,1048576,1048576,1048576,65536,16,0,0,0,0,0,0,0,0,128
1789569991334,"Windows x64","MSVC195136257","Intel64 Family 6 Model 142 Stepping 12, GenuineIntel",8,12345,256,4,12,1,16,volatile_first_last_byte,batch,4096,Binned,11,1,1024,2048,1649400,1610.7421875,256,256,1048576,1,256,1048576,1048576,1048576,65536,16,0,0,0,0,0,0,0,0,128
1789569991334,"Windows x64","MSVC195136257","Intel64 Family 6 Model 142 Stepping 12, GenuineIntel",8,12345,256,4,12,1,16,volatile_first_last_byte,batch,4096,Binned,12,3,1024,2048,1759600,1718.359375,256,256,1048576,1,256,1048576,1048576,1048576,65536,16,0,0,0,0,0,0,0,0,128
1789569991334,"Windows x64","MSVC195136257","Intel64 Family 6 Model 142 Stepping 12, GenuineIntel",8,12345,256,4,12,1,16,volatile_first_last_byte,immediate,4097,CRT,1,1,1024,2048,49600,48.4375,1,1,4097,0,,,,,,,,,,,,,,,
1789569991334,"Windows x64","MSVC195136257","Intel64 Family 6 Model 142 Stepping 12, GenuineIntel",8,12345,256,4,12,1,16,volatile_first_last_byte,immediate,4097,CRT,2,3,1024,2048,51000,49.8046875,1,1,4097,0,,,,,,,,,,,,,,,
1789569991334,"Windows x64","MSVC195136257","Intel64 Family 6 Model 142 Stepping 12, GenuineIntel",8,12345,256,4,12,1,16,volatile_first_last_byte,immediate,4097,CRT,3,2,1024,2048,51000,49.8046875,1,1,4097,0,,,,,,,,,,,,,,,
1789569991334,"Windows x64","MSVC195136257","Intel64 Family 6 Model 142 Stepping 12, GenuineIntel",8,12345,256,4,12,1,16,volatile_first_last_byte,immediate,4097,CRT,4,3,1024,2048,49200,48.046875,1,1,4097,0,,,,,,,,,,,,,,,
1789569991334,"Windows x64","MSVC195136257","Intel64 Family 6 Model 142 Stepping 12, GenuineIntel",8,12345,256,4,12,1,16,volatile_first_last_byte,immediate,4097,CRT,5,2,1024,2048,48800,47.65625,1,1,4097,0,,,,,,,,,,,,,,,
1789569991334,"Windows x64","MSVC195136257","Intel64 Family 6 Model 142 Stepping 12, GenuineIntel",8,12345,256,4,12,1,16,volatile_first_last_byte,immediate,4097,CRT,6,1,1024,2048,51700,50.48828125,1,1,4097,0,,,,,,,,,,,,,,,
1789569991334,"Windows x64","MSVC195136257","Intel64 Family 6 Model 142 Stepping 12, GenuineIntel",8,12345,256,4,12,1,16,volatile_first_last_byte,immediate,4097,CRT,7,1,1024,2048,50900,49.70703125,1,1,4097,0,,,,,,,,,,,,,,,
1789569991334,"Windows x64","MSVC195136257","Intel64 Family 6 Model 142 Stepping 12, GenuineIntel",8,12345,256,4,12,1,16,volatile_first_last_byte,immediate,4097,CRT,8,3,1024,2048,61800,60.3515625,1,1,4097,0,,,,,,,,,,,,,,,
1789569991334,"Windows x64","MSVC195136257","Intel64 Family 6 Model 142 Stepping 12, GenuineIntel",8,12345,256,4,12,1,16,volatile_first_last_byte,immediate,4097,CRT,9,2,1024,2048,52700,51.46484375,1,1,4097,0,,,,,,,,,,,,,,,
1789569991334,"Windows x64","MSVC195136257","Intel64 Family 6 Model 142 Stepping 12, GenuineIntel",8,12345,256,4,12,1,16,volatile_first_last_byte,immediate,4097,CRT,10,3,1024,2048,51700,50.48828125,1,1,4097,0,,,,,,,,,,,,,,,
1789569991334,"Windows x64","MSVC195136257","Intel64 Family 6 Model 142 Stepping 12, GenuineIntel",8,12345,256,4,12,1,16,volatile_first_last_byte,immediate,4097,CRT,11,2,1024,2048,51400,50.1953125,1,1,4097,0,,,,,,,,,,,,,,,
1789569991334,"Windows x64","MSVC195136257","Intel64 Family 6 Model 142 Stepping 12, GenuineIntel",8,12345,256,4,12,1,16,volatile_first_last_byte,immediate,4097,CRT,12,1,1024,2048,53300,52.05078125,1,1,4097,0,,,,,,,,,,,,,,,
1789569991334,"Windows x64","MSVC195136257","Intel64 Family 6 Model 142 Stepping 12, GenuineIntel",8,12345,256,4,12,1,16,volatile_first_last_byte,immediate,4097,System,1,2,1024,2048,51600,50.390625,1,1,4097,0,,,,,,,,,,,,,,,
1789569991334,"Windows x64","MSVC195136257","Intel64 Family 6 Model 142 Stepping 12, GenuineIntel",8,12345,256,4,12,1,16,volatile_first_last_byte,immediate,4097,System,2,1,1024,2048,61300,59.86328125,1,1,4097,0,,,,,,,,,,,,,,,
1789569991334,"Windows x64","MSVC195136257","Intel64 Family 6 Model 142 Stepping 12, GenuineIntel",8,12345,256,4,12,1,16,volatile_first_last_byte,immediate,4097,System,3,3,1024,2048,53300,52.05078125,1,1,4097,0,,,,,,,,,,,,,,,
1789569991334,"Windows x64","MSVC195136257","Intel64 Family 6 Model 142 Stepping 12, GenuineIntel",8,12345,256,4,12,1,16,volatile_first_last_byte,immediate,4097,System,4,2,1024,2048,54400,53.125,1,1,4097,0,,,,,,,,,,,,,,,
1789569991334,"Windows x64","MSVC195136257","Intel64 Family 6 Model 142 Stepping 12, GenuineIntel",8,12345,256,4,12,1,16,volatile_first_last_byte,immediate,4097,System,5,1,1024,2048,52500,51.26953125,1,1,4097,0,,,,,,,,,,,,,,,
1789569991334,"Windows x64","MSVC195136257","Intel64 Family 6 Model 142 Stepping 12, GenuineIntel",8,12345,256,4,12,1,16,volatile_first_last_byte,immediate,4097,System,6,3,1024,2048,56100,54.78515625,1,1,4097,0,,,,,,,,,,,,,,,
1789569991334,"Windows x64","MSVC195136257","Intel64 Family 6 Model 142 Stepping 12, GenuineIntel",8,12345,256,4,12,1,16,volatile_first_last_byte,immediate,4097,System,7,2,1024,2048,54300,53.02734375,1,1,4097,0,,,,,,,,,,,,,,,
1789569991334,"Windows x64","MSVC195136257","Intel64 Family 6 Model 142 Stepping 12, GenuineIntel",8,12345,256,4,12,1,16,volatile_first_last_byte,immediate,4097,System,8,1,1024,2048,55500,54.19921875,1,1,4097,0,,,,,,,,,,,,,,,
1789569991334,"Windows x64","MSVC195136257","Intel64 Family 6 Model 142 Stepping 12, GenuineIntel",8,12345,256,4,12,1,16,volatile_first_last_byte,immediate,4097,System,9,3,1024,2048,55900,54.58984375,1,1,4097,0,,,,,,,,,,,,,,,
1789569991334,"Windows x64","MSVC195136257","Intel64 Family 6 Model 142 Stepping 12, GenuineIntel",8,12345,256,4,12,1,16,volatile_first_last_byte,immediate,4097,System,10,2,1024,2048,57200,55.859375,1,1,4097,0,,,,,,,,,,,,,,,
1789569991334,"Windows x64","MSVC195136257","Intel64 Family 6 Model 142 Stepping 12, GenuineIntel",8,12345,256,4,12,1,16,volatile_first_last_byte,immediate,4097,System,11,1,1024,2048,55400,54.1015625,1,1,4097,0,,,,,,,,,,,,,,,
1789569991334,"Windows x64","MSVC195136257","Intel64 Family 6 Model 142 Stepping 12, GenuineIntel",8,12345,256,4,12,1,16,volatile_first_last_byte,immediate,4097,System,12,3,1024,2048,57600,56.25,1,1,4097,0,,,,,,,,,,,,,,,
1789569991334,"Windows x64","MSVC195136257","Intel64 Family 6 Model 142 Stepping 12, GenuineIntel",8,12345,256,4,12,1,16,volatile_first_last_byte,immediate,4097,Binned,1,3,1024,2048,10537000,10290.0390625,1,1,4097,1,1,4097,8192,8192,4096,0,1,0,0,0,0,0,0,0,2048
1789569991334,"Windows x64","MSVC195136257","Intel64 Family 6 Model 142 Stepping 12, GenuineIntel",8,12345,256,4,12,1,16,volatile_first_last_byte,immediate,4097,Binned,2,2,1024,2048,10478800,10233.203125,1,1,4097,1,1,4097,8192,8192,4096,0,1,0,0,0,0,0,0,0,2048
1789569991334,"Windows x64","MSVC195136257","Intel64 Family 6 Model 142 Stepping 12, GenuineIntel",8,12345,256,4,12,1,16,volatile_first_last_byte,immediate,4097,Binned,3,1,1024,2048,10281300,10040.33203125,1,1,4097,1,1,4097,8192,8192,4096,0,1,0,0,0,0,0,0,0,2048
1789569991334,"Windows x64","MSVC195136257","Intel64 Family 6 Model 142 Stepping 12, GenuineIntel",8,12345,256,4,12,1,16,volatile_first_last_byte,immediate,4097,Binned,4,1,1024,2048,11134100,10873.14453125,1,1,4097,1,1,4097,8192,8192,4096,0,1,0,0,0,0,0,0,0,2048
1789569991334,"Windows x64","MSVC195136257","Intel64 Family 6 Model 142 Stepping 12, GenuineIntel",8,12345,256,4,12,1,16,volatile_first_last_byte,immediate,4097,Binned,5,3,1024,2048,10320200,10078.3203125,1,1,4097,1,1,4097,8192,8192,4096,0,1,0,0,0,0,0,0,0,2048
1789569991334,"Windows x64","MSVC195136257","Intel64 Family 6 Model 142 Stepping 12, GenuineIntel",8,12345,256,4,12,1,16,volatile_first_last_byte,immediate,4097,Binned,6,2,1024,2048,10367500,10124.51171875,1,1,4097,1,1,4097,8192,8192,4096,0,1,0,0,0,0,0,0,0,2048
1789569991334,"Windows x64","MSVC195136257","Intel64 Family 6 Model 142 Stepping 12, GenuineIntel",8,12345,256,4,12,1,16,volatile_first_last_byte,immediate,4097,Binned,7,3,1024,2048,10556800,10309.375,1,1,4097,1,1,4097,8192,8192,4096,0,1,0,0,0,0,0,0,0,2048
1789569991334,"Windows x64","MSVC195136257","Intel64 Family 6 Model 142 Stepping 12, GenuineIntel",8,12345,256,4,12,1,16,volatile_first_last_byte,immediate,4097,Binned,8,2,1024,2048,10939500,10683.10546875,1,1,4097,1,1,4097,8192,8192,4096,0,1,0,0,0,0,0,0,0,2048
1789569991334,"Windows x64","MSVC195136257","Intel64 Family 6 Model 142 Stepping 12, GenuineIntel",8,12345,256,4,12,1,16,volatile_first_last_byte,immediate,4097,Binned,9,1,1024,2048,10763100,10510.83984375,1,1,4097,1,1,4097,8192,8192,4096,0,1,0,0,0,0,0,0,0,2048
1789569991334,"Windows x64","MSVC195136257","Intel64 Family 6 Model 142 Stepping 12, GenuineIntel",8,12345,256,4,12,1,16,volatile_first_last_byte,immediate,4097,Binned,10,1,1024,2048,11023400,10765.0390625,1,1,4097,1,1,4097,8192,8192,4096,0,1,0,0,0,0,0,0,0,2048
1789569991334,"Windows x64","MSVC195136257","Intel64 Family 6 Model 142 Stepping 12, GenuineIntel",8,12345,256,4,12,1,16,volatile_first_last_byte,immediate,4097,Binned,11,3,1024,2048,11217700,10954.78515625,1,1,4097,1,1,4097,8192,8192,4096,0,1,0,0,0,0,0,0,0,2048
1789569991334,"Windows x64","MSVC195136257","Intel64 Family 6 Model 142 Stepping 12, GenuineIntel",8,12345,256,4,12,1,16,volatile_first_last_byte,immediate,4097,Binned,12,2,1024,2048,11287300,11022.75390625,1,1,4097,1,1,4097,8192,8192,4096,0,1,0,0,0,0,0,0,0,2048
1789569991334,"Windows x64","MSVC195136257","Intel64 Family 6 Model 142 Stepping 12, GenuineIntel",8,12345,256,4,12,1,16,volatile_first_last_byte,batch,4097,CRT,1,3,1024,2048,836600,816.9921875,256,256,1048832,0,,,,,,,,,,,,,,,
1789569991334,"Windows x64","MSVC195136257","Intel64 Family 6 Model 142 Stepping 12, GenuineIntel",8,12345,256,4,12,1,16,volatile_first_last_byte,batch,4097,CRT,2,2,1024,2048,295800,288.8671875,256,256,1048832,0,,,,,,,,,,,,,,,
1789569991334,"Windows x64","MSVC195136257","Intel64 Family 6 Model 142 Stepping 12, GenuineIntel",8,12345,256,4,12,1,16,volatile_first_last_byte,batch,4097,CRT,3,3,1024,2048,620100,605.56640625,256,256,1048832,0,,,,,,,,,,,,,,,
1789569991334,"Windows x64","MSVC195136257","Intel64 Family 6 Model 142 Stepping 12, GenuineIntel",8,12345,256,4,12,1,16,volatile_first_last_byte,batch,4097,CRT,4,2,1024,2048,671700,655.95703125,256,256,1048832,0,,,,,,,,,,,,,,,
1789569991334,"Windows x64","MSVC195136257","Intel64 Family 6 Model 142 Stepping 12, GenuineIntel",8,12345,256,4,12,1,16,volatile_first_last_byte,batch,4097,CRT,5,1,1024,2048,736900,719.62890625,256,256,1048832,0,,,,,,,,,,,,,,,
1789569991334,"Windows x64","MSVC195136257","Intel64 Family 6 Model 142 Stepping 12, GenuineIntel",8,12345,256,4,12,1,16,volatile_first_last_byte,batch,4097,CRT,6,1,1024,2048,813400,794.3359375,256,256,1048832,0,,,,,,,,,,,,,,,
1789569991334,"Windows x64","MSVC195136257","Intel64 Family 6 Model 142 Stepping 12, GenuineIntel",8,12345,256,4,12,1,16,volatile_first_last_byte,batch,4097,CRT,7,3,1024,2048,458600,447.8515625,256,256,1048832,0,,,,,,,,,,,,,,,
1789569991334,"Windows x64","MSVC195136257","Intel64 Family 6 Model 142 Stepping 12, GenuineIntel",8,12345,256,4,12,1,16,volatile_first_last_byte,batch,4097,CRT,8,2,1024,2048,493500,481.93359375,256,256,1048832,0,,,,,,,,,,,,,,,
1789569991334,"Windows x64","MSVC195136257","Intel64 Family 6 Model 142 Stepping 12, GenuineIntel",8,12345,256,4,12,1,16,volatile_first_last_byte,batch,4097,CRT,9,3,1024,2048,841000,821.2890625,256,256,1048832,0,,,,,,,,,,,,,,,
1789569991334,"Windows x64","MSVC195136257","Intel64 Family 6 Model 142 Stepping 12, GenuineIntel",8,12345,256,4,12,1,16,volatile_first_last_byte,batch,4097,CRT,10,2,1024,2048,771900,753.80859375,256,256,1048832,0,,,,,,,,,,,,,,,
1789569991334,"Windows x64","MSVC195136257","Intel64 Family 6 Model 142 Stepping 12, GenuineIntel",8,12345,256,4,12,1,16,volatile_first_last_byte,batch,4097,CRT,11,1,1024,2048,194600,190.0390625,256,256,1048832,0,,,,,,,,,,,,,,,
1789569991334,"Windows x64","MSVC195136257","Intel64 Family 6 Model 142 Stepping 12, GenuineIntel",8,12345,256,4,12,1,16,volatile_first_last_byte,batch,4097,CRT,12,1,1024,2048,727900,710.83984375,256,256,1048832,0,,,,,,,,,,,,,,,
1789569991334,"Windows x64","MSVC195136257","Intel64 Family 6 Model 142 Stepping 12, GenuineIntel",8,12345,256,4,12,1,16,volatile_first_last_byte,batch,4097,System,1,1,1024,2048,803100,784.27734375,256,256,1048832,0,,,,,,,,,,,,,,,
1789569991334,"Windows x64","MSVC195136257","Intel64 Family 6 Model 142 Stepping 12, GenuineIntel",8,12345,256,4,12,1,16,volatile_first_last_byte,batch,4097,System,2,3,1024,2048,850700,830.76171875,256,256,1048832,0,,,,,,,,,,,,,,,
1789569991334,"Windows x64","MSVC195136257","Intel64 Family 6 Model 142 Stepping 12, GenuineIntel",8,12345,256,4,12,1,16,volatile_first_last_byte,batch,4097,System,3,2,1024,2048,463500,452.63671875,256,256,1048832,0,,,,,,,,,,,,,,,
1789569991334,"Windows x64","MSVC195136257","Intel64 Family 6 Model 142 Stepping 12, GenuineIntel",8,12345,256,4,12,1,16,volatile_first_last_byte,batch,4097,System,4,1,1024,2048,855100,835.05859375,256,256,1048832,0,,,,,,,,,,,,,,,
1789569991334,"Windows x64","MSVC195136257","Intel64 Family 6 Model 142 Stepping 12, GenuineIntel",8,12345,256,4,12,1,16,volatile_first_last_byte,batch,4097,System,5,3,1024,2048,999000,975.5859375,256,256,1048832,0,,,,,,,,,,,,,,,
1789569991334,"Windows x64","MSVC195136257","Intel64 Family 6 Model 142 Stepping 12, GenuineIntel",8,12345,256,4,12,1,16,volatile_first_last_byte,batch,4097,System,6,2,1024,2048,1789100,1747.16796875,256,256,1048832,0,,,,,,,,,,,,,,,
1789569991334,"Windows x64","MSVC195136257","Intel64 Family 6 Model 142 Stepping 12, GenuineIntel",8,12345,256,4,12,1,16,volatile_first_last_byte,batch,4097,System,7,1,1024,2048,837400,817.7734375,256,256,1048832,0,,,,,,,,,,,,,,,
1789569991334,"Windows x64","MSVC195136257","Intel64 Family 6 Model 142 Stepping 12, GenuineIntel",8,12345,256,4,12,1,16,volatile_first_last_byte,batch,4097,System,8,3,1024,2048,1684100,1644.62890625,256,256,1048832,0,,,,,,,,,,,,,,,
1789569991334,"Windows x64","MSVC195136257","Intel64 Family 6 Model 142 Stepping 12, GenuineIntel",8,12345,256,4,12,1,16,volatile_first_last_byte,batch,4097,System,9,2,1024,2048,938800,916.796875,256,256,1048832,0,,,,,,,,,,,,,,,
1789569991334,"Windows x64","MSVC195136257","Intel64 Family 6 Model 142 Stepping 12, GenuineIntel",8,12345,256,4,12,1,16,volatile_first_last_byte,batch,4097,System,10,1,1024,2048,1348000,1316.40625,256,256,1048832,0,,,,,,,,,,,,,,,
1789569991334,"Windows x64","MSVC195136257","Intel64 Family 6 Model 142 Stepping 12, GenuineIntel",8,12345,256,4,12,1,16,volatile_first_last_byte,batch,4097,System,11,3,1024,2048,812500,793.45703125,256,256,1048832,0,,,,,,,,,,,,,,,
1789569991334,"Windows x64","MSVC195136257","Intel64 Family 6 Model 142 Stepping 12, GenuineIntel",8,12345,256,4,12,1,16,volatile_first_last_byte,batch,4097,System,12,2,1024,2048,634900,620.01953125,256,256,1048832,0,,,,,,,,,,,,,,,
1789569991334,"Windows x64","MSVC195136257","Intel64 Family 6 Model 142 Stepping 12, GenuineIntel",8,12345,256,4,12,1,16,volatile_first_last_byte,batch,4097,Binned,1,2,1024,2048,9223600,9007.421875,256,256,1048832,1,256,1048832,2097152,2097152,1048576,0,256,0,0,0,0,0,0,0,2048
1789569991334,"Windows x64","MSVC195136257","Intel64 Family 6 Model 142 Stepping 12, GenuineIntel",8,12345,256,4,12,1,16,volatile_first_last_byte,batch,4097,Binned,2,1,1024,2048,9190900,8975.48828125,256,256,1048832,1,256,1048832,2097152,2097152,1048576,0,256,0,0,0,0,0,0,0,2048
1789569991334,"Windows x64","MSVC195136257","Intel64 Family 6 Model 142 Stepping 12, GenuineIntel",8,12345,256,4,12,1,16,volatile_first_last_byte,batch,4097,Binned,3,1,1024,2048,9135900,8921.77734375,256,256,1048832,1,256,1048832,2097152,2097152,1048576,0,256,0,0,0,0,0,0,0,2048
1789569991334,"Windows x64","MSVC195136257","Intel64 Family 6 Model 142 Stepping 12, GenuineIntel",8,12345,256,4,12,1,16,volatile_first_last_byte,batch,4097,Binned,4,3,1024,2048,9847900,9617.08984375,256,256,1048832,1,256,1048832,2097152,2097152,1048576,0,256,0,0,0,0,0,0,0,2048
1789569991334,"Windows x64","MSVC195136257","Intel64 Family 6 Model 142 Stepping 12, GenuineIntel",8,12345,256,4,12,1,16,volatile_first_last_byte,batch,4097,Binned,5,2,1024,2048,10996200,10738.4765625,256,256,1048832,1,256,1048832,2097152,2097152,1048576,0,256,0,0,0,0,0,0,0,2048
1789569991334,"Windows x64","MSVC195136257","Intel64 Family 6 Model 142 Stepping 12, GenuineIntel",8,12345,256,4,12,1,16,volatile_first_last_byte,batch,4097,Binned,6,3,1024,2048,13075200,12768.75,256,256,1048832,1,256,1048832,2097152,2097152,1048576,0,256,0,0,0,0,0,0,0,2048
1789569991334,"Windows x64","MSVC195136257","Intel64 Family 6 Model 142 Stepping 12, GenuineIntel",8,12345,256,4,12,1,16,volatile_first_last_byte,batch,4097,Binned,7,2,1024,2048,10786000,10533.203125,256,256,1048832,1,256,1048832,2097152,2097152,1048576,0,256,0,0,0,0,0,0,0,2048
1789569991334,"Windows x64","MSVC195136257","Intel64 Family 6 Model 142 Stepping 12, GenuineIntel",8,12345,256,4,12,1,16,volatile_first_last_byte,batch,4097,Binned,8,1,1024,2048,10889500,10634.27734375,256,256,1048832,1,256,1048832,2097152,2097152,1048576,0,256,0,0,0,0,0,0,0,2048
1789569991334,"Windows x64","MSVC195136257","Intel64 Family 6 Model 142 Stepping 12, GenuineIntel",8,12345,256,4,12,1,16,volatile_first_last_byte,batch,4097,Binned,9,1,1024,2048,9879200,9647.65625,256,256,1048832,1,256,1048832,2097152,2097152,1048576,0,256,0,0,0,0,0,0,0,2048
1789569991334,"Windows x64","MSVC195136257","Intel64 Family 6 Model 142 Stepping 12, GenuineIntel",8,12345,256,4,12,1,16,volatile_first_last_byte,batch,4097,Binned,10,3,1024,2048,10779000,10526.3671875,256,256,1048832,1,256,1048832,2097152,2097152,1048576,0,256,0,0,0,0,0,0,0,2048
1789569991334,"Windows x64","MSVC195136257","Intel64 Family 6 Model 142 Stepping 12, GenuineIntel",8,12345,256,4,12,1,16,volatile_first_last_byte,batch,4097,Binned,11,2,1024,2048,10189500,9950.68359375,256,256,1048832,1,256,1048832,2097152,2097152,1048576,0,256,0,0,0,0,0,0,0,2048
1789569991334,"Windows x64","MSVC195136257","Intel64 Family 6 Model 142 Stepping 12, GenuineIntel",8,12345,256,4,12,1,16,volatile_first_last_byte,batch,4097,Binned,12,3,1024,2048,10290000,10048.828125,256,256,1048832,1,256,1048832,2097152,2097152,1048576,0,256,0,0,0,0,0,0,0,2048
1789569991334,"Windows x64","MSVC195136257","Intel64 Family 6 Model 142 Stepping 12, GenuineIntel",8,12345,256,4,12,1,16,volatile_first_last_byte,mixed_random_free,mixed,CRT,1,2,1024,2048,83500,81.54296875,256,256,338730,0,,,,,,,,,,,,,,,
1789569991334,"Windows x64","MSVC195136257","Intel64 Family 6 Model 142 Stepping 12, GenuineIntel",8,12345,256,4,12,1,16,volatile_first_last_byte,mixed_random_free,mixed,CRT,2,3,1024,2048,76300,74.51171875,256,256,338730,0,,,,,,,,,,,,,,,
1789569991334,"Windows x64","MSVC195136257","Intel64 Family 6 Model 142 Stepping 12, GenuineIntel",8,12345,256,4,12,1,16,volatile_first_last_byte,mixed_random_free,mixed,CRT,3,2,1024,2048,118700,115.91796875,256,256,338730,0,,,,,,,,,,,,,,,
1789569991334,"Windows x64","MSVC195136257","Intel64 Family 6 Model 142 Stepping 12, GenuineIntel",8,12345,256,4,12,1,16,volatile_first_last_byte,mixed_random_free,mixed,CRT,4,1,1024,2048,193800,189.2578125,256,256,338730,0,,,,,,,,,,,,,,,
1789569991334,"Windows x64","MSVC195136257","Intel64 Family 6 Model 142 Stepping 12, GenuineIntel",8,12345,256,4,12,1,16,volatile_first_last_byte,mixed_random_free,mixed,CRT,5,1,1024,2048,244800,239.0625,256,256,338730,0,,,,,,,,,,,,,,,
1789569991334,"Windows x64","MSVC195136257","Intel64 Family 6 Model 142 Stepping 12, GenuineIntel",8,12345,256,4,12,1,16,volatile_first_last_byte,mixed_random_free,mixed,CRT,6,3,1024,2048,195600,191.015625,256,256,338730,0,,,,,,,,,,,,,,,
1789569991334,"Windows x64","MSVC195136257","Intel64 Family 6 Model 142 Stepping 12, GenuineIntel",8,12345,256,4,12,1,16,volatile_first_last_byte,mixed_random_free,mixed,CRT,7,2,1024,2048,211400,206.4453125,256,256,338730,0,,,,,,,,,,,,,,,
1789569991334,"Windows x64","MSVC195136257","Intel64 Family 6 Model 142 Stepping 12, GenuineIntel",8,12345,256,4,12,1,16,volatile_first_last_byte,mixed_random_free,mixed,CRT,8,3,1024,2048,195800,191.2109375,256,256,338730,0,,,,,,,,,,,,,,,
1789569991334,"Windows x64","MSVC195136257","Intel64 Family 6 Model 142 Stepping 12, GenuineIntel",8,12345,256,4,12,1,16,volatile_first_last_byte,mixed_random_free,mixed,CRT,9,2,1024,2048,81100,79.19921875,256,256,338730,0,,,,,,,,,,,,,,,
1789569991334,"Windows x64","MSVC195136257","Intel64 Family 6 Model 142 Stepping 12, GenuineIntel",8,12345,256,4,12,1,16,volatile_first_last_byte,mixed_random_free,mixed,CRT,10,1,1024,2048,103000,100.5859375,256,256,338730,0,,,,,,,,,,,,,,,
1789569991334,"Windows x64","MSVC195136257","Intel64 Family 6 Model 142 Stepping 12, GenuineIntel",8,12345,256,4,12,1,16,volatile_first_last_byte,mixed_random_free,mixed,CRT,11,1,1024,2048,114600,111.9140625,256,256,338730,0,,,,,,,,,,,,,,,
1789569991334,"Windows x64","MSVC195136257","Intel64 Family 6 Model 142 Stepping 12, GenuineIntel",8,12345,256,4,12,1,16,volatile_first_last_byte,mixed_random_free,mixed,CRT,12,3,1024,2048,204100,199.31640625,256,256,338730,0,,,,,,,,,,,,,,,
1789569991334,"Windows x64","MSVC195136257","Intel64 Family 6 Model 142 Stepping 12, GenuineIntel",8,12345,256,4,12,1,16,volatile_first_last_byte,mixed_random_free,mixed,System,1,3,1024,2048,90700,88.57421875,256,256,338730,0,,,,,,,,,,,,,,,
1789569991334,"Windows x64","MSVC195136257","Intel64 Family 6 Model 142 Stepping 12, GenuineIntel",8,12345,256,4,12,1,16,volatile_first_last_byte,mixed_random_free,mixed,System,2,2,1024,2048,92900,90.72265625,256,256,338730,0,,,,,,,,,,,,,,,
1789569991334,"Windows x64","MSVC195136257","Intel64 Family 6 Model 142 Stepping 12, GenuineIntel",8,12345,256,4,12,1,16,volatile_first_last_byte,mixed_random_free,mixed,System,3,1,1024,2048,98800,96.484375,256,256,338730,0,,,,,,,,,,,,,,,
1789569991334,"Windows x64","MSVC195136257","Intel64 Family 6 Model 142 Stepping 12, GenuineIntel",8,12345,256,4,12,1,16,volatile_first_last_byte,mixed_random_free,mixed,System,4,3,1024,2048,180900,176.66015625,256,256,338730,0,,,,,,,,,,,,,,,
1789569991334,"Windows x64","MSVC195136257","Intel64 Family 6 Model 142 Stepping 12, GenuineIntel",8,12345,256,4,12,1,16,volatile_first_last_byte,mixed_random_free,mixed,System,5,2,1024,2048,263000,256.8359375,256,256,338730,0,,,,,,,,,,,,,,,
1789569991334,"Windows x64","MSVC195136257","Intel64 Family 6 Model 142 Stepping 12, GenuineIntel",8,12345,256,4,12,1,16,volatile_first_last_byte,mixed_random_free,mixed,System,6,1,1024,2048,281500,274.90234375,256,256,338730,0,,,,,,,,,,,,,,,
1789569991334,"Windows x64","MSVC195136257","Intel64 Family 6 Model 142 Stepping 12, GenuineIntel",8,12345,256,4,12,1,16,volatile_first_last_byte,mixed_random_free,mixed,System,7,3,1024,2048,161300,157.51953125,256,256,338730,0,,,,,,,,,,,,,,,
1789569991334,"Windows x64","MSVC195136257","Intel64 Family 6 Model 142 Stepping 12, GenuineIntel",8,12345,256,4,12,1,16,volatile_first_last_byte,mixed_random_free,mixed,System,8,2,1024,2048,99400,97.0703125,256,256,338730,0,,,,,,,,,,,,,,,
1789569991334,"Windows x64","MSVC195136257","Intel64 Family 6 Model 142 Stepping 12, GenuineIntel",8,12345,256,4,12,1,16,volatile_first_last_byte,mixed_random_free,mixed,System,9,1,1024,2048,157000,153.3203125,256,256,338730,0,,,,,,,,,,,,,,,
1789569991334,"Windows x64","MSVC195136257","Intel64 Family 6 Model 142 Stepping 12, GenuineIntel",8,12345,256,4,12,1,16,volatile_first_last_byte,mixed_random_free,mixed,System,10,3,1024,2048,116000,113.28125,256,256,338730,0,,,,,,,,,,,,,,,
1789569991334,"Windows x64","MSVC195136257","Intel64 Family 6 Model 142 Stepping 12, GenuineIntel",8,12345,256,4,12,1,16,volatile_first_last_byte,mixed_random_free,mixed,System,11,2,1024,2048,104000,101.5625,256,256,338730,0,,,,,,,,,,,,,,,
1789569991334,"Windows x64","MSVC195136257","Intel64 Family 6 Model 142 Stepping 12, GenuineIntel",8,12345,256,4,12,1,16,volatile_first_last_byte,mixed_random_free,mixed,System,12,1,1024,2048,222700,217.48046875,256,256,338730,0,,,,,,,,,,,,,,,
1789569991334,"Windows x64","MSVC195136257","Intel64 Family 6 Model 142 Stepping 12, GenuineIntel",8,12345,256,4,12,1,16,volatile_first_last_byte,mixed_random_free,mixed,Binned,1,1,1024,2048,2041800,1993.9453125,256,256,338730,1,256,338730,478192,802816,229376,8,34,0,0,0,0,0,0,0,368
1789569991334,"Windows x64","MSVC195136257","Intel64 Family 6 Model 142 Stepping 12, GenuineIntel",8,12345,256,4,12,1,16,volatile_first_last_byte,mixed_random_free,mixed,Binned,2,1,1024,2048,2015600,1968.359375,256,256,338730,1,256,338730,478192,802816,229376,8,34,0,0,0,0,0,0,0,368
1789569991334,"Windows x64","MSVC195136257","Intel64 Family 6 Model 142 Stepping 12, GenuineIntel",8,12345,256,4,12,1,16,volatile_first_last_byte,mixed_random_free,mixed,Binned,3,3,1024,2048,2407600,2351.171875,256,256,338730,1,256,338730,478192,802816,229376,8,34,0,0,0,0,0,0,0,368
1789569991334,"Windows x64","MSVC195136257","Intel64 Family 6 Model 142 Stepping 12, GenuineIntel",8,12345,256,4,12,1,16,volatile_first_last_byte,mixed_random_free,mixed,Binned,4,2,1024,2048,2465100,2407.32421875,256,256,338730,1,256,338730,478192,802816,229376,8,34,0,0,0,0,0,0,0,368
1789569991334,"Windows x64","MSVC195136257","Intel64 Family 6 Model 142 Stepping 12, GenuineIntel",8,12345,256,4,12,1,16,volatile_first_last_byte,mixed_random_free,mixed,Binned,5,3,1024,2048,2240200,2187.6953125,256,256,338730,1,256,338730,478192,802816,229376,8,34,0,0,0,0,0,0,0,368
1789569991334,"Windows x64","MSVC195136257","Intel64 Family 6 Model 142 Stepping 12, GenuineIntel",8,12345,256,4,12,1,16,volatile_first_last_byte,mixed_random_free,mixed,Binned,6,2,1024,2048,2178200,2127.1484375,256,256,338730,1,256,338730,478192,802816,229376,8,34,0,0,0,0,0,0,0,368
1789569991334,"Windows x64","MSVC195136257","Intel64 Family 6 Model 142 Stepping 12, GenuineIntel",8,12345,256,4,12,1,16,volatile_first_last_byte,mixed_random_free,mixed,Binned,7,1,1024,2048,2129900,2079.98046875,256,256,338730,1,256,338730,478192,802816,229376,8,34,0,0,0,0,0,0,0,368
1789569991334,"Windows x64","MSVC195136257","Intel64 Family 6 Model 142 Stepping 12, GenuineIntel",8,12345,256,4,12,1,16,volatile_first_last_byte,mixed_random_free,mixed,Binned,8,1,1024,2048,2230000,2177.734375,256,256,338730,1,256,338730,478192,802816,229376,8,34,0,0,0,0,0,0,0,368
1789569991334,"Windows x64","MSVC195136257","Intel64 Family 6 Model 142 Stepping 12, GenuineIntel",8,12345,256,4,12,1,16,volatile_first_last_byte,mixed_random_free,mixed,Binned,9,3,1024,2048,2231900,2179.58984375,256,256,338730,1,256,338730,478192,802816,229376,8,34,0,0,0,0,0,0,0,368
1789569991334,"Windows x64","MSVC195136257","Intel64 Family 6 Model 142 Stepping 12, GenuineIntel",8,12345,256,4,12,1,16,volatile_first_last_byte,mixed_random_free,mixed,Binned,10,2,1024,2048,2433200,2376.171875,256,256,338730,1,256,338730,478192,802816,229376,8,34,0,0,0,0,0,0,0,368
1789569991334,"Windows x64","MSVC195136257","Intel64 Family 6 Model 142 Stepping 12, GenuineIntel",8,12345,256,4,12,1,16,volatile_first_last_byte,mixed_random_free,mixed,Binned,11,3,1024,2048,2362200,2306.8359375,256,256,338730,1,256,338730,478192,802816,229376,8,34,0,0,0,0,0,0,0,368
1789569991334,"Windows x64","MSVC195136257","Intel64 Family 6 Model 142 Stepping 12, GenuineIntel",8,12345,256,4,12,1,16,volatile_first_last_byte,mixed_random_free,mixed,Binned,12,2,1024,2048,2252900,2200.09765625,256,256,338730,1,256,338730,478192,802816,229376,8,34,0,0,0,0,0,0,0,368
1789569991334,"Windows x64","MSVC195136257","Intel64 Family 6 Model 142 Stepping 12, GenuineIntel",8,12345,256,4,12,1,16,volatile_first_last_byte,retained_half,mixed,CRT,1,3,768,1536,60700,79.036458333333329,1280,256,327269,0,,,,,,,,,,,,,,,
1789569991334,"Windows x64","MSVC195136257","Intel64 Family 6 Model 142 Stepping 12, GenuineIntel",8,12345,256,4,12,1,16,volatile_first_last_byte,retained_half,mixed,CRT,2,2,768,1536,55500,72.265625,1280,256,327269,0,,,,,,,,,,,,,,,
1789569991334,"Windows x64","MSVC195136257","Intel64 Family 6 Model 142 Stepping 12, GenuineIntel",8,12345,256,4,12,1,16,volatile_first_last_byte,retained_half,mixed,CRT,3,1,768,1536,64300,83.723958333333329,1280,256,327269,0,,,,,,,,,,,,,,,
1789569991334,"Windows x64","MSVC195136257","Intel64 Family 6 Model 142 Stepping 12, GenuineIntel",8,12345,256,4,12,1,16,volatile_first_last_byte,retained_half,mixed,CRT,4,1,768,1536,107400,139.84375,1280,256,327269,0,,,,,,,,,,,,,,,
1789569991334,"Windows x64","MSVC195136257","Intel64 Family 6 Model 142 Stepping 12, GenuineIntel",8,12345,256,4,12,1,16,volatile_first_last_byte,retained_half,mixed,CRT,5,3,768,1536,64700,84.244791666666671,1280,256,327269,0,,,,,,,,,,,,,,,
1789569991334,"Windows x64","MSVC195136257","Intel64 Family 6 Model 142 Stepping 12, GenuineIntel",8,12345,256,4,12,1,16,volatile_first_last_byte,retained_half,mixed,CRT,6,2,768,1536,60600,78.90625,1280,256,327269,0,,,,,,,,,,,,,,,
1789569991334,"Windows x64","MSVC195136257","Intel64 Family 6 Model 142 Stepping 12, GenuineIntel",8,12345,256,4,12,1,16,volatile_first_last_byte,retained_half,mixed,CRT,7,3,768,1536,89400,116.40625,1280,256,327269,0,,,,,,,,,,,,,,,
1789569991334,"Windows x64","MSVC195136257","Intel64 Family 6 Model 142 Stepping 12, GenuineIntel",8,12345,256,4,12,1,16,volatile_first_last_byte,retained_half,mixed,CRT,8,2,768,1536,58000,75.520833333333329,1280,256,327269,0,,,,,,,,,,,,,,,
1789569991334,"Windows x64","MSVC195136257","Intel64 Family 6 Model 142 Stepping 12, GenuineIntel",8,12345,256,4,12,1,16,volatile_first_last_byte,retained_half,mixed,CRT,9,1,768,1536,55800,72.65625,1280,256,327269,0,,,,,,,,,,,,,,,
1789569991334,"Windows x64","MSVC195136257","Intel64 Family 6 Model 142 Stepping 12, GenuineIntel",8,12345,256,4,12,1,16,volatile_first_last_byte,retained_half,mixed,CRT,10,1,768,1536,55600,72.395833333333329,1280,256,327269,0,,,,,,,,,,,,,,,
1789569991334,"Windows x64","MSVC195136257","Intel64 Family 6 Model 142 Stepping 12, GenuineIntel",8,12345,256,4,12,1,16,volatile_first_last_byte,retained_half,mixed,CRT,11,3,768,1536,68300,88.932291666666671,1280,256,327269,0,,,,,,,,,,,,,,,
1789569991334,"Windows x64","MSVC195136257","Intel64 Family 6 Model 142 Stepping 12, GenuineIntel",8,12345,256,4,12,1,16,volatile_first_last_byte,retained_half,mixed,CRT,12,2,768,1536,61100,79.557291666666671,1280,256,327269,0,,,,,,,,,,,,,,,
1789569991334,"Windows x64","MSVC195136257","Intel64 Family 6 Model 142 Stepping 12, GenuineIntel",8,12345,256,4,12,1,16,volatile_first_last_byte,retained_half,mixed,System,1,2,768,1536,196800,256.25,1280,256,327269,0,,,,,,,,,,,,,,,
1789569991334,"Windows x64","MSVC195136257","Intel64 Family 6 Model 142 Stepping 12, GenuineIntel",8,12345,256,4,12,1,16,volatile_first_last_byte,retained_half,mixed,System,2,1,768,1536,64500,83.984375,1280,256,327269,0,,,,,,,,,,,,,,,
1789569991334,"Windows x64","MSVC195136257","Intel64 Family 6 Model 142 Stepping 12, GenuineIntel",8,12345,256,4,12,1,16,volatile_first_last_byte,retained_half,mixed,System,3,3,768,1536,80700,105.078125,1280,256,327269,0,,,,,,,,,,,,,,,
1789569991334,"Windows x64","MSVC195136257","Intel64 Family 6 Model 142 Stepping 12, GenuineIntel",8,12345,256,4,12,1,16,volatile_first_last_byte,retained_half,mixed,System,4,2,768,1536,199600,259.89583333333331,1280,256,327269,0,,,,,,,,,,,,,,,
1789569991334,"Windows x64","MSVC195136257","Intel64 Family 6 Model 142 Stepping 12, GenuineIntel",8,12345,256,4,12,1,16,volatile_first_last_byte,retained_half,mixed,System,5,1,768,1536,73300,95.442708333333329,1280,256,327269,0,,,,,,,,,,,,,,,
1789569991334,"Windows x64","MSVC195136257","Intel64 Family 6 Model 142 Stepping 12, GenuineIntel",8,12345,256,4,12,1,16,volatile_first_last_byte,retained_half,mixed,System,6,3,768,1536,68300,88.932291666666671,1280,256,327269,0,,,,,,,,,,,,,,,
1789569991334,"Windows x64","MSVC195136257","Intel64 Family 6 Model 142 Stepping 12, GenuineIntel",8,12345,256,4,12,1,16,volatile_first_last_byte,retained_half,mixed,System,7,2,768,1536,66600,86.71875,1280,256,327269,0,,,,,,,,,,,,,,,
1789569991334,"Windows x64","MSVC195136257","Intel64 Family 6 Model 142 Stepping 12, GenuineIntel",8,12345,256,4,12,1,16,volatile_first_last_byte,retained_half,mixed,System,8,1,768,1536,191900,249.86979166666666,1280,256,327269,0,,,,,,,,,,,,,,,
1789569991334,"Windows x64","MSVC195136257","Intel64 Family 6 Model 142 Stepping 12, GenuineIntel",8,12345,256,4,12,1,16,volatile_first_last_byte,retained_half,mixed,System,9,3,768,1536,67800,88.28125,1280,256,327269,0,,,,,,,,,,,,,,,
1789569991334,"Windows x64","MSVC195136257","Intel64 Family 6 Model 142 Stepping 12, GenuineIntel",8,12345,256,4,12,1,16,volatile_first_last_byte,retained_half,mixed,System,10,2,768,1536,63300,82.421875,1280,256,327269,0,,,,,,,,,,,,,,,
1789569991334,"Windows x64","MSVC195136257","Intel64 Family 6 Model 142 Stepping 12, GenuineIntel",8,12345,256,4,12,1,16,volatile_first_last_byte,retained_half,mixed,System,11,1,768,1536,72400,94.270833333333329,1280,256,327269,0,,,,,,,,,,,,,,,
1789569991334,"Windows x64","MSVC195136257","Intel64 Family 6 Model 142 Stepping 12, GenuineIntel",8,12345,256,4,12,1,16,volatile_first_last_byte,retained_half,mixed,System,12,3,768,1536,71300,92.838541666666671,1280,256,327269,0,,,,,,,,,,,,,,,
1789569991334,"Windows x64","MSVC195136257","Intel64 Family 6 Model 142 Stepping 12, GenuineIntel",8,12345,256,4,12,1,16,volatile_first_last_byte,retained_half,mixed,Binned,1,1,768,1536,1294500,1685.546875,1280,256,327269,1,256,327269,479120,761856,237568,7,37,0,0,0,0,0,0,0,244
1789569991334,"Windows x64","MSVC195136257","Intel64 Family 6 Model 142 Stepping 12, GenuineIntel",8,12345,256,4,12,1,16,volatile_first_last_byte,retained_half,mixed,Binned,2,3,768,1536,1341600,1746.875,1280,256,327269,1,256,327269,479120,761856,237568,7,37,0,0,0,0,0,0,0,244
1789569991334,"Windows x64","MSVC195136257","Intel64 Family 6 Model 142 Stepping 12, GenuineIntel",8,12345,256,4,12,1,16,volatile_first_last_byte,retained_half,mixed,Binned,3,2,768,1536,1410300,1836.328125,1280,256,327269,1,256,327269,479120,761856,237568,7,37,0,0,0,0,0,0,0,244
1789569991334,"Windows x64","MSVC195136257","Intel64 Family 6 Model 142 Stepping 12, GenuineIntel",8,12345,256,4,12,1,16,volatile_first_last_byte,retained_half,mixed,Binned,4,3,768,1536,1311200,1707.2916666666667,1280,256,327269,1,256,327269,479120,761856,237568,7,37,0,0,0,0,0,0,0,244
1789569991334,"Windows x64","MSVC195136257","Intel64 Family 6 Model 142 Stepping 12, GenuineIntel",8,12345,256,4,12,1,16,volatile_first_last_byte,retained_half,mixed,Binned,5,2,768,1536,1288600,1677.8645833333333,1280,256,327269,1,256,327269,479120,761856,237568,7,37,0,0,0,0,0,0,0,244
1789569991334,"Windows x64","MSVC195136257","Intel64 Family 6 Model 142 Stepping 12, GenuineIntel",8,12345,256,4,12,1,16,volatile_first_last_byte,retained_half,mixed,Binned,6,1,768,1536,1262600,1644.0104166666667,1280,256,327269,1,256,327269,479120,761856,237568,7,37,0,0,0,0,0,0,0,244
1789569991334,"Windows x64","MSVC195136257","Intel64 Family 6 Model 142 Stepping 12, GenuineIntel",8,12345,256,4,12,1,16,volatile_first_last_byte,retained_half,mixed,Binned,7,1,768,1536,1256500,1636.0677083333333,1280,256,327269,1,256,327269,479120,761856,237568,7,37,0,0,0,0,0,0,0,244
1789569991334,"Windows x64","MSVC195136257","Intel64 Family 6 Model 142 Stepping 12, GenuineIntel",8,12345,256,4,12,1,16,volatile_first_last_byte,retained_half,mixed,Binned,8,3,768,1536,1265500,1647.7864583333333,1280,256,327269,1,256,327269,479120,761856,237568,7,37,0,0,0,0,0,0,0,244
1789569991334,"Windows x64","MSVC195136257","Intel64 Family 6 Model 142 Stepping 12, GenuineIntel",8,12345,256,4,12,1,16,volatile_first_last_byte,retained_half,mixed,Binned,9,2,768,1536,1292800,1683.3333333333333,1280,256,327269,1,256,327269,479120,761856,237568,7,37,0,0,0,0,0,0,0,244
1789569991334,"Windows x64","MSVC195136257","Intel64 Family 6 Model 142 Stepping 12, GenuineIntel",8,12345,256,4,12,1,16,volatile_first_last_byte,retained_half,mixed,Binned,10,3,768,1536,1267300,1650.1302083333333,1280,256,327269,1,256,327269,479120,761856,237568,7,37,0,0,0,0,0,0,0,244
1789569991334,"Windows x64","MSVC195136257","Intel64 Family 6 Model 142 Stepping 12, GenuineIntel",8,12345,256,4,12,1,16,volatile_first_last_byte,retained_half,mixed,Binned,11,2,768,1536,1453100,1892.0572916666667,1280,256,327269,1,256,327269,479120,761856,237568,7,37,0,0,0,0,0,0,0,244
1789569991334,"Windows x64","MSVC195136257","Intel64 Family 6 Model 142 Stepping 12, GenuineIntel",8,12345,256,4,12,1,16,volatile_first_last_byte,retained_half,mixed,Binned,12,1,768,1536,1361500,1772.7864583333333,1280,256,327269,1,256,327269,479120,761856,237568,7,37,0,0,0,0,0,0,0,244
