run_id,platform,compiler,machine,logical_threads,seed,slots,cycles,repeats,warmups,alignment,touch_policy,case,sizes,backend,round,order_position,allocation_pairs,operation_count,elapsed_ns,ns_per_pair,hold_checkpoint_op,held_count_trace,held_requested_trace,stats_available,probe_held_active,probe_held_requested,probe_held_capacity,probe_held_data,probe_held_metadata,probe_held_slabs,probe_held_large,after_active,after_requested,after_capacity,after_data,after_metadata,after_slabs,after_large,timed_page_allocation_calls
1789570043172,"Windows x64","MSVC195136257","Intel64 Family 6 Model 142 Stepping 12, GenuineIntel",8,12345,256,4,12,1,16,volatile_first_last_byte,immediate,16,CRT,1,1,1024,2048,55900,54.58984375,1,1,16,0,,,,,,,,,,,,,,,
1789570043172,"Windows x64","MSVC195136257","Intel64 Family 6 Model 142 Stepping 12, GenuineIntel",8,12345,256,4,12,1,16,volatile_first_last_byte,immediate,16,CRT,2,3,1024,2048,57400,56.0546875,1,1,16,0,,,,,,,,,,,,,,,
1789570043172,"Windows x64","MSVC195136257","Intel64 Family 6 Model 142 Stepping 12, GenuineIntel",8,12345,256,4,12,1,16,volatile_first_last_byte,immediate,16,CRT,3,2,1024,2048,57500,56.15234375,1,1,16,0,,,,,,,,,,,,,,,
1789570043172,"Windows x64","MSVC195136257","Intel64 Family 6 Model 142 Stepping 12, GenuineIntel",8,12345,256,4,12,1,16,volatile_first_last_byte,immediate,16,CRT,4,3,1024,2048,55800,54.4921875,1,1,16,0,,,,,,,,,,,,,,,
1789570043172,"Windows x64","MSVC195136257","Intel64 Family 6 Model 142 Stepping 12, GenuineIntel",8,12345,256,4,12,1,16,volatile_first_last_byte,immediate,16,CRT,5,2,1024,2048,55000,53.7109375,1,1,16,0,,,,,,,,,,,,,,,
1789570043172,"Windows x64","MSVC195136257","Intel64 Family 6 Model 142 Stepping 12, GenuineIntel",8,12345,256,4,12,1,16,volatile_first_last_byte,immediate,16,CRT,6,1,1024,2048,72900,71.19140625,1,1,16,0,,,,,,,,,,,,,,,
1789570043172,"Windows x64","MSVC195136257","Intel64 Family 6 Model 142 Stepping 12, GenuineIntel",8,12345,256,4,12,1,16,volatile_first_last_byte,immediate,16,CRT,7,1,1024,2048,95200,92.96875,1,1,16,0,,,,,,,,,,,,,,,
1789570043172,"Windows x64","MSVC195136257","Intel64 Family 6 Model 142 Stepping 12, GenuineIntel",8,12345,256,4,12,1,16,volatile_first_last_byte,immediate,16,CRT,8,3,1024,2048,57500,56.15234375,1,1,16,0,,,,,,,,,,,,,,,
1789570043172,"Windows x64","MSVC195136257","Intel64 Family 6 Model 142 Stepping 12, GenuineIntel",8,12345,256,4,12,1,16,volatile_first_last_byte,immediate,16,CRT,9,2,1024,2048,61000,59.5703125,1,1,16,0,,,,,,,,,,,,,,,
1789570043172,"Windows x64","MSVC195136257","Intel64 Family 6 Model 142 Stepping 12, GenuineIntel",8,12345,256,4,12,1,16,volatile_first_last_byte,immediate,16,CRT,10,3,1024,2048,57700,56.34765625,1,1,16,0,,,,,,,,,,,,,,,
1789570043172,"Windows x64","MSVC195136257","Intel64 Family 6 Model 142 Stepping 12, GenuineIntel",8,12345,256,4,12,1,16,volatile_first_last_byte,immediate,16,CRT,11,2,1024,2048,56900,55.56640625,1,1,16,0,,,,,,,,,,,,,,,
1789570043172,"Windows x64","MSVC195136257","Intel64 Family 6 Model 142 Stepping 12, GenuineIntel",8,12345,256,4,12,1,16,volatile_first_last_byte,immediate,16,CRT,12,1,1024,2048,67500,65.91796875,1,1,16,0,,,,,,,,,,,,,,,
1789570043172,"Windows x64","MSVC195136257","Intel64 Family 6 Model 142 Stepping 12, GenuineIntel",8,12345,256,4,12,1,16,volatile_first_last_byte,immediate,16,System,1,2,1024,2048,59500,58.10546875,1,1,16,0,,,,,,,,,,,,,,,
1789570043172,"Windows x64","MSVC195136257","Intel64 Family 6 Model 142 Stepping 12, GenuineIntel",8,12345,256,4,12,1,16,volatile_first_last_byte,immediate,16,System,2,1,1024,2048,61300,59.86328125,1,1,16,0,,,,,,,,,,,,,,,
1789570043172,"Windows x64","MSVC195136257","Intel64 Family 6 Model 142 Stepping 12, GenuineIntel",8,12345,256,4,12,1,16,volatile_first_last_byte,immediate,16,System,3,3,1024,2048,61400,59.9609375,1,1,16,0,,,,,,,,,,,,,,,
1789570043172,"Windows x64","MSVC195136257","Intel64 Family 6 Model 142 Stepping 12, GenuineIntel",8,12345,256,4,12,1,16,volatile_first_last_byte,immediate,16,System,4,2,1024,2048,63200,61.71875,1,1,16,0,,,,,,,,,,,,,,,
1789570043172,"Windows x64","MSVC195136257","Intel64 Family 6 Model 142 Stepping 12, GenuineIntel",8,12345,256,4,12,1,16,volatile_first_last_byte,immediate,16,System,5,1,1024,2048,60600,59.1796875,1,1,16,0,,,,,,,,,,,,,,,
1789570043172,"Windows x64","MSVC195136257","Intel64 Family 6 Model 142 Stepping 12, GenuineIntel",8,12345,256,4,12,1,16,volatile_first_last_byte,immediate,16,System,6,3,1024,2048,106000,103.515625,1,1,16,0,,,,,,,,,,,,,,,
1789570043172,"Windows x64","MSVC195136257","Intel64 Family 6 Model 142 Stepping 12, GenuineIntel",8,12345,256,4,12,1,16,volatile_first_last_byte,immediate,16,System,7,2,1024,2048,102900,100.48828125,1,1,16,0,,,,,,,,,,,,,,,
1789570043172,"Windows x64","MSVC195136257","Intel64 Family 6 Model 142 Stepping 12, GenuineIntel",8,12345,256,4,12,1,16,volatile_first_last_byte,immediate,16,System,8,1,1024,2048,64200,62.6953125,1,1,16,0,,,,,,,,,,,,,,,
1789570043172,"Windows x64","MSVC195136257","Intel64 Family 6 Model 142 Stepping 12, GenuineIntel",8,12345,256,4,12,1,16,volatile_first_last_byte,immediate,16,System,9,3,1024,2048,63800,62.3046875,1,1,16,0,,,,,,,,,,,,,,,
1789570043172,"Windows x64","MSVC195136257","Intel64 Family 6 Model 142 Stepping 12, GenuineIntel",8,12345,256,4,12,1,16,volatile_first_last_byte,immediate,16,System,10,2,1024,2048,65000,63.4765625,1,1,16,0,,,,,,,,,,,,,,,
1789570043172,"Windows x64","MSVC195136257","Intel64 Family 6 Model 142 Stepping 12, GenuineIntel",8,12345,256,4,12,1,16,volatile_first_last_byte,immediate,16,System,11,1,1024,2048,62000,60.546875,1,1,16,0,,,,,,,,,,,,,,,
1789570043172,"Windows x64","MSVC195136257","Intel64 Family 6 Model 142 Stepping 12, GenuineIntel",8,12345,256,4,12,1,16,volatile_first_last_byte,immediate,16,System,12,3,1024,2048,65000,63.4765625,1,1,16,0,,,,,,,,,,,,,,,
1789570043172,"Windows x64","MSVC195136257","Intel64 Family 6 Model 142 Stepping 12, GenuineIntel",8,12345,256,4,12,1,16,volatile_first_last_byte,immediate,16,Binned,1,3,1024,2048,27248200,26609.5703125,1,1,16,1,1,16,16,65536,36864,1,0,0,0,0,0,0,0,0,2048
1789570043172,"Windows x64","MSVC195136257","Intel64 Family 6 Model 142 Stepping 12, GenuineIntel",8,12345,256,4,12,1,16,volatile_first_last_byte,immediate,16,Binned,2,2,1024,2048,25770900,25166.89453125,1,1,16,1,1,16,16,65536,36864,1,0,0,0,0,0,0,0,0,2048
1789570043172,"Windows x64","MSVC195136257","Intel64 Family 6 Model 142 Stepping 12, GenuineIntel",8,12345,256,4,12,1,16,volatile_first_last_byte,immediate,16,Binned,3,1,1024,2048,27427100,26784.27734375,1,1,16,1,1,16,16,65536,36864,1,0,0,0,0,0,0,0,0,2048
1789570043172,"Windows x64","MSVC195136257","Intel64 Family 6 Model 142 Stepping 12, GenuineIntel",8,12345,256,4,12,1,16,volatile_first_last_byte,immediate,16,Binned,4,1,1024,2048,27394700,26752.63671875,1,1,16,1,1,16,16,65536,36864,1,0,0,0,0,0,0,0,0,2048
1789570043172,"Windows x64","MSVC195136257","Intel64 Family 6 Model 142 Stepping 12, GenuineIntel",8,12345,256,4,12,1,16,volatile_first_last_byte,immediate,16,Binned,5,3,1024,2048,26870500,26240.72265625,1,1,16,1,1,16,16,65536,36864,1,0,0,0,0,0,0,0,0,2048
1789570043172,"Windows x64","MSVC195136257","Intel64 Family 6 Model 142 Stepping 12, GenuineIntel",8,12345,256,4,12,1,16,volatile_first_last_byte,immediate,16,Binned,6,2,1024,2048,26757800,26130.6640625,1,1,16,1,1,16,16,65536,36864,1,0,0,0,0,0,0,0,0,2048
1789570043172,"Windows x64","MSVC195136257","Intel64 Family 6 Model 142 Stepping 12, GenuineIntel",8,12345,256,4,12,1,16,volatile_first_last_byte,immediate,16,Binned,7,3,1024,2048,26304900,25688.37890625,1,1,16,1,1,16,16,65536,36864,1,0,0,0,0,0,0,0,0,2048
1789570043172,"Windows x64","MSVC195136257","Intel64 Family 6 Model 142 Stepping 12, GenuineIntel",8,12345,256,4,12,1,16,volatile_first_last_byte,immediate,16,Binned,8,2,1024,2048,25119200,24530.46875,1,1,16,1,1,16,16,65536,36864,1,0,0,0,0,0,0,0,0,2048
1789570043172,"Windows x64","MSVC195136257","Intel64 Family 6 Model 142 Stepping 12, GenuineIntel",8,12345,256,4,12,1,16,volatile_first_last_byte,immediate,16,Binned,9,1,1024,2048,27680500,27031.73828125,1,1,16,1,1,16,16,65536,36864,1,0,0,0,0,0,0,0,0,2048
1789570043172,"Windows x64","MSVC195136257","Intel64 Family 6 Model 142 Stepping 12, GenuineIntel",8,12345,256,4,12,1,16,volatile_first_last_byte,immediate,16,Binned,10,1,1024,2048,25565600,24966.40625,1,1,16,1,1,16,16,65536,36864,1,0,0,0,0,0,0,0,0,2048
1789570043172,"Windows x64","MSVC195136257","Intel64 Family 6 Model 142 Stepping 12, GenuineIntel",8,12345,256,4,12,1,16,volatile_first_last_byte,immediate,16,Binned,11,3,1024,2048,24387200,23815.625,1,1,16,1,1,16,16,65536,36864,1,0,0,0,0,0,0,0,0,2048
1789570043172,"Windows x64","MSVC195136257","Intel64 Family 6 Model 142 Stepping 12, GenuineIntel",8,12345,256,4,12,1,16,volatile_first_last_byte,immediate,16,Binned,12,2,1024,2048,24121200,23555.859375,1,1,16,1,1,16,16,65536,36864,1,0,0,0,0,0,0,0,0,2048
1789570043172,"Windows x64","MSVC195136257","Intel64 Family 6 Model 142 Stepping 12, GenuineIntel",8,12345,256,4,12,1,16,volatile_first_last_byte,batch,16,CRT,1,3,1024,2048,69000,67.3828125,256,256,4096,0,,,,,,,,,,,,,,,
1789570043172,"Windows x64","MSVC195136257","Intel64 Family 6 Model 142 Stepping 12, GenuineIntel",8,12345,256,4,12,1,16,volatile_first_last_byte,batch,16,CRT,2,2,1024,2048,68600,66.9921875,256,256,4096,0,,,,,,,,,,,,,,,
1789570043172,"Windows x64","MSVC195136257","Intel64 Family 6 Model 142 Stepping 12, GenuineIntel",8,12345,256,4,12,1,16,volatile_first_last_byte,batch,16,CRT,3,3,1024,2048,67600,66.015625,256,256,4096,0,,,,,,,,,,,,,,,
1789570043172,"Windows x64","MSVC195136257","Intel64 Family 6 Model 142 Stepping 12, GenuineIntel",8,12345,256,4,12,1,16,volatile_first_last_byte,batch,16,CRT,4,2,1024,2048,77500,75.68359375,256,256,4096,0,,,,,,,,,,,,,,,
1789570043172,"Windows x64","MSVC195136257","Intel64 Family 6 Model 142 Stepping 12, GenuineIntel",8,12345,256,4,12,1,16,volatile_first_last_byte,batch,16,CRT,5,1,1024,2048,68200,66.6015625,256,256,4096,0,,,,,,,,,,,,,,,
1789570043172,"Windows x64","MSVC195136257","Intel64 Family 6 Model 142 Stepping 12, GenuineIntel",8,12345,256,4,12,1,16,volatile_first_last_byte,batch,16,CRT,6,1,1024,2048,67800,66.2109375,256,256,4096,0,,,,,,,,,,,,,,,
1789570043172,"Windows x64","MSVC195136257","Intel64 Family 6 Model 142 Stepping 12, GenuineIntel",8,12345,256,4,12,1,16,volatile_first_last_byte,batch,16,CRT,7,3,1024,2048,68500,66.89453125,256,256,4096,0,,,,,,,,,,,,,,,
1789570043172,"Windows x64","MSVC195136257","Intel64 Family 6 Model 142 Stepping 12, GenuineIntel",8,12345,256,4,12,1,16,volatile_first_last_byte,batch,16,CRT,8,2,1024,2048,68300,66.69921875,256,256,4096,0,,,,,,,,,,,,,,,
1789570043172,"Windows x64","MSVC195136257","Intel64 Family 6 Model 142 Stepping 12, GenuineIntel",8,12345,256,4,12,1,16,volatile_first_last_byte,batch,16,CRT,9,3,1024,2048,67700,66.11328125,256,256,4096,0,,,,,,,,,,,,,,,
1789570043172,"Windows x64","MSVC195136257","Intel64 Family 6 Model 142 Stepping 12, GenuineIntel",8,12345,256,4,12,1,16,volatile_first_last_byte,batch,16,CRT,10,2,1024,2048,67700,66.11328125,256,256,4096,0,,,,,,,,,,,,,,,
1789570043172,"Windows x64","MSVC195136257","Intel64 Family 6 Model 142 Stepping 12, GenuineIntel",8,12345,256,4,12,1,16,volatile_first_last_byte,batch,16,CRT,11,1,1024,2048,68200,66.6015625,256,256,4096,0,,,,,,,,,,,,,,,
1789570043172,"Windows x64","MSVC195136257","Intel64 Family 6 Model 142 Stepping 12, GenuineIntel",8,12345,256,4,12,1,16,volatile_first_last_byte,batch,16,CRT,12,1,1024,2048,67600,66.015625,256,256,4096,0,,,,,,,,,,,,,,,
1789570043172,"Windows x64","MSVC195136257","Intel64 Family 6 Model 142 Stepping 12, GenuineIntel",8,12345,256,4,12,1,16,volatile_first_last_byte,batch,16,System,1,1,1024,2048,74000,72.265625,256,256,4096,0,,,,,,,,,,,,,,,
1789570043172,"Windows x64","MSVC195136257","Intel64 Family 6 Model 142 Stepping 12, GenuineIntel",8,12345,256,4,12,1,16,volatile_first_last_byte,batch,16,System,2,3,1024,2048,74100,72.36328125,256,256,4096,0,,,,,,,,,,,,,,,
1789570043172,"Windows x64","MSVC195136257","Intel64 Family 6 Model 142 Stepping 12, GenuineIntel",8,12345,256,4,12,1,16,volatile_first_last_byte,batch,16,System,3,2,1024,2048,73400,71.6796875,256,256,4096,0,,,,,,,,,,,,,,,
1789570043172,"Windows x64","MSVC195136257","Intel64 Family 6 Model 142 Stepping 12, GenuineIntel",8,12345,256,4,12,1,16,volatile_first_last_byte,batch,16,System,4,1,1024,2048,72900,71.19140625,256,256,4096,0,,,,,,,,,,,,,,,
1789570043172,"Windows x64","MSVC195136257","Intel64 Family 6 Model 142 Stepping 12, GenuineIntel",8,12345,256,4,12,1,16,volatile_first_last_byte,batch,16,System,5,3,1024,2048,73600,71.875,256,256,4096,0,,,,,,,,,,,,,,,
1789570043172,"Windows x64","MSVC195136257","Intel64 Family 6 Model 142 Stepping 12, GenuineIntel",8,12345,256,4,12,1,16,volatile_first_last_byte,batch,16,System,6,2,1024,2048,72400,70.703125,256,256,4096,0,,,,,,,,,,,,,,,
1789570043172,"Windows x64","MSVC195136257","Intel64 Family 6 Model 142 Stepping 12, GenuineIntel",8,12345,256,4,12,1,16,volatile_first_last_byte,batch,16,System,7,1,1024,2048,73500,71.77734375,256,256,4096,0,,,,,,,,,,,,,,,
1789570043172,"Windows x64","MSVC195136257","Intel64 Family 6 Model 142 Stepping 12, GenuineIntel",8,12345,256,4,12,1,16,volatile_first_last_byte,batch,16,System,8,3,1024,2048,72700,70.99609375,256,256,4096,0,,,,,,,,,,,,,,,
1789570043172,"Windows x64","MSVC195136257","Intel64 Family 6 Model 142 Stepping 12, GenuineIntel",8,12345,256,4,12,1,16,volatile_first_last_byte,batch,16,System,9,2,1024,2048,73400,71.6796875,256,256,4096,0,,,,,,,,,,,,,,,
1789570043172,"Windows x64","MSVC195136257","Intel64 Family 6 Model 142 Stepping 12, GenuineIntel",8,12345,256,4,12,1,16,volatile_first_last_byte,batch,16,System,10,1,1024,2048,72300,70.60546875,256,256,4096,0,,,,,,,,,,,,,,,
1789570043172,"Windows x64","MSVC195136257","Intel64 Family 6 Model 142 Stepping 12, GenuineIntel",8,12345,256,4,12,1,16,volatile_first_last_byte,batch,16,System,11,3,1024,2048,73700,71.97265625,256,256,4096,0,,,,,,,,,,,,,,,
1789570043172,"Windows x64","MSVC195136257","Intel64 Family 6 Model 142 Stepping 12, GenuineIntel",8,12345,256,4,12,1,16,volatile_first_last_byte,batch,16,System,12,2,1024,2048,72800,71.09375,256,256,4096,0,,,,,,,,,,,,,,,
1789570043172,"Windows x64","MSVC195136257","Intel64 Family 6 Model 142 Stepping 12, GenuineIntel",8,12345,256,4,12,1,16,volatile_first_last_byte,batch,16,Binned,1,2,1024,2048,133000,129.8828125,256,256,4096,1,256,4096,4096,65536,36864,1,0,0,0,0,0,0,0,0,8
1789570043172,"Windows x64","MSVC195136257","Intel64 Family 6 Model 142 Stepping 12, GenuineIntel",8,12345,256,4,12,1,16,volatile_first_last_byte,batch,16,Binned,2,1,1024,2048,133000,129.8828125,256,256,4096,1,256,4096,4096,65536,36864,1,0,0,0,0,0,0,0,0,8
1789570043172,"Windows x64","MSVC195136257","Intel64 Family 6 Model 142 Stepping 12, GenuineIntel",8,12345,256,4,12,1,16,volatile_first_last_byte,batch,16,Binned,3,1,1024,2048,132900,129.78515625,256,256,4096,1,256,4096,4096,65536,36864,1,0,0,0,0,0,0,0,0,8
1789570043172,"Windows x64","MSVC195136257","Intel64 Family 6 Model 142 Stepping 12, GenuineIntel",8,12345,256,4,12,1,16,volatile_first_last_byte,batch,16,Binned,4,3,1024,2048,133600,130.46875,256,256,4096,1,256,4096,4096,65536,36864,1,0,0,0,0,0,0,0,0,8
1789570043172,"Windows x64","MSVC195136257","Intel64 Family 6 Model 142 Stepping 12, GenuineIntel",8,12345,256,4,12,1,16,volatile_first_last_byte,batch,16,Binned,5,2,1024,2048,138300,135.05859375,256,256,4096,1,256,4096,4096,65536,36864,1,0,0,0,0,0,0,0,0,8
1789570043172,"Windows x64","MSVC195136257","Intel64 Family 6 Model 142 Stepping 12, GenuineIntel",8,12345,256,4,12,1,16,volatile_first_last_byte,batch,16,Binned,6,3,1024,2048,129500,126.46484375,256,256,4096,1,256,4096,4096,65536,36864,1,0,0,0,0,0,0,0,0,8
1789570043172,"Windows x64","MSVC195136257","Intel64 Family 6 Model 142 Stepping 12, GenuineIntel",8,12345,256,4,12,1,16,volatile_first_last_byte,batch,16,Binned,7,2,1024,2048,137200,133.984375,256,256,4096,1,256,4096,4096,65536,36864,1,0,0,0,0,0,0,0,0,8
1789570043172,"Windows x64","MSVC195136257","Intel64 Family 6 Model 142 Stepping 12, GenuineIntel",8,12345,256,4,12,1,16,volatile_first_last_byte,batch,16,Binned,8,1,1024,2048,130000,126.953125,256,256,4096,1,256,4096,4096,65536,36864,1,0,0,0,0,0,0,0,0,8
1789570043172,"Windows x64","MSVC195136257","Intel64 Family 6 Model 142 Stepping 12, GenuineIntel",8,12345,256,4,12,1,16,volatile_first_last_byte,batch,16,Binned,9,1,1024,2048,131200,128.125,256,256,4096,1,256,4096,4096,65536,36864,1,0,0,0,0,0,0,0,0,8
1789570043172,"Windows x64","MSVC195136257","Intel64 Family 6 Model 142 Stepping 12, GenuineIntel",8,12345,256,4,12,1,16,volatile_first_last_byte,batch,16,Binned,10,3,1024,2048,156600,152.9296875,256,256,4096,1,256,4096,4096,65536,36864,1,0,0,0,0,0,0,0,0,8
1789570043172,"Windows x64","MSVC195136257","Intel64 Family 6 Model 142 Stepping 12, GenuineIntel",8,12345,256,4,12,1,16,volatile_first_last_byte,batch,16,Binned,11,2,1024,2048,139500,136.23046875,256,256,4096,1,256,4096,4096,65536,36864,1,0,0,0,0,0,0,0,0,8
1789570043172,"Windows x64","MSVC195136257","Intel64 Family 6 Model 142 Stepping 12, GenuineIntel",8,12345,256,4,12,1,16,volatile_first_last_byte,batch,16,Binned,12,3,1024,2048,138200,134.9609375,256,256,4096,1,256,4096,4096,65536,36864,1,0,0,0,0,0,0,0,0,8
1789570043172,"Windows x64","MSVC195136257","Intel64 Family 6 Model 142 Stepping 12, GenuineIntel",8,12345,256,4,12,1,16,volatile_first_last_byte,immediate,24,CRT,1,2,1024,2048,59000,57.6171875,1,1,24,0,,,,,,,,,,,,,,,
1789570043172,"Windows x64","MSVC195136257","Intel64 Family 6 Model 142 Stepping 12, GenuineIntel",8,12345,256,4,12,1,16,volatile_first_last_byte,immediate,24,CRT,2,3,1024,2048,57800,56.4453125,1,1,24,0,,,,,,,,,,,,,,,
1789570043172,"Windows x64","MSVC195136257","Intel64 Family 6 Model 142 Stepping 12, GenuineIntel",8,12345,256,4,12,1,16,volatile_first_last_byte,immediate,24,CRT,3,2,1024,2048,56800,55.46875,1,1,24,0,,,,,,,,,,,,,,,
1789570043172,"Windows x64","MSVC195136257","Intel64 Family 6 Model 142 Stepping 12, GenuineIntel",8,12345,256,4,12,1,16,volatile_first_last_byte,immediate,24,CRT,4,1,1024,2048,58900,57.51953125,1,1,24,0,,,,,,,,,,,,,,,
1789570043172,"Windows x64","MSVC195136257","Intel64 Family 6 Model 142 Stepping 12, GenuineIntel",8,12345,256,4,12,1,16,volatile_first_last_byte,immediate,24,CRT,5,1,1024,2048,57400,56.0546875,1,1,24,0,,,,,,,,,,,,,,,
1789570043172,"Windows x64","MSVC195136257","Intel64 Family 6 Model 142 Stepping 12, GenuineIntel",8,12345,256,4,12,1,16,volatile_first_last_byte,immediate,24,CRT,6,3,1024,2048,60200,58.7890625,1,1,24,0,,,,,,,,,,,,,,,
1789570043172,"Windows x64","MSVC195136257","Intel64 Family 6 Model 142 Stepping 12, GenuineIntel",8,12345,256,4,12,1,16,volatile_first_last_byte,immediate,24,CRT,7,2,1024,2048,58700,57.32421875,1,1,24,0,,,,,,,,,,,,,,,
1789570043172,"Windows x64","MSVC195136257","Intel64 Family 6 Model 142 Stepping 12, GenuineIntel",8,12345,256,4,12,1,16,volatile_first_last_byte,immediate,24,CRT,8,3,1024,2048,57400,56.0546875,1,1,24,0,,,,,,,,,,,,,,,
1789570043172,"Windows x64","MSVC195136257","Intel64 Family 6 Model 142 Stepping 12, GenuineIntel",8,12345,256,4,12,1,16,volatile_first_last_byte,immediate,24,CRT,9,2,1024,2048,56600,55.2734375,1,1,24,0,,,,,,,,,,,,,,,
1789570043172,"Windows x64","MSVC195136257","Intel64 Family 6 Model 142 Stepping 12, GenuineIntel",8,12345,256,4,12,1,16,volatile_first_last_byte,immediate,24,CRT,10,1,1024,2048,58600,57.2265625,1,1,24,0,,,,,,,,,,,,,,,
1789570043172,"Windows x64","MSVC195136257","Intel64 Family 6 Model 142 Stepping 12, GenuineIntel",8,12345,256,4,12,1,16,volatile_first_last_byte,immediate,24,CRT,11,1,1024,2048,55600,54.296875,1,1,24,0,,,,,,,,,,,,,,,
1789570043172,"Windows x64","MSVC195136257","Intel64 Family 6 Model 142 Stepping 12, GenuineIntel",8,12345,256,4,12,1,16,volatile_first_last_byte,immediate,24,CRT,12,3,1024,2048,56900,55.56640625,1,1,24,0,,,,,,,,,,,,,,,
1789570043172,"Windows x64","MSVC195136257","Intel64 Family 6 Model 142 Stepping 12, GenuineIntel",8,12345,256,4,12,1,16,volatile_first_last_byte,immediate,24,System,1,3,1024,2048,63000,61.5234375,1,1,24,0,,,,,,,,,,,,,,,
1789570043172,"Windows x64","MSVC195136257","Intel64 Family 6 Model 142 Stepping 12, GenuineIntel",8,12345,256,4,12,1,16,volatile_first_last_byte,immediate,24,System,2,2,1024,2048,72200,70.5078125,1,1,24,0,,,,,,,,,,,,,,,
1789570043172,"Windows x64","MSVC195136257","Intel64 Family 6 Model 142 Stepping 12, GenuineIntel",8,12345,256,4,12,1,16,volatile_first_last_byte,immediate,24,System,3,1,1024,2048,62500,61.03515625,1,1,24,0,,,,,,,,,,,,,,,
1789570043172,"Windows x64","MSVC195136257","Intel64 Family 6 Model 142 Stepping 12, GenuineIntel",8,12345,256,4,12,1,16,volatile_first_last_byte,immediate,24,System,4,3,1024,2048,64400,62.890625,1,1,24,0,,,,,,,,,,,,,,,
1789570043172,"Windows x64","MSVC195136257","Intel64 Family 6 Model 142 Stepping 12, GenuineIntel",8,12345,256,4,12,1,16,volatile_first_last_byte,immediate,24,System,5,2,1024,2048,62000,60.546875,1,1,24,0,,,,,,,,,,,,,,,
1789570043172,"Windows x64","MSVC195136257","Intel64 Family 6 Model 142 Stepping 12, GenuineIntel",8,12345,256,4,12,1,16,volatile_first_last_byte,immediate,24,System,6,1,1024,2048,64100,62.59765625,1,1,24,0,,,,,,,,,,,,,,,
1789570043172,"Windows x64","MSVC195136257","Intel64 Family 6 Model 142 Stepping 12, GenuineIntel",8,12345,256,4,12,1,16,volatile_first_last_byte,immediate,24,System,7,3,1024,2048,63300,61.81640625,1,1,24,0,,,,,,,,,,,,,,,
1789570043172,"Windows x64","MSVC195136257","Intel64 Family 6 Model 142 Stepping 12, GenuineIntel",8,12345,256,4,12,1,16,volatile_first_last_byte,immediate,24,System,8,2,1024,2048,71900,70.21484375,1,1,24,0,,,,,,,,,,,,,,,
1789570043172,"Windows x64","MSVC195136257","Intel64 Family 6 Model 142 Stepping 12, GenuineIntel",8,12345,256,4,12,1,16,volatile_first_last_byte,immediate,24,System,9,1,1024,2048,62500,61.03515625,1,1,24,0,,,,,,,,,,,,,,,
1789570043172,"Windows x64","MSVC195136257","Intel64 Family 6 Model 142 Stepping 12, GenuineIntel",8,12345,256,4,12,1,16,volatile_first_last_byte,immediate,24,System,10,3,1024,2048,62700,61.23046875,1,1,24,0,,,,,,,,,,,,,,,
1789570043172,"Windows x64","MSVC195136257","Intel64 Family 6 Model 142 Stepping 12, GenuineIntel",8,12345,256,4,12,1,16,volatile_first_last_byte,immediate,24,System,11,2,1024,2048,60100,58.69140625,1,1,24,0,,,,,,,,,,,,,,,
1789570043172,"Windows x64","MSVC195136257","Intel64 Family 6 Model 142 Stepping 12, GenuineIntel",8,12345,256,4,12,1,16,volatile_first_last_byte,immediate,24,System,12,1,1024,2048,62500,61.03515625,1,1,24,0,,,,,,,,,,,,,,,
1789570043172,"Windows x64","MSVC195136257","Intel64 Family 6 Model 142 Stepping 12, GenuineIntel",8,12345,256,4,12,1,16,volatile_first_last_byte,immediate,24,Binned,1,1,1024,2048,17877000,17458.0078125,1,1,24,1,1,24,32,65536,20480,1,0,0,0,0,0,0,0,0,2048
1789570043172,"Windows x64","MSVC195136257","Intel64 Family 6 Model 142 Stepping 12, GenuineIntel",8,12345,256,4,12,1,16,volatile_first_last_byte,immediate,24,Binned,2,1,1024,2048,17167200,16764.84375,1,1,24,1,1,24,32,65536,20480,1,0,0,0,0,0,0,0,0,2048
1789570043172,"Windows x64","MSVC195136257","Intel64 Family 6 Model 142 Stepping 12, GenuineIntel",8,12345,256,4,12,1,16,volatile_first_last_byte,immediate,24,Binned,3,3,1024,2048,17620300,17207.32421875,1,1,24,1,1,24,32,65536,20480,1,0,0,0,0,0,0,0,0,2048
1789570043172,"Windows x64","MSVC195136257","Intel64 Family 6 Model 142 Stepping 12, GenuineIntel",8,12345,256,4,12,1,16,volatile_first_last_byte,immediate,24,Binned,4,2,1024,2048,17436200,17027.5390625,1,1,24,1,1,24,32,65536,20480,1,0,0,0,0,0,0,0,0,2048
1789570043172,"Windows x64","MSVC195136257","Intel64 Family 6 Model 142 Stepping 12, GenuineIntel",8,12345,256,4,12,1,16,volatile_first_last_byte,immediate,24,Binned,5,3,1024,2048,17353400,16946.6796875,1,1,24,1,1,24,32,65536,20480,1,0,0,0,0,0,0,0,0,2048
1789570043172,"Windows x64","MSVC195136257","Intel64 Family 6 Model 142 Stepping 12, GenuineIntel",8,12345,256,4,12,1,16,volatile_first_last_byte,immediate,24,Binned,6,2,1024,2048,16434700,16049.51171875,1,1,24,1,1,24,32,65536,20480,1,0,0,0,0,0,0,0,0,2048
1789570043172,"Windows x64","MSVC195136257","Intel64 Family 6 Model 142 Stepping 12, GenuineIntel",8,12345,256,4,12,1,16,volatile_first_last_byte,immediate,24,Binned,7,1,1024,2048,16123400,15745.5078125,1,1,24,1,1,24,32,65536,20480,1,0,0,0,0,0,0,0,0,2048
1789570043172,"Windows x64","MSVC195136257","Intel64 Family 6 Model 142 Stepping 12, GenuineIntel",8,12345,256,4,12,1,16,volatile_first_last_byte,immediate,24,Binned,8,1,1024,2048,16169100,15790.13671875,1,1,24,1,1,24,32,65536,20480,1,0,0,0,0,0,0,0,0,2048
1789570043172,"Windows x64","MSVC195136257","Intel64 Family 6 Model 142 Stepping 12, GenuineIntel",8,12345,256,4,12,1,16,volatile_first_last_byte,immediate,24,Binned,9,3,1024,2048,15927800,15554.4921875,1,1,24,1,1,24,32,65536,20480,1,0,0,0,0,0,0,0,0,2048
1789570043172,"Windows x64","MSVC195136257","Intel64 Family 6 Model 142 Stepping 12, GenuineIntel",8,12345,256,4,12,1,16,volatile_first_last_byte,immediate,24,Binned,10,2,1024,2048,15949900,15576.07421875,1,1,24,1,1,24,32,65536,20480,1,0,0,0,0,0,0,0,0,2048
1789570043172,"Windows x64","MSVC195136257","Intel64 Family 6 Model 142 Stepping 12, GenuineIntel",8,12345,256,4,12,1,16,volatile_first_last_byte,immediate,24,Binned,11,3,1024,2048,15622400,15256.25,1,1,24,1,1,24,32,65536,20480,1,0,0,0,0,0,0,0,0,2048
1789570043172,"Windows x64","MSVC195136257","Intel64 Family 6 Model 142 Stepping 12, GenuineIntel",8,12345,256,4,12,1,16,volatile_first_last_byte,immediate,24,Binned,12,2,1024,2048,15516400,15152.734375,1,1,24,1,1,24,32,65536,20480,1,0,0,0,0,0,0,0,0,2048
1789570043172,"Windows x64","MSVC195136257","Intel64 Family 6 Model 142 Stepping 12, GenuineIntel",8,12345,256,4,12,1,16,volatile_first_last_byte,batch,24,CRT,1,3,1024,2048,65400,63.8671875,256,256,6144,0,,,,,,,,,,,,,,,
1789570043172,"Windows x64","MSVC195136257","Intel64 Family 6 Model 142 Stepping 12, GenuineIntel",8,12345,256,4,12,1,16,volatile_first_last_byte,batch,24,CRT,2,2,1024,2048,65300,63.76953125,256,256,6144,0,,,,,,,,,,,,,,,
1789570043172,"Windows x64","MSVC195136257","Intel64 Family 6 Model 142 Stepping 12, GenuineIntel",8,12345,256,4,12,1,16,volatile_first_last_byte,batch,24,CRT,3,1,1024,2048,71500,69.82421875,256,256,6144,0,,,,,,,,,,,,,,,
1789570043172,"Windows x64","MSVC195136257","Intel64 Family 6 Model 142 Stepping 12, GenuineIntel",8,12345,256,4,12,1,16,volatile_first_last_byte,batch,24,CRT,4,1,1024,2048,65700,64.16015625,256,256,6144,0,,,,,,,,,,,,,,,
1789570043172,"Windows x64","MSVC195136257","Intel64 Family 6 Model 142 Stepping 12, GenuineIntel",8,12345,256,4,12,1,16,volatile_first_last_byte,batch,24,CRT,5,3,1024,2048,68000,66.40625,256,256,6144,0,,,,,,,,,,,,,,,
1789570043172,"Windows x64","MSVC195136257","Intel64 Family 6 Model 142 Stepping 12, GenuineIntel",8,12345,256,4,12,1,16,volatile_first_last_byte,batch,24,CRT,6,2,1024,2048,70500,68.84765625,256,256,6144,0,,,,,,,,,,,,,,,
1789570043172,"Windows x64","MSVC195136257","Intel64 Family 6 Model 142 Stepping 12, GenuineIntel",8,12345,256,4,12,1,16,volatile_first_last_byte,batch,24,CRT,7,3,1024,2048,65800,64.2578125,256,256,6144,0,,,,,,,,,,,,,,,
1789570043172,"Windows x64","MSVC195136257","Intel64 Family 6 Model 142 Stepping 12, GenuineIntel",8,12345,256,4,12,1,16,volatile_first_last_byte,batch,24,CRT,8,2,1024,2048,65200,63.671875,256,256,6144,0,,,,,,,,,,,,,,,
1789570043172,"Windows x64","MSVC195136257","Intel64 Family 6 Model 142 Stepping 12, GenuineIntel",8,12345,256,4,12,1,16,volatile_first_last_byte,batch,24,CRT,9,1,1024,2048,65700,64.16015625,256,256,6144,0,,,,,,,,,,,,,,,
1789570043172,"Windows x64","MSVC195136257","Intel64 Family 6 Model 142 Stepping 12, GenuineIntel",8,12345,256,4,12,1,16,volatile_first_last_byte,batch,24,CRT,10,1,1024,2048,65300,63.76953125,256,256,6144,0,,,,,,,,,,,,,,,
1789570043172,"Windows x64","MSVC195136257","Intel64 Family 6 Model 142 Stepping 12, GenuineIntel",8,12345,256,4,12,1,16,volatile_first_last_byte,batch,24,CRT,11,3,1024,2048,65500,63.96484375,256,256,6144,0,,,,,,,,,,,,,,,
1789570043172,"Windows x64","MSVC195136257","Intel64 Family 6 Model 142 Stepping 12, GenuineIntel",8,12345,256,4,12,1,16,volatile_first_last_byte,batch,24,CRT,12,2,1024,2048,65600,64.0625,256,256,6144,0,,,,,,,,,,,,,,,
1789570043172,"Windows x64","MSVC195136257","Intel64 Family 6 Model 142 Stepping 12, GenuineIntel",8,12345,256,4,12,1,16,volatile_first_last_byte,batch,24,System,1,2,1024,2048,73400,71.6796875,256,256,6144,0,,,,,,,,,,,,,,,
1789570043172,"Windows x64","MSVC195136257","Intel64 Family 6 Model 142 Stepping 12, GenuineIntel",8,12345,256,4,12,1,16,volatile_first_last_byte,batch,24,System,2,1,1024,2048,71700,70.01953125,256,256,6144,0,,,,,,,,,,,,,,,
1789570043172,"Windows x64","MSVC195136257","Intel64 Family 6 Model 142 Stepping 12, GenuineIntel",8,12345,256,4,12,1,16,volatile_first_last_byte,batch,24,System,3,3,1024,2048,75000,73.2421875,256,256,6144,0,,,,,,,,,,,,,,,
1789570043172,"Windows x64","MSVC195136257","Intel64 Family 6 Model 142 Stepping 12, GenuineIntel",8,12345,256,4,12,1,16,volatile_first_last_byte,batch,24,System,4,2,1024,2048,72500,70.80078125,256,256,6144,0,,,,,,,,,,,,,,,
1789570043172,"Windows x64","MSVC195136257","Intel64 Family 6 Model 142 Stepping 12, GenuineIntel",8,12345,256,4,12,1,16,volatile_first_last_byte,batch,24,System,5,1,1024,2048,83700,81.73828125,256,256,6144,0,,,,,,,,,,,,,,,
1789570043172,"Windows x64","MSVC195136257","Intel64 Family 6 Model 142 Stepping 12, GenuineIntel",8,12345,256,4,12,1,16,volatile_first_last_byte,batch,24,System,6,3,1024,2048,73700,71.97265625,256,256,6144,0,,,,,,,,,,,,,,,
1789570043172,"Windows x64","MSVC195136257","Intel64 Family 6 Model 142 Stepping 12, GenuineIntel",8,12345,256,4,12,1,16,volatile_first_last_byte,batch,24,System,7,2,1024,2048,72800,71.09375,256,256,6144,0,,,,,,,,,,,,,,,
1789570043172,"Windows x64","MSVC195136257","Intel64 Family 6 Model 142 Stepping 12, GenuineIntel",8,12345,256,4,12,1,16,volatile_first_last_byte,batch,24,System,8,1,1024,2048,71900,70.21484375,256,256,6144,0,,,,,,,,,,,,,,,
1789570043172,"Windows x64","MSVC195136257","Intel64 Family 6 Model 142 Stepping 12, GenuineIntel",8,12345,256,4,12,1,16,volatile_first_last_byte,batch,24,System,9,3,1024,2048,72200,70.5078125,256,256,6144,0,,,,,,,,,,,,,,,
1789570043172,"Windows x64","MSVC195136257","Intel64 Family 6 Model 142 Stepping 12, GenuineIntel",8,12345,256,4,12,1,16,volatile_first_last_byte,batch,24,System,10,2,1024,2048,71200,69.53125,256,256,6144,0,,,,,,,,,,,,,,,
1789570043172,"Windows x64","MSVC195136257","Intel64 Family 6 Model 142 Stepping 12, GenuineIntel",8,12345,256,4,12,1,16,volatile_first_last_byte,batch,24,System,11,1,1024,2048,71700,70.01953125,256,256,6144,0,,,,,,,,,,,,,,,
1789570043172,"Windows x64","MSVC195136257","Intel64 Family 6 Model 142 Stepping 12, GenuineIntel",8,12345,256,4,12,1,16,volatile_first_last_byte,batch,24,System,12,3,1024,2048,72100,70.41015625,256,256,6144,0,,,,,,,,,,,,,,,
1789570043172,"Windows x64","MSVC195136257","Intel64 Family 6 Model 142 Stepping 12, GenuineIntel",8,12345,256,4,12,1,16,volatile_first_last_byte,batch,24,Binned,1,1,1024,2048,103500,101.07421875,256,256,6144,1,256,6144,8192,65536,20480,1,0,0,0,0,0,0,0,0,8
1789570043172,"Windows x64","MSVC195136257","Intel64 Family 6 Model 142 Stepping 12, GenuineIntel",8,12345,256,4,12,1,16,volatile_first_last_byte,batch,24,Binned,2,3,1024,2048,114300,111.62109375,256,256,6144,1,256,6144,8192,65536,20480,1,0,0,0,0,0,0,0,0,8
1789570043172,"Windows x64","MSVC195136257","Intel64 Family 6 Model 142 Stepping 12, GenuineIntel",8,12345,256,4,12,1,16,volatile_first_last_byte,batch,24,Binned,3,2,1024,2048,138100,134.86328125,256,256,6144,1,256,6144,8192,65536,20480,1,0,0,0,0,0,0,0,0,8
1789570043172,"Windows x64","MSVC195136257","Intel64 Family 6 Model 142 Stepping 12, GenuineIntel",8,12345,256,4,12,1,16,volatile_first_last_byte,batch,24,Binned,4,3,1024,2048,104700,102.24609375,256,256,6144,1,256,6144,8192,65536,20480,1,0,0,0,0,0,0,0,0,8
1789570043172,"Windows x64","MSVC195136257","Intel64 Family 6 Model 142 Stepping 12, GenuineIntel",8,12345,256,4,12,1,16,volatile_first_last_byte,batch,24,Binned,5,2,1024,2048,106800,104.296875,256,256,6144,1,256,6144,8192,65536,20480,1,0,0,0,0,0,0,0,0,8
1789570043172,"Windows x64","MSVC195136257","Intel64 Family 6 Model 142 Stepping 12, GenuineIntel",8,12345,256,4,12,1,16,volatile_first_last_byte,batch,24,Binned,6,1,1024,2048,123300,120.41015625,256,256,6144,1,256,6144,8192,65536,20480,1,0,0,0,0,0,0,0,0,8
1789570043172,"Windows x64","MSVC195136257","Intel64 Family 6 Model 142 Stepping 12, GenuineIntel",8,12345,256,4,12,1,16,volatile_first_last_byte,batch,24,Binned,7,1,1024,2048,106400,103.90625,256,256,6144,1,256,6144,8192,65536,20480,1,0,0,0,0,0,0,0,0,8
1789570043172,"Windows x64","MSVC195136257","Intel64 Family 6 Model 142 Stepping 12, GenuineIntel",8,12345,256,4,12,1,16,volatile_first_last_byte,batch,24,Binned,8,3,1024,2048,103500,101.07421875,256,256,6144,1,256,6144,8192,65536,20480,1,0,0,0,0,0,0,0,0,8
1789570043172,"Windows x64","MSVC195136257","Intel64 Family 6 Model 142 Stepping 12, GenuineIntel",8,12345,256,4,12,1,16,volatile_first_last_byte,batch,24,Binned,9,2,1024,2048,101600,99.21875,256,256,6144,1,256,6144,8192,65536,20480,1,0,0,0,0,0,0,0,0,8
1789570043172,"Windows x64","MSVC195136257","Intel64 Family 6 Model 142 Stepping 12, GenuineIntel",8,12345,256,4,12,1,16,volatile_first_last_byte,batch,24,Binned,10,3,1024,2048,102800,100.390625,256,256,6144,1,256,6144,8192,65536,20480,1,0,0,0,0,0,0,0,0,8
1789570043172,"Windows x64","MSVC195136257","Intel64 Family 6 Model 142 Stepping 12, GenuineIntel",8,12345,256,4,12,1,16,volatile_first_last_byte,batch,24,Binned,11,2,1024,2048,101700,99.31640625,256,256,6144,1,256,6144,8192,65536,20480,1,0,0,0,0,0,0,0,0,8
1789570043172,"Windows x64","MSVC195136257","Intel64 Family 6 Model 142 Stepping 12, GenuineIntel",8,12345,256,4,12,1,16,volatile_first_last_byte,batch,24,Binned,12,1,1024,2048,102000,99.609375,256,256,6144,1,256,6144,8192,65536,20480,1,0,0,0,0,0,0,0,0,8
1789570043172,"Windows x64","MSVC195136257","Intel64 Family 6 Model 142 Stepping 12, GenuineIntel",8,12345,256,4,12,1,16,volatile_first_last_byte,immediate,64,CRT,1,2,1024,2048,56300,54.98046875,1,1,64,0,,,,,,,,,,,,,,,
1789570043172,"Windows x64","MSVC195136257","Intel64 Family 6 Model 142 Stepping 12, GenuineIntel",8,12345,256,4,12,1,16,volatile_first_last_byte,immediate,64,CRT,2,1,1024,2048,59000,57.6171875,1,1,64,0,,,,,,,,,,,,,,,
1789570043172,"Windows x64","MSVC195136257","Intel64 Family 6 Model 142 Stepping 12, GenuineIntel",8,12345,256,4,12,1,16,volatile_first_last_byte,immediate,64,CRT,3,1,1024,2048,56600,55.2734375,1,1,64,0,,,,,,,,,,,,,,,
1789570043172,"Windows x64","MSVC195136257","Intel64 Family 6 Model 142 Stepping 12, GenuineIntel",8,12345,256,4,12,1,16,volatile_first_last_byte,immediate,64,CRT,4,3,1024,2048,59800,58.3984375,1,1,64,0,,,,,,,,,,,,,,,
1789570043172,"Windows x64","MSVC195136257","Intel64 Family 6 Model 142 Stepping 12, GenuineIntel",8,12345,256,4,12,1,16,volatile_first_last_byte,immediate,64,CRT,5,2,1024,2048,59500,58.10546875,1,1,64,0,,,,,,,,,,,,,,,
1789570043172,"Windows x64","MSVC195136257","Intel64 Family 6 Model 142 Stepping 12, GenuineIntel",8,12345,256,4,12,1,16,volatile_first_last_byte,immediate,64,CRT,6,3,1024,2048,57900,56.54296875,1,1,64,0,,,,,,,,,,,,,,,
1789570043172,"Windows x64","MSVC195136257","Intel64 Family 6 Model 142 Stepping 12, GenuineIntel",8,12345,256,4,12,1,16,volatile_first_last_byte,immediate,64,CRT,7,2,1024,2048,57300,55.95703125,1,1,64,0,,,,,,,,,,,,,,,
1789570043172,"Windows x64","MSVC195136257","Intel64 Family 6 Model 142 Stepping 12, GenuineIntel",8,12345,256,4,12,1,16,volatile_first_last_byte,immediate,64,CRT,8,1,1024,2048,59800,58.3984375,1,1,64,0,,,,,,,,,,,,,,,
1789570043172,"Windows x64","MSVC195136257","Intel64 Family 6 Model 142 Stepping 12, GenuineIntel",8,12345,256,4,12,1,16,volatile_first_last_byte,immediate,64,CRT,9,1,1024,2048,58200,56.8359375,1,1,64,0,,,,,,,,,,,,,,,
1789570043172,"Windows x64","MSVC195136257","Intel64 Family 6 Model 142 Stepping 12, GenuineIntel",8,12345,256,4,12,1,16,volatile_first_last_byte,immediate,64,CRT,10,3,1024,2048,60200,58.7890625,1,1,64,0,,,,,,,,,,,,,,,
1789570043172,"Windows x64","MSVC195136257","Intel64 Family 6 Model 142 Stepping 12, GenuineIntel",8,12345,256,4,12,1,16,volatile_first_last_byte,immediate,64,CRT,11,2,1024,2048,65800,64.2578125,1,1,64,0,,,,,,,,,,,,,,,
1789570043172,"Windows x64","MSVC195136257","Intel64 Family 6 Model 142 Stepping 12, GenuineIntel",8,12345,256,4,12,1,16,volatile_first_last_byte,immediate,64,CRT,12,3,1024,2048,58300,56.93359375,1,1,64,0,,,,,,,,,,,,,,,
1789570043172,"Windows x64","MSVC195136257","Intel64 Family 6 Model 142 Stepping 12, GenuineIntel",8,12345,256,4,12,1,16,volatile_first_last_byte,immediate,64,System,1,1,1024,2048,63400,61.9140625,1,1,64,0,,,,,,,,,,,,,,,
1789570043172,"Windows x64","MSVC195136257","Intel64 Family 6 Model 142 Stepping 12, GenuineIntel",8,12345,256,4,12,1,16,volatile_first_last_byte,immediate,64,System,2,3,1024,2048,63000,61.5234375,1,1,64,0,,,,,,,,,,,,,,,
1789570043172,"Windows x64","MSVC195136257","Intel64 Family 6 Model 142 Stepping 12, GenuineIntel",8,12345,256,4,12,1,16,volatile_first_last_byte,immediate,64,System,3,2,1024,2048,60900,59.47265625,1,1,64,0,,,,,,,,,,,,,,,
1789570043172,"Windows x64","MSVC195136257","Intel64 Family 6 Model 142 Stepping 12, GenuineIntel",8,12345,256,4,12,1,16,volatile_first_last_byte,immediate,64,System,4,1,1024,2048,63700,62.20703125,1,1,64,0,,,,,,,,,,,,,,,
1789570043172,"Windows x64","MSVC195136257","Intel64 Family 6 Model 142 Stepping 12, GenuineIntel",8,12345,256,4,12,1,16,volatile_first_last_byte,immediate,64,System,5,3,1024,2048,63200,61.71875,1,1,64,0,,,,,,,,,,,,,,,
1789570043172,"Windows x64","MSVC195136257","Intel64 Family 6 Model 142 Stepping 12, GenuineIntel",8,12345,256,4,12,1,16,volatile_first_last_byte,immediate,64,System,6,2,1024,2048,64700,63.18359375,1,1,64,0,,,,,,,,,,,,,,,
1789570043172,"Windows x64","MSVC195136257","Intel64 Family 6 Model 142 Stepping 12, GenuineIntel",8,12345,256,4,12,1,16,volatile_first_last_byte,immediate,64,System,7,1,1024,2048,69700,68.06640625,1,1,64,0,,,,,,,,,,,,,,,
1789570043172,"Windows x64","MSVC195136257","Intel64 Family 6 Model 142 Stepping 12, GenuineIntel",8,12345,256,4,12,1,16,volatile_first_last_byte,immediate,64,System,8,3,1024,2048,65200,63.671875,1,1,64,0,,,,,,,,,,,,,,,
1789570043172,"Windows x64","MSVC195136257","Intel64 Family 6 Model 142 Stepping 12, GenuineIntel",8,12345,256,4,12,1,16,volatile_first_last_byte,immediate,64,System,9,2,1024,2048,62500,61.03515625,1,1,64,0,,,,,,,,,,,,,,,
1789570043172,"Windows x64","MSVC195136257","Intel64 Family 6 Model 142 Stepping 12, GenuineIntel",8,12345,256,4,12,1,16,volatile_first_last_byte,immediate,64,System,10,1,1024,2048,65400,63.8671875,1,1,64,0,,,,,,,,,,,,,,,
1789570043172,"Windows x64","MSVC195136257","Intel64 Family 6 Model 142 Stepping 12, GenuineIntel",8,12345,256,4,12,1,16,volatile_first_last_byte,immediate,64,System,11,3,1024,2048,63900,62.40234375,1,1,64,0,,,,,,,,,,,,,,,
1789570043172,"Windows x64","MSVC195136257","Intel64 Family 6 Model 142 Stepping 12, GenuineIntel",8,12345,256,4,12,1,16,volatile_first_last_byte,immediate,64,System,12,2,1024,2048,65300,63.76953125,1,1,64,0,,,,,,,,,,,,,,,
1789570043172,"Windows x64","MSVC195136257","Intel64 Family 6 Model 142 Stepping 12, GenuineIntel",8,12345,256,4,12,1,16,volatile_first_last_byte,immediate,64,Binned,1,3,1024,2048,12244900,11957.91015625,1,1,64,1,1,64,64,65536,12288,1,0,0,0,0,0,0,0,0,2048
1789570043172,"Windows x64","MSVC195136257","Intel64 Family 6 Model 142 Stepping 12, GenuineIntel",8,12345,256,4,12,1,16,volatile_first_last_byte,immediate,64,Binned,2,2,1024,2048,12357300,12067.67578125,1,1,64,1,1,64,64,65536,12288,1,0,0,0,0,0,0,0,0,2048
1789570043172,"Windows x64","MSVC195136257","Intel64 Family 6 Model 142 Stepping 12, GenuineIntel",8,12345,256,4,12,1,16,volatile_first_last_byte,immediate,64,Binned,3,3,1024,2048,13453800,13138.4765625,1,1,64,1,1,64,64,65536,12288,1,0,0,0,0,0,0,0,0,2048
1789570043172,"Windows x64","MSVC195136257","Intel64 Family 6 Model 142 Stepping 12, GenuineIntel",8,12345,256,4,12,1,16,volatile_first_last_byte,immediate,64,Binned,4,2,1024,2048,13058700,12752.63671875,1,1,64,1,1,64,64,65536,12288,1,0,0,0,0,0,0,0,0,2048
1789570043172,"Windows x64","MSVC195136257","Intel64 Family 6 Model 142 Stepping 12, GenuineIntel",8,12345,256,4,12,1,16,volatile_first_last_byte,immediate,64,Binned,5,1,1024,2048,12166000,11880.859375,1,1,64,1,1,64,64,65536,12288,1,0,0,0,0,0,0,0,0,2048
1789570043172,"Windows x64","MSVC195136257","Intel64 Family 6 Model 142 Stepping 12, GenuineIntel",8,12345,256,4,12,1,16,volatile_first_last_byte,immediate,64,Binned,6,1,1024,2048,12163500,11878.41796875,1,1,64,1,1,64,64,65536,12288,1,0,0,0,0,0,0,0,0,2048
1789570043172,"Windows x64","MSVC195136257","Intel64 Family 6 Model 142 Stepping 12, GenuineIntel",8,12345,256,4,12,1,16,volatile_first_last_byte,immediate,64,Binned,7,3,1024,2048,11995400,11714.2578125,1,1,64,1,1,64,64,65536,12288,1,0,0,0,0,0,0,0,0,2048
1789570043172,"Windows x64","MSVC195136257","Intel64 Family 6 Model 142 Stepping 12, GenuineIntel",8,12345,256,4,12,1,16,volatile_first_last_byte,immediate,64,Binned,8,2,1024,2048,12515100,12221.77734375,1,1,64,1,1,64,64,65536,12288,1,0,0,0,0,0,0,0,0,2048
1789570043172,"Windows x64","MSVC195136257","Intel64 Family 6 Model 142 Stepping 12, GenuineIntel",8,12345,256,4,12,1,16,volatile_first_last_byte,immediate,64,Binned,9,3,1024,2048,11959300,11679.00390625,1,1,64,1,1,64,64,65536,12288,1,0,0,0,0,0,0,0,0,2048
1789570043172,"Windows x64","MSVC195136257","Intel64 Family 6 Model 142 Stepping 12, GenuineIntel",8,12345,256,4,12,1,16,volatile_first_last_byte,immediate,64,Binned,10,2,1024,2048,11999400,11718.1640625,1,1,64,1,1,64,64,65536,12288,1,0,0,0,0,0,0,0,0,2048
1789570043172,"Windows x64","MSVC195136257","Intel64 Family 6 Model 142 Stepping 12, GenuineIntel",8,12345,256,4,12,1,16,volatile_first_last_byte,immediate,64,Binned,11,1,1024,2048,11878600,11600.1953125,1,1,64,1,1,64,64,65536,12288,1,0,0,0,0,0,0,0,0,2048
1789570043172,"Windows x64","MSVC195136257","Intel64 Family 6 Model 142 Stepping 12, GenuineIntel",8,12345,256,4,12,1,16,volatile_first_last_byte,immediate,64,Binned,12,1,1024,2048,11930800,11651.171875,1,1,64,1,1,64,64,65536,12288,1,0,0,0,0,0,0,0,0,2048
1789570043172,"Windows x64","MSVC195136257","Intel64 Family 6 Model 142 Stepping 12, GenuineIntel",8,12345,256,4,12,1,16,volatile_first_last_byte,batch,64,CRT,1,1,1024,2048,72200,70.5078125,256,256,16384,0,,,,,,,,,,,,,,,
1789570043172,"Windows x64","MSVC195136257","Intel64 Family 6 Model 142 Stepping 12, GenuineIntel",8,12345,256,4,12,1,16,volatile_first_last_byte,batch,64,CRT,2,1,1024,2048,113400,110.7421875,256,256,16384,0,,,,,,,,,,,,,,,
1789570043172,"Windows x64","MSVC195136257","Intel64 Family 6 Model 142 Stepping 12, GenuineIntel",8,12345,256,4,12,1,16,volatile_first_last_byte,batch,64,CRT,3,3,1024,2048,119900,117.08984375,256,256,16384,0,,,,,,,,,,,,,,,
1789570043172,"Windows x64","MSVC195136257","Intel64 Family 6 Model 142 Stepping 12, GenuineIntel",8,12345,256,4,12,1,16,volatile_first_last_byte,batch,64,CRT,4,2,1024,2048,114900,112.20703125,256,256,16384,0,,,,,,,,,,,,,,,
1789570043172,"Windows x64","MSVC195136257","Intel64 Family 6 Model 142 Stepping 12, GenuineIntel",8,12345,256,4,12,1,16,volatile_first_last_byte,batch,64,CRT,5,3,1024,2048,72100,70.41015625,256,256,16384,0,,,,,,,,,,,,,,,
1789570043172,"Windows x64","MSVC195136257","Intel64 Family 6 Model 142 Stepping 12, GenuineIntel",8,12345,256,4,12,1,16,volatile_first_last_byte,batch,64,CRT,6,2,1024,2048,71100,69.43359375,256,256,16384,0,,,,,,,,,,,,,,,
1789570043172,"Windows x64","MSVC195136257","Intel64 Family 6 Model 142 Stepping 12, GenuineIntel",8,12345,256,4,12,1,16,volatile_first_last_byte,batch,64,CRT,7,1,1024,2048,71500,69.82421875,256,256,16384,0,,,,,,,,,,,,,,,
1789570043172,"Windows x64","MSVC195136257","Intel64 Family 6 Model 142 Stepping 12, GenuineIntel",8,12345,256,4,12,1,16,volatile_first_last_byte,batch,64,CRT,8,1,1024,2048,71000,69.3359375,256,256,16384,0,,,,,,,,,,,,,,,
1789570043172,"Windows x64","MSVC195136257","Intel64 Family 6 Model 142 Stepping 12, GenuineIntel",8,12345,256,4,12,1,16,volatile_first_last_byte,batch,64,CRT,9,3,1024,2048,71400,69.7265625,256,256,16384,0,,,,,,,,,,,,,,,
1789570043172,"Windows x64","MSVC195136257","Intel64 Family 6 Model 142 Stepping 12, GenuineIntel",8,12345,256,4,12,1,16,volatile_first_last_byte,batch,64,CRT,10,2,1024,2048,71400,69.7265625,256,256,16384,0,,,,,,,,,,,,,,,
1789570043172,"Windows x64","MSVC195136257","Intel64 Family 6 Model 142 Stepping 12, GenuineIntel",8,12345,256,4,12,1,16,volatile_first_last_byte,batch,64,CRT,11,3,1024,2048,70600,68.9453125,256,256,16384,0,,,,,,,,,,,,,,,
1789570043172,"Windows x64","MSVC195136257","Intel64 Family 6 Model 142 Stepping 12, GenuineIntel",8,12345,256,4,12,1,16,volatile_first_last_byte,batch,64,CRT,12,2,1024,2048,70700,69.04296875,256,256,16384,0,,,,,,,,,,,,,,,
1789570043172,"Windows x64","MSVC195136257","Intel64 Family 6 Model 142 Stepping 12, GenuineIntel",8,12345,256,4,12,1,16,volatile_first_last_byte,batch,64,System,1,3,1024,2048,86900,84.86328125,256,256,16384,0,,,,,,,,,,,,,,,
1789570043172,"Windows x64","MSVC195136257","Intel64 Family 6 Model 142 Stepping 12, GenuineIntel",8,12345,256,4,12,1,16,volatile_first_last_byte,batch,64,System,2,2,1024,2048,126600,123.6328125,256,256,16384,0,,,,,,,,,,,,,,,
1789570043172,"Windows x64","MSVC195136257","Intel64 Family 6 Model 142 Stepping 12, GenuineIntel",8,12345,256,4,12,1,16,volatile_first_last_byte,batch,64,System,3,1,1024,2048,138100,134.86328125,256,256,16384,0,,,,,,,,,,,,,,,
1789570043172,"Windows x64","MSVC195136257","Intel64 Family 6 Model 142 Stepping 12, GenuineIntel",8,12345,256,4,12,1,16,volatile_first_last_byte,batch,64,System,4,3,1024,2048,125300,122.36328125,256,256,16384,0,,,,,,,,,,,,,,,
1789570043172,"Windows x64","MSVC195136257","Intel64 Family 6 Model 142 Stepping 12, GenuineIntel",8,12345,256,4,12,1,16,volatile_first_last_byte,batch,64,System,5,2,1024,2048,108000,105.46875,256,256,16384,0,,,,,,,,,,,,,,,
1789570043172,"Windows x64","MSVC195136257","Intel64 Family 6 Model 142 Stepping 12, GenuineIntel",8,12345,256,4,12,1,16,volatile_first_last_byte,batch,64,System,6,1,1024,2048,79000,77.1484375,256,256,16384,0,,,,,,,,,,,,,,,
1789570043172,"Windows x64","MSVC195136257","Intel64 Family 6 Model 142 Stepping 12, GenuineIntel",8,12345,256,4,12,1,16,volatile_first_last_byte,batch,64,System,7,3,1024,2048,79400,77.5390625,256,256,16384,0,,,,,,,,,,,,,,,
1789570043172,"Windows x64","MSVC195136257","Intel64 Family 6 Model 142 Stepping 12, GenuineIntel",8,12345,256,4,12,1,16,volatile_first_last_byte,batch,64,System,8,2,1024,2048,78600,76.7578125,256,256,16384,0,,,,,,,,,,,,,,,
1789570043172,"Windows x64","MSVC195136257","Intel64 Family 6 Model 142 Stepping 12, GenuineIntel",8,12345,256,4,12,1,16,volatile_first_last_byte,batch,64,System,9,1,1024,2048,79400,77.5390625,256,256,16384,0,,,,,,,,,,,,,,,
1789570043172,"Windows x64","MSVC195136257","Intel64 Family 6 Model 142 Stepping 12, GenuineIntel",8,12345,256,4,12,1,16,volatile_first_last_byte,batch,64,System,10,3,1024,2048,78900,77.05078125,256,256,16384,0,,,,,,,,,,,,,,,
1789570043172,"Windows x64","MSVC195136257","Intel64 Family 6 Model 142 Stepping 12, GenuineIntel",8,12345,256,4,12,1,16,volatile_first_last_byte,batch,64,System,11,2,1024,2048,79400,77.5390625,256,256,16384,0,,,,,,,,,,,,,,,
1789570043172,"Windows x64","MSVC195136257","Intel64 Family 6 Model 142 Stepping 12, GenuineIntel",8,12345,256,4,12,1,16,volatile_first_last_byte,batch,64,System,12,1,1024,2048,78300,76.46484375,256,256,16384,0,,,,,,,,,,,,,,,
1789570043172,"Windows x64","MSVC195136257","Intel64 Family 6 Model 142 Stepping 12, GenuineIntel",8,12345,256,4,12,1,16,volatile_first_last_byte,batch,64,Binned,1,2,1024,2048,106100,103.61328125,256,256,16384,1,256,16384,16384,65536,12288,1,0,0,0,0,0,0,0,0,8
1789570043172,"Windows x64","MSVC195136257","Intel64 Family 6 Model 142 Stepping 12, GenuineIntel",8,12345,256,4,12,1,16,volatile_first_last_byte,batch,64,Binned,2,3,1024,2048,153200,149.609375,256,256,16384,1,256,16384,16384,65536,12288,1,0,0,0,0,0,0,0,0,8
1789570043172,"Windows x64","MSVC195136257","Intel64 Family 6 Model 142 Stepping 12, GenuineIntel",8,12345,256,4,12,1,16,volatile_first_last_byte,batch,64,Binned,3,2,1024,2048,153200,149.609375,256,256,16384,1,256,16384,16384,65536,12288,1,0,0,0,0,0,0,0,0,8
1789570043172,"Windows x64","MSVC195136257","Intel64 Family 6 Model 142 Stepping 12, GenuineIntel",8,12345,256,4,12,1,16,volatile_first_last_byte,batch,64,Binned,4,1,1024,2048,175900,171.77734375,256,256,16384,1,256,16384,16384,65536,12288,1,0,0,0,0,0,0,0,0,8
1789570043172,"Windows x64","MSVC195136257","Intel64 Family 6 Model 142 Stepping 12, GenuineIntel",8,12345,256,4,12,1,16,volatile_first_last_byte,batch,64,Binned,5,1,1024,2048,159100,155.37109375,256,256,16384,1,256,16384,16384,65536,12288,1,0,0,0,0,0,0,0,0,8
1789570043172,"Windows x64","MSVC195136257","Intel64 Family 6 Model 142 Stepping 12, GenuineIntel",8,12345,256,4,12,1,16,volatile_first_last_byte,batch,64,Binned,6,3,1024,2048,110100,107.51953125,256,256,16384,1,256,16384,16384,65536,12288,1,0,0,0,0,0,0,0,0,8
1789570043172,"Windows x64","MSVC195136257","Intel64 Family 6 Model 142 Stepping 12, GenuineIntel",8,12345,256,4,12,1,16,volatile_first_last_byte,batch,64,Binned,7,2,1024,2048,105300,102.83203125,256,256,16384,1,256,16384,16384,65536,12288,1,0,0,0,0,0,0,0,0,8
1789570043172,"Windows x64","MSVC195136257","Intel64 Family 6 Model 142 Stepping 12, GenuineIntel",8,12345,256,4,12,1,16,volatile_first_last_byte,batch,64,Binned,8,3,1024,2048,105300,102.83203125,256,256,16384,1,256,16384,16384,65536,12288,1,0,0,0,0,0,0,0,0,8
1789570043172,"Windows x64","MSVC195136257","Intel64 Family 6 Model 142 Stepping 12, GenuineIntel",8,12345,256,4,12,1,16,volatile_first_last_byte,batch,64,Binned,9,2,1024,2048,103600,101.171875,256,256,16384,1,256,16384,16384,65536,12288,1,0,0,0,0,0,0,0,0,8
1789570043172,"Windows x64","MSVC195136257","Intel64 Family 6 Model 142 Stepping 12, GenuineIntel",8,12345,256,4,12,1,16,volatile_first_last_byte,batch,64,Binned,10,1,1024,2048,103500,101.07421875,256,256,16384,1,256,16384,16384,65536,12288,1,0,0,0,0,0,0,0,0,8
1789570043172,"Windows x64","MSVC195136257","Intel64 Family 6 Model 142 Stepping 12, GenuineIntel",8,12345,256,4,12,1,16,volatile_first_last_byte,batch,64,Binned,11,1,1024,2048,115200,112.5,256,256,16384,1,256,16384,16384,65536,12288,1,0,0,0,0,0,0,0,0,8
1789570043172,"Windows x64","MSVC195136257","Intel64 Family 6 Model 142 Stepping 12, GenuineIntel",8,12345,256,4,12,1,16,volatile_first_last_byte,batch,64,Binned,12,3,1024,2048,104200,101.7578125,256,256,16384,1,256,16384,16384,65536,12288,1,0,0,0,0,0,0,0,0,8
1789570043172,"Windows x64","MSVC195136257","Intel64 Family 6 Model 142 Stepping 12, GenuineIntel",8,12345,256,4,12,1,16,volatile_first_last_byte,immediate,256,CRT,1,1,1024,2048,61100,59.66796875,1,1,256,0,,,,,,,,,,,,,,,
1789570043172,"Windows x64","MSVC195136257","Intel64 Family 6 Model 142 Stepping 12, GenuineIntel",8,12345,256,4,12,1,16,volatile_first_last_byte,immediate,256,CRT,2,3,1024,2048,60200,58.7890625,1,1,256,0,,,,,,,,,,,,,,,
1789570043172,"Windows x64","MSVC195136257","Intel64 Family 6 Model 142 Stepping 12, GenuineIntel",8,12345,256,4,12,1,16,volatile_first_last_byte,immediate,256,CRT,3,2,1024,2048,60000,58.59375,1,1,256,0,,,,,,,,,,,,,,,
1789570043172,"Windows x64","MSVC195136257","Intel64 Family 6 Model 142 Stepping 12, GenuineIntel",8,12345,256,4,12,1,16,volatile_first_last_byte,immediate,256,CRT,4,3,1024,2048,58400,57.03125,1,1,256,0,,,,,,,,,,,,,,,
1789570043172,"Windows x64","MSVC195136257","Intel64 Family 6 Model 142 Stepping 12, GenuineIntel",8,12345,256,4,12,1,16,volatile_first_last_byte,immediate,256,CRT,5,2,1024,2048,58000,56.640625,1,1,256,0,,,,,,,,,,,,,,,
1789570043172,"Windows x64","MSVC195136257","Intel64 Family 6 Model 142 Stepping 12, GenuineIntel",8,12345,256,4,12,1,16,volatile_first_last_byte,immediate,256,CRT,6,1,1024,2048,60900,59.47265625,1,1,256,0,,,,,,,,,,,,,,,
1789570043172,"Windows x64","MSVC195136257","Intel64 Family 6 Model 142 Stepping 12, GenuineIntel",8,12345,256,4,12,1,16,volatile_first_last_byte,immediate,256,CRT,7,1,1024,2048,58600,57.2265625,1,1,256,0,,,,,,,,,,,,,,,
1789570043172,"Windows x64","MSVC195136257","Intel64 Family 6 Model 142 Stepping 12, GenuineIntel",8,12345,256,4,12,1,16,volatile_first_last_byte,immediate,256,CRT,8,3,1024,2048,60300,58.88671875,1,1,256,0,,,,,,,,,,,,,,,
1789570043172,"Windows x64","MSVC195136257","Intel64 Family 6 Model 142 Stepping 12, GenuineIntel",8,12345,256,4,12,1,16,volatile_first_last_byte,immediate,256,CRT,9,2,1024,2048,58000,56.640625,1,1,256,0,,,,,,,,,,,,,,,
1789570043172,"Windows x64","MSVC195136257","Intel64 Family 6 Model 142 Stepping 12, GenuineIntel",8,12345,256,4,12,1,16,volatile_first_last_byte,immediate,256,CRT,10,3,1024,2048,56700,55.37109375,1,1,256,0,,,,,,,,,,,,,,,
1789570043172,"Windows x64","MSVC195136257","Intel64 Family 6 Model 142 Stepping 12, GenuineIntel",8,12345,256,4,12,1,16,volatile_first_last_byte,immediate,256,CRT,11,2,1024,2048,56200,54.8828125,1,1,256,0,,,,,,,,,,,,,,,
1789570043172,"Windows x64","MSVC195136257","Intel64 Family 6 Model 142 Stepping 12, GenuineIntel",8,12345,256,4,12,1,16,volatile_first_last_byte,immediate,256,CRT,12,1,1024,2048,58200,56.8359375,1,1,256,0,,,,,,,,,,,,,,,
1789570043172,"Windows x64","MSVC195136257","Intel64 Family 6 Model 142 Stepping 12, GenuineIntel",8,12345,256,4,12,1,16,volatile_first_last_byte,immediate,256,System,1,2,1024,2048,66200,64.6484375,1,1,256,0,,,,,,,,,,,,,,,
1789570043172,"Windows x64","MSVC195136257","Intel64 Family 6 Model 142 Stepping 12, GenuineIntel",8,12345,256,4,12,1,16,volatile_first_last_byte,immediate,256,System,2,1,1024,2048,66900,65.33203125,1,1,256,0,,,,,,,,,,,,,,,
1789570043172,"Windows x64","MSVC195136257","Intel64 Family 6 Model 142 Stepping 12, GenuineIntel",8,12345,256,4,12,1,16,volatile_first_last_byte,immediate,256,System,3,3,1024,2048,65800,64.2578125,1,1,256,0,,,,,,,,,,,,,,,
1789570043172,"Windows x64","MSVC195136257","Intel64 Family 6 Model 142 Stepping 12, GenuineIntel",8,12345,256,4,12,1,16,volatile_first_last_byte,immediate,256,System,4,2,1024,2048,67700,66.11328125,1,1,256,0,,,,,,,,,,,,,,,
1789570043172,"Windows x64","MSVC195136257","Intel64 Family 6 Model 142 Stepping 12, GenuineIntel",8,12345,256,4,12,1,16,volatile_first_last_byte,immediate,256,System,5,1,1024,2048,64700,63.18359375,1,1,256,0,,,,,,,,,,,,,,,
1789570043172,"Windows x64","MSVC195136257","Intel64 Family 6 Model 142 Stepping 12, GenuineIntel",8,12345,256,4,12,1,16,volatile_first_last_byte,immediate,256,System,6,3,1024,2048,68000,66.40625,1,1,256,0,,,,,,,,,,,,,,,
1789570043172,"Windows x64","MSVC195136257","Intel64 Family 6 Model 142 Stepping 12, GenuineIntel",8,12345,256,4,12,1,16,volatile_first_last_byte,immediate,256,System,7,2,1024,2048,71100,69.43359375,1,1,256,0,,,,,,,,,,,,,,,
1789570043172,"Windows x64","MSVC195136257","Intel64 Family 6 Model 142 Stepping 12, GenuineIntel",8,12345,256,4,12,1,16,volatile_first_last_byte,immediate,256,System,8,1,1024,2048,66800,65.234375,1,1,256,0,,,,,,,,,,,,,,,
1789570043172,"Windows x64","MSVC195136257","Intel64 Family 6 Model 142 Stepping 12, GenuineIntel",8,12345,256,4,12,1,16,volatile_first_last_byte,immediate,256,System,9,3,1024,2048,64500,62.98828125,1,1,256,0,,,,,,,,,,,,,,,
1789570043172,"Windows x64","MSVC195136257","Intel64 Family 6 Model 142 Stepping 12, GenuineIntel",8,12345,256,4,12,1,16,volatile_first_last_byte,immediate,256,System,10,2,1024,2048,65600,64.0625,1,1,256,0,,,,,,,,,,,,,,,
1789570043172,"Windows x64","MSVC195136257","Intel64 Family 6 Model 142 Stepping 12, GenuineIntel",8,12345,256,4,12,1,16,volatile_first_last_byte,immediate,256,System,11,1,1024,2048,62800,61.328125,1,1,256,0,,,,,,,,,,,,,,,
1789570043172,"Windows x64","MSVC195136257","Intel64 Family 6 Model 142 Stepping 12, GenuineIntel",8,12345,256,4,12,1,16,volatile_first_last_byte,immediate,256,System,12,3,1024,2048,65000,63.4765625,1,1,256,0,,,,,,,,,,,,,,,
1789570043172,"Windows x64","MSVC195136257","Intel64 Family 6 Model 142 Stepping 12, GenuineIntel",8,12345,256,4,12,1,16,volatile_first_last_byte,immediate,256,Binned,1,3,1024,2048,8039200,7850.78125,1,1,256,1,1,256,256,65536,4096,1,0,0,0,0,0,0,0,0,2048
1789570043172,"Windows x64","MSVC195136257","Intel64 Family 6 Model 142 Stepping 12, GenuineIntel",8,12345,256,4,12,1,16,volatile_first_last_byte,immediate,256,Binned,2,2,1024,2048,8771200,8565.625,1,1,256,1,1,256,256,65536,4096,1,0,0,0,0,0,0,0,0,2048
1789570043172,"Windows x64","MSVC195136257","Intel64 Family 6 Model 142 Stepping 12, GenuineIntel",8,12345,256,4,12,1,16,volatile_first_last_byte,immediate,256,Binned,3,1,1024,2048,8012800,7825,1,1,256,1,1,256,256,65536,4096,1,0,0,0,0,0,0,0,0,2048
1789570043172,"Windows x64","MSVC195136257","Intel64 Family 6 Model 142 Stepping 12, GenuineIntel",8,12345,256,4,12,1,16,volatile_first_last_byte,immediate,256,Binned,4,1,1024,2048,8388000,8191.40625,1,1,256,1,1,256,256,65536,4096,1,0,0,0,0,0,0,0,0,2048
1789570043172,"Windows x64","MSVC195136257","Intel64 Family 6 Model 142 Stepping 12, GenuineIntel",8,12345,256,4,12,1,16,volatile_first_last_byte,immediate,256,Binned,5,3,1024,2048,8060500,7871.58203125,1,1,256,1,1,256,256,65536,4096,1,0,0,0,0,0,0,0,0,2048
1789570043172,"Windows x64","MSVC195136257","Intel64 Family 6 Model 142 Stepping 12, GenuineIntel",8,12345,256,4,12,1,16,volatile_first_last_byte,immediate,256,Binned,6,2,1024,2048,8212000,8019.53125,1,1,256,1,1,256,256,65536,4096,1,0,0,0,0,0,0,0,0,2048
1789570043172,"Windows x64","MSVC195136257","Intel64 Family 6 Model 142 Stepping 12, GenuineIntel",8,12345,256,4,12,1,16,volatile_first_last_byte,immediate,256,Binned,7,3,1024,2048,8020800,7832.8125,1,1,256,1,1,256,256,65536,4096,1,0,0,0,0,0,0,0,0,2048
1789570043172,"Windows x64","MSVC195136257","Intel64 Family 6 Model 142 Stepping 12, GenuineIntel",8,12345,256,4,12,1,16,volatile_first_last_byte,immediate,256,Binned,8,2,1024,2048,8397200,8200.390625,1,1,256,1,1,256,256,65536,4096,1,0,0,0,0,0,0,0,0,2048
1789570043172,"Windows x64","MSVC195136257","Intel64 Family 6 Model 142 Stepping 12, GenuineIntel",8,12345,256,4,12,1,16,volatile_first_last_byte,immediate,256,Binned,9,1,1024,2048,7884500,7699.70703125,1,1,256,1,1,256,256,65536,4096,1,0,0,0,0,0,0,0,0,2048
1789570043172,"Windows x64","MSVC195136257","Intel64 Family 6 Model 142 Stepping 12, GenuineIntel",8,12345,256,4,12,1,16,volatile_first_last_byte,immediate,256,Binned,10,1,1024,2048,8141400,7950.5859375,1,1,256,1,1,256,256,65536,4096,1,0,0,0,0,0,0,0,0,2048
1789570043172,"Windows x64","MSVC195136257","Intel64 Family 6 Model 142 Stepping 12, GenuineIntel",8,12345,256,4,12,1,16,volatile_first_last_byte,immediate,256,Binned,11,3,1024,2048,7809300,7626.26953125,1,1,256,1,1,256,256,65536,4096,1,0,0,0,0,0,0,0,0,2048
1789570043172,"Windows x64","MSVC195136257","Intel64 Family 6 Model 142 Stepping 12, GenuineIntel",8,12345,256,4,12,1,16,volatile_first_last_byte,immediate,256,Binned,12,2,1024,2048,8166400,7975,1,1,256,1,1,256,256,65536,4096,1,0,0,0,0,0,0,0,0,2048
1789570043172,"Windows x64","MSVC195136257","Intel64 Family 6 Model 142 Stepping 12, GenuineIntel",8,12345,256,4,12,1,16,volatile_first_last_byte,batch,256,CRT,1,3,1024,2048,81000,79.1015625,256,256,65536,0,,,,,,,,,,,,,,,
1789570043172,"Windows x64","MSVC195136257","Intel64 Family 6 Model 142 Stepping 12, GenuineIntel",8,12345,256,4,12,1,16,volatile_first_last_byte,batch,256,CRT,2,2,1024,2048,90200,88.0859375,256,256,65536,0,,,,,,,,,,,,,,,
1789570043172,"Windows x64","MSVC195136257","Intel64 Family 6 Model 142 Stepping 12, GenuineIntel",8,12345,256,4,12,1,16,volatile_first_last_byte,batch,256,CRT,3,3,1024,2048,82000,80.078125,256,256,65536,0,,,,,,,,,,,,,,,
1789570043172,"Windows x64","MSVC195136257","Intel64 Family 6 Model 142 Stepping 12, GenuineIntel",8,12345,256,4,12,1,16,volatile_first_last_byte,batch,256,CRT,4,2,1024,2048,87100,85.05859375,256,256,65536,0,,,,,,,,,,,,,,,
1789570043172,"Windows x64","MSVC195136257","Intel64 Family 6 Model 142 Stepping 12, GenuineIntel",8,12345,256,4,12,1,16,volatile_first_last_byte,batch,256,CRT,5,1,1024,2048,116700,113.96484375,256,256,65536,0,,,,,,,,,,,,,,,
1789570043172,"Windows x64","MSVC195136257","Intel64 Family 6 Model 142 Stepping 12, GenuineIntel",8,12345,256,4,12,1,16,volatile_first_last_byte,batch,256,CRT,6,1,1024,2048,82600,80.6640625,256,256,65536,0,,,,,,,,,,,,,,,
1789570043172,"Windows x64","MSVC195136257","Intel64 Family 6 Model 142 Stepping 12, GenuineIntel",8,12345,256,4,12,1,16,volatile_first_last_byte,batch,256,CRT,7,3,1024,2048,90100,87.98828125,256,256,65536,0,,,,,,,,,,,,,,,
1789570043172,"Windows x64","MSVC195136257","Intel64 Family 6 Model 142 Stepping 12, GenuineIntel",8,12345,256,4,12,1,16,volatile_first_last_byte,batch,256,CRT,8,2,1024,2048,116200,113.4765625,256,256,65536,0,,,,,,,,,,,,,,,
1789570043172,"Windows x64","MSVC195136257","Intel64 Family 6 Model 142 Stepping 12, GenuineIntel",8,12345,256,4,12,1,16,volatile_first_last_byte,batch,256,CRT,9,3,1024,2048,82800,80.859375,256,256,65536,0,,,,,,,,,,,,,,,
1789570043172,"Windows x64","MSVC195136257","Intel64 Family 6 Model 142 Stepping 12, GenuineIntel",8,12345,256,4,12,1,16,volatile_first_last_byte,batch,256,CRT,10,2,1024,2048,87500,85.44921875,256,256,65536,0,,,,,,,,,,,,,,,
1789570043172,"Windows x64","MSVC195136257","Intel64 Family 6 Model 142 Stepping 12, GenuineIntel",8,12345,256,4,12,1,16,volatile_first_last_byte,batch,256,CRT,11,1,1024,2048,115500,112.79296875,256,256,65536,0,,,,,,,,,,,,,,,
1789570043172,"Windows x64","MSVC195136257","Intel64 Family 6 Model 142 Stepping 12, GenuineIntel",8,12345,256,4,12,1,16,volatile_first_last_byte,batch,256,CRT,12,1,1024,2048,82600,80.6640625,256,256,65536,0,,,,,,,,,,,,,,,
1789570043172,"Windows x64","MSVC195136257","Intel64 Family 6 Model 142 Stepping 12, GenuineIntel",8,12345,256,4,12,1,16,volatile_first_last_byte,batch,256,System,1,1,1024,2048,130500,127.44140625,256,256,65536,0,,,,,,,,,,,,,,,
1789570043172,"Windows x64","MSVC195136257","Intel64 Family 6 Model 142 Stepping 12, GenuineIntel",8,12345,256,4,12,1,16,volatile_first_last_byte,batch,256,System,2,3,1024,2048,149300,145.80078125,256,256,65536,0,,,,,,,,,,,,,,,
1789570043172,"Windows x64","MSVC195136257","Intel64 Family 6 Model 142 Stepping 12, GenuineIntel",8,12345,256,4,12,1,16,volatile_first_last_byte,batch,256,System,3,2,1024,2048,131400,128.3203125,256,256,65536,0,,,,,,,,,,,,,,,
1789570043172,"Windows x64","MSVC195136257","Intel64 Family 6 Model 142 Stepping 12, GenuineIntel",8,12345,256,4,12,1,16,volatile_first_last_byte,batch,256,System,4,1,1024,2048,123100,120.21484375,256,256,65536,0,,,,,,,,,,,,,,,
1789570043172,"Windows x64","MSVC195136257","Intel64 Family 6 Model 142 Stepping 12, GenuineIntel",8,12345,256,4,12,1,16,volatile_first_last_byte,batch,256,System,5,3,1024,2048,150200,146.6796875,256,256,65536,0,,,,,,,,,,,,,,,
1789570043172,"Windows x64","MSVC195136257","Intel64 Family 6 Model 142 Stepping 12, GenuineIntel",8,12345,256,4,12,1,16,volatile_first_last_byte,batch,256,System,6,2,1024,2048,123000,120.1171875,256,256,65536,0,,,,,,,,,,,,,,,
1789570043172,"Windows x64","MSVC195136257","Intel64 Family 6 Model 142 Stepping 12, GenuineIntel",8,12345,256,4,12,1,16,volatile_first_last_byte,batch,256,System,7,1,1024,2048,125400,122.4609375,256,256,65536,0,,,,,,,,,,,,,,,
1789570043172,"Windows x64","MSVC195136257","Intel64 Family 6 Model 142 Stepping 12, GenuineIntel",8,12345,256,4,12,1,16,volatile_first_last_byte,batch,256,System,8,3,1024,2048,150800,147.265625,256,256,65536,0,,,,,,,,,,,,,,,
1789570043172,"Windows x64","MSVC195136257","Intel64 Family 6 Model 142 Stepping 12, GenuineIntel",8,12345,256,4,12,1,16,volatile_first_last_byte,batch,256,System,9,2,1024,2048,130200,127.1484375,256,256,65536,0,,,,,,,,,,,,,,,
1789570043172,"Windows x64","MSVC195136257","Intel64 Family 6 Model 142 Stepping 12, GenuineIntel",8,12345,256,4,12,1,16,volatile_first_last_byte,batch,256,System,10,1,1024,2048,122900,120.01953125,256,256,65536,0,,,,,,,,,,,,,,,
1789570043172,"Windows x64","MSVC195136257","Intel64 Family 6 Model 142 Stepping 12, GenuineIntel",8,12345,256,4,12,1,16,volatile_first_last_byte,batch,256,System,11,3,1024,2048,150700,147.16796875,256,256,65536,0,,,,,,,,,,,,,,,
1789570043172,"Windows x64","MSVC195136257","Intel64 Family 6 Model 142 Stepping 12, GenuineIntel",8,12345,256,4,12,1,16,volatile_first_last_byte,batch,256,System,12,2,1024,2048,123000,120.1171875,256,256,65536,0,,,,,,,,,,,,,,,
1789570043172,"Windows x64","MSVC195136257","Intel64 Family 6 Model 142 Stepping 12, GenuineIntel",8,12345,256,4,12,1,16,volatile_first_last_byte,batch,256,Binned,1,2,1024,2048,169700,165.72265625,256,256,65536,1,256,65536,65536,65536,4096,1,0,0,0,0,0,0,0,0,8
1789570043172,"Windows x64","MSVC195136257","Intel64 Family 6 Model 142 Stepping 12, GenuineIntel",8,12345,256,4,12,1,16,volatile_first_last_byte,batch,256,Binned,2,1,1024,2048,167700,163.76953125,256,256,65536,1,256,65536,65536,65536,4096,1,0,0,0,0,0,0,0,0,8
1789570043172,"Windows x64","MSVC195136257","Intel64 Family 6 Model 142 Stepping 12, GenuineIntel",8,12345,256,4,12,1,16,volatile_first_last_byte,batch,256,Binned,3,1,1024,2048,176300,172.16796875,256,256,65536,1,256,65536,65536,65536,4096,1,0,0,0,0,0,0,0,0,8
1789570043172,"Windows x64","MSVC195136257","Intel64 Family 6 Model 142 Stepping 12, GenuineIntel",8,12345,256,4,12,1,16,volatile_first_last_byte,batch,256,Binned,4,3,1024,2048,165800,161.9140625,256,256,65536,1,256,65536,65536,65536,4096,1,0,0,0,0,0,0,0,0,8
1789570043172,"Windows x64","MSVC195136257","Intel64 Family 6 Model 142 Stepping 12, GenuineIntel",8,12345,256,4,12,1,16,volatile_first_last_byte,batch,256,Binned,5,2,1024,2048,165900,162.01171875,256,256,65536,1,256,65536,65536,65536,4096,1,0,0,0,0,0,0,0,0,8
1789570043172,"Windows x64","MSVC195136257","Intel64 Family 6 Model 142 Stepping 12, GenuineIntel",8,12345,256,4,12,1,16,volatile_first_last_byte,batch,256,Binned,6,3,1024,2048,166100,162.20703125,256,256,65536,1,256,65536,65536,65536,4096,1,0,0,0,0,0,0,0,0,8
1789570043172,"Windows x64","MSVC195136257","Intel64 Family 6 Model 142 Stepping 12, GenuineIntel",8,12345,256,4,12,1,16,volatile_first_last_byte,batch,256,Binned,7,2,1024,2048,165300,161.42578125,256,256,65536,1,256,65536,65536,65536,4096,1,0,0,0,0,0,0,0,0,8
1789570043172,"Windows x64","MSVC195136257","Intel64 Family 6 Model 142 Stepping 12, GenuineIntel",8,12345,256,4,12,1,16,volatile_first_last_byte,batch,256,Binned,8,1,1024,2048,172300,168.26171875,256,256,65536,1,256,65536,65536,65536,4096,1,0,0,0,0,0,0,0,0,8
1789570043172,"Windows x64","MSVC195136257","Intel64 Family 6 Model 142 Stepping 12, GenuineIntel",8,12345,256,4,12,1,16,volatile_first_last_byte,batch,256,Binned,9,1,1024,2048,166000,162.109375,256,256,65536,1,256,65536,65536,65536,4096,1,0,0,0,0,0,0,0,0,8
1789570043172,"Windows x64","MSVC195136257","Intel64 Family 6 Model 142 Stepping 12, GenuineIntel",8,12345,256,4,12,1,16,volatile_first_last_byte,batch,256,Binned,10,3,1024,2048,163700,159.86328125,256,256,65536,1,256,65536,65536,65536,4096,1,0,0,0,0,0,0,0,0,8
1789570043172,"Windows x64","MSVC195136257","Intel64 Family 6 Model 142 Stepping 12, GenuineIntel",8,12345,256,4,12,1,16,volatile_first_last_byte,batch,256,Binned,11,2,1024,2048,163100,159.27734375,256,256,65536,1,256,65536,65536,65536,4096,1,0,0,0,0,0,0,0,0,8
1789570043172,"Windows x64","MSVC195136257","Intel64 Family 6 Model 142 Stepping 12, GenuineIntel",8,12345,256,4,12,1,16,volatile_first_last_byte,batch,256,Binned,12,3,1024,2048,166600,162.6953125,256,256,65536,1,256,65536,65536,65536,4096,1,0,0,0,0,0,0,0,0,8
1789570043172,"Windows x64","MSVC195136257","Intel64 Family 6 Model 142 Stepping 12, GenuineIntel",8,12345,256,4,12,1,16,volatile_first_last_byte,immediate,1024,CRT,1,2,1024,2048,61000,59.5703125,1,1,1024,0,,,,,,,,,,,,,,,
1789570043172,"Windows x64","MSVC195136257","Intel64 Family 6 Model 142 Stepping 12, GenuineIntel",8,12345,256,4,12,1,16,volatile_first_last_byte,immediate,1024,CRT,2,3,1024,2048,59700,58.30078125,1,1,1024,0,,,,,,,,,,,,,,,
1789570043172,"Windows x64","MSVC195136257","Intel64 Family 6 Model 142 Stepping 12, GenuineIntel",8,12345,256,4,12,1,16,volatile_first_last_byte,immediate,1024,CRT,3,2,1024,2048,59000,57.6171875,1,1,1024,0,,,,,,,,,,,,,,,
1789570043172,"Windows x64","MSVC195136257","Intel64 Family 6 Model 142 Stepping 12, GenuineIntel",8,12345,256,4,12,1,16,volatile_first_last_byte,immediate,1024,CRT,4,1,1024,2048,60500,59.08203125,1,1,1024,0,,,,,,,,,,,,,,,
1789570043172,"Windows x64","MSVC195136257","Intel64 Family 6 Model 142 Stepping 12, GenuineIntel",8,12345,256,4,12,1,16,volatile_first_last_byte,immediate,1024,CRT,5,1,1024,2048,59900,58.49609375,1,1,1024,0,,,,,,,,,,,,,,,
1789570043172,"Windows x64","MSVC195136257","Intel64 Family 6 Model 142 Stepping 12, GenuineIntel",8,12345,256,4,12,1,16,volatile_first_last_byte,immediate,1024,CRT,6,3,1024,2048,62900,61.42578125,1,1,1024,0,,,,,,,,,,,,,,,
1789570043172,"Windows x64","MSVC195136257","Intel64 Family 6 Model 142 Stepping 12, GenuineIntel",8,12345,256,4,12,1,16,volatile_first_last_byte,immediate,1024,CRT,7,2,1024,2048,99700,97.36328125,1,1,1024,0,,,,,,,,,,,,,,,
1789570043172,"Windows x64","MSVC195136257","Intel64 Family 6 Model 142 Stepping 12, GenuineIntel",8,12345,256,4,12,1,16,volatile_first_last_byte,immediate,1024,CRT,8,3,1024,2048,72300,70.60546875,1,1,1024,0,,,,,,,,,,,,,,,
1789570043172,"Windows x64","MSVC195136257","Intel64 Family 6 Model 142 Stepping 12, GenuineIntel",8,12345,256,4,12,1,16,volatile_first_last_byte,immediate,1024,CRT,9,2,1024,2048,61100,59.66796875,1,1,1024,0,,,,,,,,,,,,,,,
1789570043172,"Windows x64","MSVC195136257","Intel64 Family 6 Model 142 Stepping 12, GenuineIntel",8,12345,256,4,12,1,16,volatile_first_last_byte,immediate,1024,CRT,10,1,1024,2048,63900,62.40234375,1,1,1024,0,,,,,,,,,,,,,,,
1789570043172,"Windows x64","MSVC195136257","Intel64 Family 6 Model 142 Stepping 12, GenuineIntel",8,12345,256,4,12,1,16,volatile_first_last_byte,immediate,1024,CRT,11,1,1024,2048,61700,60.25390625,1,1,1024,0,,,,,,,,,,,,,,,
1789570043172,"Windows x64","MSVC195136257","Intel64 Family 6 Model 142 Stepping 12, GenuineIntel",8,12345,256,4,12,1,16,volatile_first_last_byte,immediate,1024,CRT,12,3,1024,2048,63500,62.01171875,1,1,1024,0,,,,,,,,,,,,,,,
1789570043172,"Windows x64","MSVC195136257","Intel64 Family 6 Model 142 Stepping 12, GenuineIntel",8,12345,256,4,12,1,16,volatile_first_last_byte,immediate,1024,System,1,3,1024,2048,63700,62.20703125,1,1,1024,0,,,,,,,,,,,,,,,
1789570043172,"Windows x64","MSVC195136257","Intel64 Family 6 Model 142 Stepping 12, GenuineIntel",8,12345,256,4,12,1,16,volatile_first_last_byte,immediate,1024,System,2,2,1024,2048,66200,64.6484375,1,1,1024,0,,,,,,,,,,,,,,,
1789570043172,"Windows x64","MSVC195136257","Intel64 Family 6 Model 142 Stepping 12, GenuineIntel",8,12345,256,4,12,1,16,volatile_first_last_byte,immediate,1024,System,3,1,1024,2048,62900,61.42578125,1,1,1024,0,,,,,,,,,,,,,,,
1789570043172,"Windows x64","MSVC195136257","Intel64 Family 6 Model 142 Stepping 12, GenuineIntel",8,12345,256,4,12,1,16,volatile_first_last_byte,immediate,1024,System,4,3,1024,2048,65800,64.2578125,1,1,1024,0,,,,,,,,,,,,,,,
1789570043172,"Windows x64","MSVC195136257","Intel64 Family 6 Model 142 Stepping 12, GenuineIntel",8,12345,256,4,12,1,16,volatile_first_last_byte,immediate,1024,System,5,2,1024,2048,63600,62.109375,1,1,1024,0,,,,,,,,,,,,,,,
1789570043172,"Windows x64","MSVC195136257","Intel64 Family 6 Model 142 Stepping 12, GenuineIntel",8,12345,256,4,12,1,16,volatile_first_last_byte,immediate,1024,System,6,1,1024,2048,64900,63.37890625,1,1,1024,0,,,,,,,,,,,,,,,
1789570043172,"Windows x64","MSVC195136257","Intel64 Family 6 Model 142 Stepping 12, GenuineIntel",8,12345,256,4,12,1,16,volatile_first_last_byte,immediate,1024,System,7,3,1024,2048,112700,110.05859375,1,1,1024,0,,,,,,,,,,,,,,,
1789570043172,"Windows x64","MSVC195136257","Intel64 Family 6 Model 142 Stepping 12, GenuineIntel",8,12345,256,4,12,1,16,volatile_first_last_byte,immediate,1024,System,8,2,1024,2048,86300,84.27734375,1,1,1024,0,,,,,,,,,,,,,,,
1789570043172,"Windows x64","MSVC195136257","Intel64 Family 6 Model 142 Stepping 12, GenuineIntel",8,12345,256,4,12,1,16,volatile_first_last_byte,immediate,1024,System,9,1,1024,2048,65600,64.0625,1,1,1024,0,,,,,,,,,,,,,,,
1789570043172,"Windows x64","MSVC195136257","Intel64 Family 6 Model 142 Stepping 12, GenuineIntel",8,12345,256,4,12,1,16,volatile_first_last_byte,immediate,1024,System,10,3,1024,2048,68300,66.69921875,1,1,1024,0,,,,,,,,,,,,,,,
1789570043172,"Windows x64","MSVC195136257","Intel64 Family 6 Model 142 Stepping 12, GenuineIntel",8,12345,256,4,12,1,16,volatile_first_last_byte,immediate,1024,System,11,2,1024,2048,66000,64.453125,1,1,1024,0,,,,,,,,,,,,,,,
1789570043172,"Windows x64","MSVC195136257","Intel64 Family 6 Model 142 Stepping 12, GenuineIntel",8,12345,256,4,12,1,16,volatile_first_last_byte,immediate,1024,System,12,1,1024,2048,67300,65.72265625,1,1,1024,0,,,,,,,,,,,,,,,
1789570043172,"Windows x64","MSVC195136257","Intel64 Family 6 Model 142 Stepping 12, GenuineIntel",8,12345,256,4,12,1,16,volatile_first_last_byte,immediate,1024,Binned,1,1,1024,2048,7662500,7482.91015625,1,1,1024,1,1,1024,1024,65536,4096,1,0,0,0,0,0,0,0,0,2048
1789570043172,"Windows x64","MSVC195136257","Intel64 Family 6 Model 142 Stepping 12, GenuineIntel",8,12345,256,4,12,1,16,volatile_first_last_byte,immediate,1024,Binned,2,1,1024,2048,8164200,7972.8515625,1,1,1024,1,1,1024,1024,65536,4096,1,0,0,0,0,0,0,0,0,2048
1789570043172,"Windows x64","MSVC195136257","Intel64 Family 6 Model 142 Stepping 12, GenuineIntel",8,12345,256,4,12,1,16,volatile_first_last_byte,immediate,1024,Binned,3,3,1024,2048,7647100,7467.87109375,1,1,1024,1,1,1024,1024,65536,4096,1,0,0,0,0,0,0,0,0,2048
1789570043172,"Windows x64","MSVC195136257","Intel64 Family 6 Model 142 Stepping 12, GenuineIntel",8,12345,256,4,12,1,16,volatile_first_last_byte,immediate,1024,Binned,4,2,1024,2048,8107700,7917.67578125,1,1,1024,1,1,1024,1024,65536,4096,1,0,0,0,0,0,0,0,0,2048
1789570043172,"Windows x64","MSVC195136257","Intel64 Family 6 Model 142 Stepping 12, GenuineIntel",8,12345,256,4,12,1,16,volatile_first_last_byte,immediate,1024,Binned,5,3,1024,2048,7730200,7549.0234375,1,1,1024,1,1,1024,1024,65536,4096,1,0,0,0,0,0,0,0,0,2048
1789570043172,"Windows x64","MSVC195136257","Intel64 Family 6 Model 142 Stepping 12, GenuineIntel",8,12345,256,4,12,1,16,volatile_first_last_byte,immediate,1024,Binned,6,2,1024,2048,7869200,7684.765625,1,1,1024,1,1,1024,1024,65536,4096,1,0,0,0,0,0,0,0,0,2048
1789570043172,"Windows x64","MSVC195136257","Intel64 Family 6 Model 142 Stepping 12, GenuineIntel",8,12345,256,4,12,1,16,volatile_first_last_byte,immediate,1024,Binned,7,1,1024,2048,7966100,7779.39453125,1,1,1024,1,1,1024,1024,65536,4096,1,0,0,0,0,0,0,0,0,2048
1789570043172,"Windows x64","MSVC195136257","Intel64 Family 6 Model 142 Stepping 12, GenuineIntel",8,12345,256,4,12,1,16,volatile_first_last_byte,immediate,1024,Binned,8,1,1024,2048,9843800,9613.0859375,1,1,1024,1,1,1024,1024,65536,4096,1,0,0,0,0,0,0,0,0,2048
1789570043172,"Windows x64","MSVC195136257","Intel64 Family 6 Model 142 Stepping 12, GenuineIntel",8,12345,256,4,12,1,16,volatile_first_last_byte,immediate,1024,Binned,9,3,1024,2048,9207000,8991.2109375,1,1,1024,1,1,1024,1024,65536,4096,1,0,0,0,0,0,0,0,0,2048
1789570043172,"Windows x64","MSVC195136257","Intel64 Family 6 Model 142 Stepping 12, GenuineIntel",8,12345,256,4,12,1,16,volatile_first_last_byte,immediate,1024,Binned,10,2,1024,2048,9338600,9119.7265625,1,1,1024,1,1,1024,1024,65536,4096,1,0,0,0,0,0,0,0,0,2048
1789570043172,"Windows x64","MSVC195136257","Intel64 Family 6 Model 142 Stepping 12, GenuineIntel",8,12345,256,4,12,1,16,volatile_first_last_byte,immediate,1024,Binned,11,3,1024,2048,8498500,8299.31640625,1,1,1024,1,1,1024,1024,65536,4096,1,0,0,0,0,0,0,0,0,2048
1789570043172,"Windows x64","MSVC195136257","Intel64 Family 6 Model 142 Stepping 12, GenuineIntel",8,12345,256,4,12,1,16,volatile_first_last_byte,immediate,1024,Binned,12,2,1024,2048,8076800,7887.5,1,1,1024,1,1,1024,1024,65536,4096,1,0,0,0,0,0,0,0,0,2048
1789570043172,"Windows x64","MSVC195136257","Intel64 Family 6 Model 142 Stepping 12, GenuineIntel",8,12345,256,4,12,1,16,volatile_first_last_byte,batch,1024,CRT,1,3,1024,2048,256400,250.390625,256,256,262144,0,,,,,,,,,,,,,,,
1789570043172,"Windows x64","MSVC195136257","Intel64 Family 6 Model 142 Stepping 12, GenuineIntel",8,12345,256,4,12,1,16,volatile_first_last_byte,batch,1024,CRT,2,2,1024,2048,178200,174.0234375,256,256,262144,0,,,,,,,,,,,,,,,
1789570043172,"Windows x64","MSVC195136257","Intel64 Family 6 Model 142 Stepping 12, GenuineIntel",8,12345,256,4,12,1,16,volatile_first_last_byte,batch,1024,CRT,3,1,1024,2048,237700,232.12890625,256,256,262144,0,,,,,,,,,,,,,,,
1789570043172,"Windows x64","MSVC195136257","Intel64 Family 6 Model 142 Stepping 12, GenuineIntel",8,12345,256,4,12,1,16,volatile_first_last_byte,batch,1024,CRT,4,1,1024,2048,283400,276.7578125,256,256,262144,0,,,,,,,,,,,,,,,
1789570043172,"Windows x64","MSVC195136257","Intel64 Family 6 Model 142 Stepping 12, GenuineIntel",8,12345,256,4,12,1,16,volatile_first_last_byte,batch,1024,CRT,5,3,1024,2048,201300,196.58203125,256,256,262144,0,,,,,,,,,,,,,,,
1789570043172,"Windows x64","MSVC195136257","Intel64 Family 6 Model 142 Stepping 12, GenuineIntel",8,12345,256,4,12,1,16,volatile_first_last_byte,batch,1024,CRT,6,2,1024,2048,476000,464.84375,256,256,262144,0,,,,,,,,,,,,,,,
1789570043172,"Windows x64","MSVC195136257","Intel64 Family 6 Model 142 Stepping 12, GenuineIntel",8,12345,256,4,12,1,16,volatile_first_last_byte,batch,1024,CRT,7,3,1024,2048,294400,287.5,256,256,262144,0,,,,,,,,,,,,,,,
1789570043172,"Windows x64","MSVC195136257","Intel64 Family 6 Model 142 Stepping 12, GenuineIntel",8,12345,256,4,12,1,16,volatile_first_last_byte,batch,1024,CRT,8,2,1024,2048,346100,337.98828125,256,256,262144,0,,,,,,,,,,,,,,,
1789570043172,"Windows x64","MSVC195136257","Intel64 Family 6 Model 142 Stepping 12, GenuineIntel",8,12345,256,4,12,1,16,volatile_first_last_byte,batch,1024,CRT,9,1,1024,2048,356600,348.2421875,256,256,262144,0,,,,,,,,,,,,,,,
1789570043172,"Windows x64","MSVC195136257","Intel64 Family 6 Model 142 Stepping 12, GenuineIntel",8,12345,256,4,12,1,16,volatile_first_last_byte,batch,1024,CRT,10,1,1024,2048,344400,336.328125,256,256,262144,0,,,,,,,,,,,,,,,
1789570043172,"Windows x64","MSVC195136257","Intel64 Family 6 Model 142 Stepping 12, GenuineIntel",8,12345,256,4,12,1,16,volatile_first_last_byte,batch,1024,CRT,11,3,1024,2048,266200,259.9609375,256,256,262144,0,,,,,,,,,,,,,,,
1789570043172,"Windows x64","MSVC195136257","Intel64 Family 6 Model 142 Stepping 12, GenuineIntel",8,12345,256,4,12,1,16,volatile_first_last_byte,batch,1024,CRT,12,2,1024,2048,364800,356.25,256,256,262144,0,,,,,,,,,,,,,,,
1789570043172,"Windows x64","MSVC195136257","Intel64 Family 6 Model 142 Stepping 12, GenuineIntel",8,12345,256,4,12,1,16,volatile_first_last_byte,batch,1024,System,1,2,1024,2048,442800,432.421875,256,256,262144,0,,,,,,,,,,,,,,,
1789570043172,"Windows x64","MSVC195136257","Intel64 Family 6 Model 142 Stepping 12, GenuineIntel",8,12345,256,4,12,1,16,volatile_first_last_byte,batch,1024,System,2,1,1024,2048,318400,310.9375,256,256,262144,0,,,,,,,,,,,,,,,
1789570043172,"Windows x64","MSVC195136257","Intel64 Family 6 Model 142 Stepping 12, GenuineIntel",8,12345,256,4,12,1,16,volatile_first_last_byte,batch,1024,System,3,3,1024,2048,440900,430.56640625,256,256,262144,0,,,,,,,,,,,,,,,
1789570043172,"Windows x64","MSVC195136257","Intel64 Family 6 Model 142 Stepping 12, GenuineIntel",8,12345,256,4,12,1,16,volatile_first_last_byte,batch,1024,System,4,2,1024,2048,430800,420.703125,256,256,262144,0,,,,,,,,,,,,,,,
1789570043172,"Windows x64","MSVC195136257","Intel64 Family 6 Model 142 Stepping 12, GenuineIntel",8,12345,256,4,12,1,16,volatile_first_last_byte,batch,1024,System,5,1,1024,2048,422700,412.79296875,256,256,262144,0,,,,,,,,,,,,,,,
1789570043172,"Windows x64","MSVC195136257","Intel64 Family 6 Model 142 Stepping 12, GenuineIntel",8,12345,256,4,12,1,16,volatile_first_last_byte,batch,1024,System,6,3,1024,2048,558000,544.921875,256,256,262144,0,,,,,,,,,,,,,,,
1789570043172,"Windows x64","MSVC195136257","Intel64 Family 6 Model 142 Stepping 12, GenuineIntel",8,12345,256,4,12,1,16,volatile_first_last_byte,batch,1024,System,7,2,1024,2048,370800,362.109375,256,256,262144,0,,,,,,,,,,,,,,,
1789570043172,"Windows x64","MSVC195136257","Intel64 Family 6 Model 142 Stepping 12, GenuineIntel",8,12345,256,4,12,1,16,volatile_first_last_byte,batch,1024,System,8,1,1024,2048,435300,425.09765625,256,256,262144,0,,,,,,,,,,,,,,,
1789570043172,"Windows x64","MSVC195136257","Intel64 Family 6 Model 142 Stepping 12, GenuineIntel",8,12345,256,4,12,1,16,volatile_first_last_byte,batch,1024,System,9,3,1024,2048,473100,462.01171875,256,256,262144,0,,,,,,,,,,,,,,,
1789570043172,"Windows x64","MSVC195136257","Intel64 Family 6 Model 142 Stepping 12, GenuineIntel",8,12345,256,4,12,1,16,volatile_first_last_byte,batch,1024,System,10,2,1024,2048,480300,469.04296875,256,256,262144,0,,,,,,,,,,,,,,,
1789570043172,"Windows x64","MSVC195136257","Intel64 Family 6 Model 142 Stepping 12, GenuineIntel",8,12345,256,4,12,1,16,volatile_first_last_byte,batch,1024,System,11,1,1024,2048,350700,342.48046875,256,256,262144,0,,,,,,,,,,,,,,,
1789570043172,"Windows x64","MSVC195136257","Intel64 Family 6 Model 142 Stepping 12, GenuineIntel",8,12345,256,4,12,1,16,volatile_first_last_byte,batch,1024,System,12,3,1024,2048,393900,384.66796875,256,256,262144,0,,,,,,,,,,,,,,,
1789570043172,"Windows x64","MSVC195136257","Intel64 Family 6 Model 142 Stepping 12, GenuineIntel",8,12345,256,4,12,1,16,volatile_first_last_byte,batch,1024,Binned,1,1,1024,2048,532300,519.82421875,256,256,262144,1,256,262144,262144,262144,16384,4,0,0,0,0,0,0,0,0,32
1789570043172,"Windows x64","MSVC195136257","Intel64 Family 6 Model 142 Stepping 12, GenuineIntel",8,12345,256,4,12,1,16,volatile_first_last_byte,batch,1024,Binned,2,3,1024,2048,517500,505.37109375,256,256,262144,1,256,262144,262144,262144,16384,4,0,0,0,0,0,0,0,0,32
1789570043172,"Windows x64","MSVC195136257","Intel64 Family 6 Model 142 Stepping 12, GenuineIntel",8,12345,256,4,12,1,16,volatile_first_last_byte,batch,1024,Binned,3,2,1024,2048,520400,508.203125,256,256,262144,1,256,262144,262144,262144,16384,4,0,0,0,0,0,0,0,0,32
1789570043172,"Windows x64","MSVC195136257","Intel64 Family 6 Model 142 Stepping 12, GenuineIntel",8,12345,256,4,12,1,16,volatile_first_last_byte,batch,1024,Binned,4,3,1024,2048,516000,503.90625,256,256,262144,1,256,262144,262144,262144,16384,4,0,0,0,0,0,0,0,0,32
1789570043172,"Windows x64","MSVC195136257","Intel64 Family 6 Model 142 Stepping 12, GenuineIntel",8,12345,256,4,12,1,16,volatile_first_last_byte,batch,1024,Binned,5,2,1024,2048,524400,512.109375,256,256,262144,1,256,262144,262144,262144,16384,4,0,0,0,0,0,0,0,0,32
1789570043172,"Windows x64","MSVC195136257","Intel64 Family 6 Model 142 Stepping 12, GenuineIntel",8,12345,256,4,12,1,16,volatile_first_last_byte,batch,1024,Binned,6,1,1024,2048,715800,699.0234375,256,256,262144,1,256,262144,262144,262144,16384,4,0,0,0,0,0,0,0,0,32
1789570043172,"Windows x64","MSVC195136257","Intel64 Family 6 Model 142 Stepping 12, GenuineIntel",8,12345,256,4,12,1,16,volatile_first_last_byte,batch,1024,Binned,7,1,1024,2048,558100,545.01953125,256,256,262144,1,256,262144,262144,262144,16384,4,0,0,0,0,0,0,0,0,32
1789570043172,"Windows x64","MSVC195136257","Intel64 Family 6 Model 142 Stepping 12, GenuineIntel",8,12345,256,4,12,1,16,volatile_first_last_byte,batch,1024,Binned,8,3,1024,2048,517600,505.46875,256,256,262144,1,256,262144,262144,262144,16384,4,0,0,0,0,0,0,0,0,32
1789570043172,"Windows x64","MSVC195136257","Intel64 Family 6 Model 142 Stepping 12, GenuineIntel",8,12345,256,4,12,1,16,volatile_first_last_byte,batch,1024,Binned,9,2,1024,2048,523300,511.03515625,256,256,262144,1,256,262144,262144,262144,16384,4,0,0,0,0,0,0,0,0,32
1789570043172,"Windows x64","MSVC195136257","Intel64 Family 6 Model 142 Stepping 12, GenuineIntel",8,12345,256,4,12,1,16,volatile_first_last_byte,batch,1024,Binned,10,3,1024,2048,528100,515.72265625,256,256,262144,1,256,262144,262144,262144,16384,4,0,0,0,0,0,0,0,0,32
1789570043172,"Windows x64","MSVC195136257","Intel64 Family 6 Model 142 Stepping 12, GenuineIntel",8,12345,256,4,12,1,16,volatile_first_last_byte,batch,1024,Binned,11,2,1024,2048,519200,507.03125,256,256,262144,1,256,262144,262144,262144,16384,4,0,0,0,0,0,0,0,0,32
1789570043172,"Windows x64","MSVC195136257","Intel64 Family 6 Model 142 Stepping 12, GenuineIntel",8,12345,256,4,12,1,16,volatile_first_last_byte,batch,1024,Binned,12,1,1024,2048,511300,499.31640625,256,256,262144,1,256,262144,262144,262144,16384,4,0,0,0,0,0,0,0,0,32
1789570043172,"Windows x64","MSVC195136257","Intel64 Family 6 Model 142 Stepping 12, GenuineIntel",8,12345,256,4,12,1,16,volatile_first_last_byte,immediate,4096,CRT,1,2,1024,2048,61300,59.86328125,1,1,4096,0,,,,,,,,,,,,,,,
1789570043172,"Windows x64","MSVC195136257","Intel64 Family 6 Model 142 Stepping 12, GenuineIntel",8,12345,256,4,12,1,16,volatile_first_last_byte,immediate,4096,CRT,2,1,1024,2048,60500,59.08203125,1,1,4096,0,,,,,,,,,,,,,,,
1789570043172,"Windows x64","MSVC195136257","Intel64 Family 6 Model 142 Stepping 12, GenuineIntel",8,12345,256,4,12,1,16,volatile_first_last_byte,immediate,4096,CRT,3,1,1024,2048,60800,59.375,1,1,4096,0,,,,,,,,,,,,,,,
1789570043172,"Windows x64","MSVC195136257","Intel64 Family 6 Model 142 Stepping 12, GenuineIntel",8,12345,256,4,12,1,16,volatile_first_last_byte,immediate,4096,CRT,4,3,1024,2048,61500,60.05859375,1,1,4096,0,,,,,,,,,,,,,,,
1789570043172,"Windows x64","MSVC195136257","Intel64 Family 6 Model 142 Stepping 12, GenuineIntel",8,12345,256,4,12,1,16,volatile_first_last_byte,immediate,4096,CRT,5,2,1024,2048,62100,60.64453125,1,1,4096,0,,,,,,,,,,,,,,,
1789570043172,"Windows x64","MSVC195136257","Intel64 Family 6 Model 142 Stepping 12, GenuineIntel",8,12345,256,4,12,1,16,volatile_first_last_byte,immediate,4096,CRT,6,3,1024,2048,60300,58.88671875,1,1,4096,0,,,,,,,,,,,,,,,
1789570043172,"Windows x64","MSVC195136257","Intel64 Family 6 Model 142 Stepping 12, GenuineIntel",8,12345,256,4,12,1,16,volatile_first_last_byte,immediate,4096,CRT,7,2,1024,2048,59900,58.49609375,1,1,4096,0,,,,,,,,,,,,,,,
1789570043172,"Windows x64","MSVC195136257","Intel64 Family 6 Model 142 Stepping 12, GenuineIntel",8,12345,256,4,12,1,16,volatile_first_last_byte,immediate,4096,CRT,8,1,1024,2048,103000,100.5859375,1,1,4096,0,,,,,,,,,,,,,,,
1789570043172,"Windows x64","MSVC195136257","Intel64 Family 6 Model 142 Stepping 12, GenuineIntel",8,12345,256,4,12,1,16,volatile_first_last_byte,immediate,4096,CRT,9,1,1024,2048,60300,58.88671875,1,1,4096,0,,,,,,,,,,,,,,,
1789570043172,"Windows x64","MSVC195136257","Intel64 Family 6 Model 142 Stepping 12, GenuineIntel",8,12345,256,4,12,1,16,volatile_first_last_byte,immediate,4096,CRT,10,3,1024,2048,75800,74.0234375,1,1,4096,0,,,,,,,,,,,,,,,
1789570043172,"Windows x64","MSVC195136257","Intel64 Family 6 Model 142 Stepping 12, GenuineIntel",8,12345,256,4,12,1,16,volatile_first_last_byte,immediate,4096,CRT,11,2,1024,2048,62100,60.64453125,1,1,4096,0,,,,,,,,,,,,,,,
1789570043172,"Windows x64","MSVC195136257","Intel64 Family 6 Model 142 Stepping 12, GenuineIntel",8,12345,256,4,12,1,16,volatile_first_last_byte,immediate,4096,CRT,12,3,1024,2048,59900,58.49609375,1,1,4096,0,,,,,,,,,,,,,,,
1789570043172,"Windows x64","MSVC195136257","Intel64 Family 6 Model 142 Stepping 12, GenuineIntel",8,12345,256,4,12,1,16,volatile_first_last_byte,immediate,4096,System,1,1,1024,2048,71800,70.1171875,1,1,4096,0,,,,,,,,,,,,,,,
1789570043172,"Windows x64","MSVC195136257","Intel64 Family 6 Model 142 Stepping 12, GenuineIntel",8,12345,256,4,12,1,16,volatile_first_last_byte,immediate,4096,System,2,3,1024,2048,72100,70.41015625,1,1,4096,0,,,,,,,,,,,,,,,
1789570043172,"Windows x64","MSVC195136257","Intel64 Family 6 Model 142 Stepping 12, GenuineIntel",8,12345,256,4,12,1,16,volatile_first_last_byte,immediate,4096,System,3,2,1024,2048,70800,69.140625,1,1,4096,0,,,,,,,,,,,,,,,
1789570043172,"Windows x64","MSVC195136257","Intel64 Family 6 Model 142 Stepping 12, GenuineIntel",8,12345,256,4,12,1,16,volatile_first_last_byte,immediate,4096,System,4,1,1024,2048,73600,71.875,1,1,4096,0,,,,,,,,,,,,,,,
1789570043172,"Windows x64","MSVC195136257","Intel64 Family 6 Model 142 Stepping 12, GenuineIntel",8,12345,256,4,12,1,16,volatile_first_last_byte,immediate,4096,System,5,3,1024,2048,71400,69.7265625,1,1,4096,0,,,,,,,,,,,,,,,
1789570043172,"Windows x64","MSVC195136257","Intel64 Family 6 Model 142 Stepping 12, GenuineIntel",8,12345,256,4,12,1,16,volatile_first_last_byte,immediate,4096,System,6,2,1024,2048,72300,70.60546875,1,1,4096,0,,,,,,,,,,,,,,,
1789570043172,"Windows x64","MSVC195136257","Intel64 Family 6 Model 142 Stepping 12, GenuineIntel",8,12345,256,4,12,1,16,volatile_first_last_byte,immediate,4096,System,7,1,1024,2048,71100,69.43359375,1,1,4096,0,,,,,,,,,,,,,,,
1789570043172,"Windows x64","MSVC195136257","Intel64 Family 6 Model 142 Stepping 12, GenuineIntel",8,12345,256,4,12,1,16,volatile_first_last_byte,immediate,4096,System,8,3,1024,2048,72500,70.80078125,1,1,4096,0,,,,,,,,,,,,,,,
1789570043172,"Windows x64","MSVC195136257","Intel64 Family 6 Model 142 Stepping 12, GenuineIntel",8,12345,256,4,12,1,16,volatile_first_last_byte,immediate,4096,System,9,2,1024,2048,77200,75.390625,1,1,4096,0,,,,,,,,,,,,,,,
1789570043172,"Windows x64","MSVC195136257","Intel64 Family 6 Model 142 Stepping 12, GenuineIntel",8,12345,256,4,12,1,16,volatile_first_last_byte,immediate,4096,System,10,1,1024,2048,72100,70.41015625,1,1,4096,0,,,,,,,,,,,,,,,
1789570043172,"Windows x64","MSVC195136257","Intel64 Family 6 Model 142 Stepping 12, GenuineIntel",8,12345,256,4,12,1,16,volatile_first_last_byte,immediate,4096,System,11,3,1024,2048,71200,69.53125,1,1,4096,0,,,,,,,,,,,,,,,
1789570043172,"Windows x64","MSVC195136257","Intel64 Family 6 Model 142 Stepping 12, GenuineIntel",8,12345,256,4,12,1,16,volatile_first_last_byte,immediate,4096,System,12,2,1024,2048,71000,69.3359375,1,1,4096,0,,,,,,,,,,,,,,,
1789570043172,"Windows x64","MSVC195136257","Intel64 Family 6 Model 142 Stepping 12, GenuineIntel",8,12345,256,4,12,1,16,volatile_first_last_byte,immediate,4096,Binned,1,3,1024,2048,8572000,8371.09375,1,1,4096,1,1,4096,4096,65536,4096,1,0,0,0,0,0,0,0,0,2048
1789570043172,"Windows x64","MSVC195136257","Intel64 Family 6 Model 142 Stepping 12, GenuineIntel",8,12345,256,4,12,1,16,volatile_first_last_byte,immediate,4096,Binned,2,2,1024,2048,7902400,7717.1875,1,1,4096,1,1,4096,4096,65536,4096,1,0,0,0,0,0,0,0,0,2048
1789570043172,"Windows x64","MSVC195136257","Intel64 Family 6 Model 142 Stepping 12, GenuineIntel",8,12345,256,4,12,1,16,volatile_first_last_byte,immediate,4096,Binned,3,3,1024,2048,8448600,8250.5859375,1,1,4096,1,1,4096,4096,65536,4096,1,0,0,0,0,0,0,0,0,2048
1789570043172,"Windows x64","MSVC195136257","Intel64 Family 6 Model 142 Stepping 12, GenuineIntel",8,12345,256,4,12,1,16,volatile_first_last_byte,immediate,4096,Binned,4,2,1024,2048,8647800,8445.1171875,1,1,4096,1,1,4096,4096,65536,4096,1,0,0,0,0,0,0,0,0,2048
1789570043172,"Windows x64","MSVC195136257","Intel64 Family 6 Model 142 Stepping 12, GenuineIntel",8,12345,256,4,12,1,16,volatile_first_last_byte,immediate,4096,Binned,5,1,1024,2048,8122400,7932.03125,1,1,4096,1,1,4096,4096,65536,4096,1,0,0,0,0,0,0,0,0,2048
1789570043172,"Windows x64","MSVC195136257","Intel64 Family 6 Model 142 Stepping 12, GenuineIntel",8,12345,256,4,12,1,16,volatile_first_last_byte,immediate,4096,Binned,6,1,1024,2048,7837900,7654.19921875,1,1,4096,1,1,4096,4096,65536,4096,1,0,0,0,0,0,0,0,0,2048
1789570043172,"Windows x64","MSVC195136257","Intel64 Family 6 Model 142 Stepping 12, GenuineIntel",8,12345,256,4,12,1,16,volatile_first_last_byte,immediate,4096,Binned,7,3,1024,2048,8128200,7937.6953125,1,1,4096,1,1,4096,4096,65536,4096,1,0,0,0,0,0,0,0,0,2048
1789570043172,"Windows x64","MSVC195136257","Intel64 Family 6 Model 142 Stepping 12, GenuineIntel",8,12345,256,4,12,1,16,volatile_first_last_byte,immediate,4096,Binned,8,2,1024,2048,9892100,9660.25390625,1,1,4096,1,1,4096,4096,65536,4096,1,0,0,0,0,0,0,0,0,2048
1789570043172,"Windows x64","MSVC195136257","Intel64 Family 6 Model 142 Stepping 12, GenuineIntel",8,12345,256,4,12,1,16,volatile_first_last_byte,immediate,4096,Binned,9,3,1024,2048,7842200,7658.3984375,1,1,4096,1,1,4096,4096,65536,4096,1,0,0,0,0,0,0,0,0,2048
1789570043172,"Windows x64","MSVC195136257","Intel64 Family 6 Model 142 Stepping 12, GenuineIntel",8,12345,256,4,12,1,16,volatile_first_last_byte,immediate,4096,Binned,10,2,1024,2048,10013000,9778.3203125,1,1,4096,1,1,4096,4096,65536,4096,1,0,0,0,0,0,0,0,0,2048
1789570043172,"Windows x64","MSVC195136257","Intel64 Family 6 Model 142 Stepping 12, GenuineIntel",8,12345,256,4,12,1,16,volatile_first_last_byte,immediate,4096,Binned,11,1,1024,2048,8987000,8776.3671875,1,1,4096,1,1,4096,4096,65536,4096,1,0,0,0,0,0,0,0,0,2048
1789570043172,"Windows x64","MSVC195136257","Intel64 Family 6 Model 142 Stepping 12, GenuineIntel",8,12345,256,4,12,1,16,volatile_first_last_byte,immediate,4096,Binned,12,1,1024,2048,7908500,7723.14453125,1,1,4096,1,1,4096,4096,65536,4096,1,0,0,0,0,0,0,0,0,2048
1789570043172,"Windows x64","MSVC195136257","Intel64 Family 6 Model 142 Stepping 12, GenuineIntel",8,12345,256,4,12,1,16,volatile_first_last_byte,batch,4096,CRT,1,1,1024,2048,717300,700.48828125,256,256,1048576,0,,,,,,,,,,,,,,,
1789570043172,"Windows x64","MSVC195136257","Intel64 Family 6 Model 142 Stepping 12, GenuineIntel",8,12345,256,4,12,1,16,volatile_first_last_byte,batch,4096,CRT,2,1,1024,2048,828700,809.27734375,256,256,1048576,0,,,,,,,,,,,,,,,
1789570043172,"Windows x64","MSVC195136257","Intel64 Family 6 Model 142 Stepping 12, GenuineIntel",8,12345,256,4,12,1,16,volatile_first_last_byte,batch,4096,CRT,3,3,1024,2048,464200,453.3203125,256,256,1048576,0,,,,,,,,,,,,,,,
1789570043172,"Windows x64","MSVC195136257","Intel64 Family 6 Model 142 Stepping 12, GenuineIntel",8,12345,256,4,12,1,16,volatile_first_last_byte,batch,4096,CRT,4,2,1024,2048,548400,535.546875,256,256,1048576,0,,,,,,,,,,,,,,,
1789570043172,"Windows x64","MSVC195136257","Intel64 Family 6 Model 142 Stepping 12, GenuineIntel",8,12345,256,4,12,1,16,volatile_first_last_byte,batch,4096,CRT,5,3,1024,2048,712500,695.80078125,256,256,1048576,0,,,,,,,,,,,,,,,
1789570043172,"Windows x64","MSVC195136257","Intel64 Family 6 Model 142 Stepping 12, GenuineIntel",8,12345,256,4,12,1,16,volatile_first_last_byte,batch,4096,CRT,6,2,1024,2048,836500,816.89453125,256,256,1048576,0,,,,,,,,,,,,,,,
1789570043172,"Windows x64","MSVC195136257","Intel64 Family 6 Model 142 Stepping 12, GenuineIntel",8,12345,256,4,12,1,16,volatile_first_last_byte,batch,4096,CRT,7,1,1024,2048,332000,324.21875,256,256,1048576,0,,,,,,,,,,,,,,,
1789570043172,"Windows x64","MSVC195136257","Intel64 Family 6 Model 142 Stepping 12, GenuineIntel",8,12345,256,4,12,1,16,volatile_first_last_byte,batch,4096,CRT,8,1,1024,2048,782400,764.0625,256,256,1048576,0,,,,,,,,,,,,,,,
1789570043172,"Windows x64","MSVC195136257","Intel64 Family 6 Model 142 Stepping 12, GenuineIntel",8,12345,256,4,12,1,16,volatile_first_last_byte,batch,4096,CRT,9,3,1024,2048,786900,768.45703125,256,256,1048576,0,,,,,,,,,,,,,,,
1789570043172,"Windows x64","MSVC195136257","Intel64 Family 6 Model 142 Stepping 12, GenuineIntel",8,12345,256,4,12,1,16,volatile_first_last_byte,batch,4096,CRT,10,2,1024,2048,435000,424.8046875,256,256,1048576,0,,,,,,,,,,,,,,,
1789570043172,"Windows x64","MSVC195136257","Intel64 Family 6 Model 142 Stepping 12, GenuineIntel",8,12345,256,4,12,1,16,volatile_first_last_byte,batch,4096,CRT,11,3,1024,2048,779400,761.1328125,256,256,1048576,0,,,,,,,,,,,,,,,
1789570043172,"Windows x64","MSVC195136257","Intel64 Family 6 Model 142 Stepping 12, GenuineIntel",8,12345,256,4,12,1,16,volatile_first_last_byte,batch,4096,CRT,12,2,1024,2048,453000,442.3828125,256,256,1048576,0,,,,,,,,,,,,,,,
1789570043172,"Windows x64","MSVC195136257","Intel64 Family 6 Model 142 Stepping 12, GenuineIntel",8,12345,256,4,12,1,16,volatile_first_last_byte,batch,4096,System,1,3,1024,2048,119400,116.6015625,256,256,1048576,0,,,,,,,,,,,,,,,
1789570043172,"Windows x64","MSVC195136257","Intel64 Family 6 Model 142 Stepping 12, GenuineIntel",8,12345,256,4,12,1,16,volatile_first_last_byte,batch,4096,System,2,2,1024,2048,930400,908.59375,256,256,1048576,0,,,,,,,,,,,,,,,
1789570043172,"Windows x64","MSVC195136257","Intel64 Family 6 Model 142 Stepping 12, GenuineIntel",8,12345,256,4,12,1,16,volatile_first_last_byte,batch,4096,System,3,1,1024,2048,1111000,1084.9609375,256,256,1048576,0,,,,,,,,,,,,,,,
1789570043172,"Windows x64","MSVC195136257","Intel64 Family 6 Model 142 Stepping 12, GenuineIntel",8,12345,256,4,12,1,16,volatile_first_last_byte,batch,4096,System,4,3,1024,2048,868600,848.2421875,256,256,1048576,0,,,,,,,,,,,,,,,
1789570043172,"Windows x64","MSVC195136257","Intel64 Family 6 Model 142 Stepping 12, GenuineIntel",8,12345,256,4,12,1,16,volatile_first_last_byte,batch,4096,System,5,2,1024,2048,847400,827.5390625,256,256,1048576,0,,,,,,,,,,,,,,,
1789570043172,"Windows x64","MSVC195136257","Intel64 Family 6 Model 142 Stepping 12, GenuineIntel",8,12345,256,4,12,1,16,volatile_first_last_byte,batch,4096,System,6,1,1024,2048,896100,875.09765625,256,256,1048576,0,,,,,,,,,,,,,,,
1789570043172,"Windows x64","MSVC195136257","Intel64 Family 6 Model 142 Stepping 12, GenuineIntel",8,12345,256,4,12,1,16,volatile_first_last_byte,batch,4096,System,7,3,1024,2048,842900,823.14453125,256,256,1048576,0,,,,,,,,,,,,,,,
1789570043172,"Windows x64","MSVC195136257","Intel64 Family 6 Model 142 Stepping 12, GenuineIntel",8,12345,256,4,12,1,16,volatile_first_last_byte,batch,4096,System,8,2,1024,2048,1077400,1052.1484375,256,256,1048576,0,,,,,,,,,,,,,,,
1789570043172,"Windows x64","MSVC195136257","Intel64 Family 6 Model 142 Stepping 12, GenuineIntel",8,12345,256,4,12,1,16,volatile_first_last_byte,batch,4096,System,9,1,1024,2048,486300,474.90234375,256,256,1048576,0,,,,,,,,,,,,,,,
1789570043172,"Windows x64","MSVC195136257","Intel64 Family 6 Model 142 Stepping 12, GenuineIntel",8,12345,256,4,12,1,16,volatile_first_last_byte,batch,4096,System,10,3,1024,2048,843300,823.53515625,256,256,1048576,0,,,,,,,,,,,,,,,
1789570043172,"Windows x64","MSVC195136257","Intel64 Family 6 Model 142 Stepping 12, GenuineIntel",8,12345,256,4,12,1,16,volatile_first_last_byte,batch,4096,System,11,2,1024,2048,856100,836.03515625,256,256,1048576,0,,,,,,,,,,,,,,,
1789570043172,"Windows x64","MSVC195136257","Intel64 Family 6 Model 142 Stepping 12, GenuineIntel",8,12345,256,4,12,1,16,volatile_first_last_byte,batch,4096,System,12,1,1024,2048,1085200,1059.765625,256,256,1048576,0,,,,,,,,,,,,,,,
1789570043172,"Windows x64","MSVC195136257","Intel64 Family 6 Model 142 Stepping 12, GenuineIntel",8,12345,256,4,12,1,16,volatile_first_last_byte,batch,4096,Binned,1,2,1024,2048,2021500,1974.12109375,256,256,1048576,1,256,1048576,1048576,1048576,65536,16,0,0,0,0,0,0,0,0,128
1789570043172,"Windows x64","MSVC195136257","Intel64 Family 6 Model 142 Stepping 12, GenuineIntel",8,12345,256,4,12,1,16,volatile_first_last_byte,batch,4096,Binned,2,3,1024,2048,2092200,2043.1640625,256,256,1048576,1,256,1048576,1048576,1048576,65536,16,0,0,0,0,0,0,0,0,128
1789570043172,"Windows x64","MSVC195136257","Intel64 Family 6 Model 142 Stepping 12, GenuineIntel",8,12345,256,4,12,1,16,volatile_first_last_byte,batch,4096,Binned,3,2,1024,2048,2139000,2088.8671875,256,256,1048576,1,256,1048576,1048576,1048576,65536,16,0,0,0,0,0,0,0,0,128
1789570043172,"Windows x64","MSVC195136257","Intel64 Family 6 Model 142 Stepping 12, GenuineIntel",8,12345,256,4,12,1,16,volatile_first_last_byte,batch,4096,Binned,4,1,1024,2048,1949000,1903.3203125,256,256,1048576,1,256,1048576,1048576,1048576,65536,16,0,0,0,0,0,0,0,0,128
1789570043172,"Windows x64","MSVC195136257","Intel64 Family 6 Model 142 Stepping 12, GenuineIntel",8,12345,256,4,12,1,16,volatile_first_last_byte,batch,4096,Binned,5,1,1024,2048,1967400,1921.2890625,256,256,1048576,1,256,1048576,1048576,1048576,65536,16,0,0,0,0,0,0,0,0,128
1789570043172,"Windows x64","MSVC195136257","Intel64 Family 6 Model 142 Stepping 12, GenuineIntel",8,12345,256,4,12,1,16,volatile_first_last_byte,batch,4096,Binned,6,3,1024,2048,1927400,1882.2265625,256,256,1048576,1,256,1048576,1048576,1048576,65536,16,0,0,0,0,0,0,0,0,128
1789570043172,"Windows x64","MSVC195136257","Intel64 Family 6 Model 142 Stepping 12, GenuineIntel",8,12345,256,4,12,1,16,volatile_first_last_byte,batch,4096,Binned,7,2,1024,2048,1951400,1905.6640625,256,256,1048576,1,256,1048576,1048576,1048576,65536,16,0,0,0,0,0,0,0,0,128
1789570043172,"Windows x64","MSVC195136257","Intel64 Family 6 Model 142 Stepping 12, GenuineIntel",8,12345,256,4,12,1,16,volatile_first_last_byte,batch,4096,Binned,8,3,1024,2048,1951200,1905.46875,256,256,1048576,1,256,1048576,1048576,1048576,65536,16,0,0,0,0,0,0,0,0,128
1789570043172,"Windows x64","MSVC195136257","Intel64 Family 6 Model 142 Stepping 12, GenuineIntel",8,12345,256,4,12,1,16,volatile_first_last_byte,batch,4096,Binned,9,2,1024,2048,1994700,1947.94921875,256,256,1048576,1,256,1048576,1048576,1048576,65536,16,0,0,0,0,0,0,0,0,128
1789570043172,"Windows x64","MSVC195136257","Intel64 Family 6 Model 142 Stepping 12, GenuineIntel",8,12345,256,4,12,1,16,volatile_first_last_byte,batch,4096,Binned,10,1,1024,2048,1964900,1918.84765625,256,256,1048576,1,256,1048576,1048576,1048576,65536,16,0,0,0,0,0,0,0,0,128
1789570043172,"Windows x64","MSVC195136257","Intel64 Family 6 Model 142 Stepping 12, GenuineIntel",8,12345,256,4,12,1,16,volatile_first_last_byte,batch,4096,Binned,11,1,1024,2048,1948500,1902.83203125,256,256,1048576,1,256,1048576,1048576,1048576,65536,16,0,0,0,0,0,0,0,0,128
1789570043172,"Windows x64","MSVC195136257","Intel64 Family 6 Model 142 Stepping 12, GenuineIntel",8,12345,256,4,12,1,16,volatile_first_last_byte,batch,4096,Binned,12,3,1024,2048,1962700,1916.69921875,256,256,1048576,1,256,1048576,1048576,1048576,65536,16,0,0,0,0,0,0,0,0,128
1789570043172,"Windows x64","MSVC195136257","Intel64 Family 6 Model 142 Stepping 12, GenuineIntel",8,12345,256,4,12,1,16,volatile_first_last_byte,immediate,4097,CRT,1,1,1024,2048,62600,61.1328125,1,1,4097,0,,,,,,,,,,,,,,,
1789570043172,"Windows x64","MSVC195136257","Intel64 Family 6 Model 142 Stepping 12, GenuineIntel",8,12345,256,4,12,1,16,volatile_first_last_byte,immediate,4097,CRT,2,3,1024,2048,63800,62.3046875,1,1,4097,0,,,,,,,,,,,,,,,
1789570043172,"Windows x64","MSVC195136257","Intel64 Family 6 Model 142 Stepping 12, GenuineIntel",8,12345,256,4,12,1,16,volatile_first_last_byte,immediate,4097,CRT,3,2,1024,2048,61800,60.3515625,1,1,4097,0,,,,,,,,,,,,,,,
1789570043172,"Windows x64","MSVC195136257","Intel64 Family 6 Model 142 Stepping 12, GenuineIntel",8,12345,256,4,12,1,16,volatile_first_last_byte,immediate,4097,CRT,4,3,1024,2048,60700,59.27734375,1,1,4097,0,,,,,,,,,,,,,,,
1789570043172,"Windows x64","MSVC195136257","Intel64 Family 6 Model 142 Stepping 12, GenuineIntel",8,12345,256,4,12,1,16,volatile_first_last_byte,immediate,4097,CRT,5,2,1024,2048,60600,59.1796875,1,1,4097,0,,,,,,,,,,,,,,,
1789570043172,"Windows x64","MSVC195136257","Intel64 Family 6 Model 142 Stepping 12, GenuineIntel",8,12345,256,4,12,1,16,volatile_first_last_byte,immediate,4097,CRT,6,1,1024,2048,61600,60.15625,1,1,4097,0,,,,,,,,,,,,,,,
1789570043172,"Windows x64","MSVC195136257","Intel64 Family 6 Model 142 Stepping 12, GenuineIntel",8,12345,256,4,12,1,16,volatile_first_last_byte,immediate,4097,CRT,7,1,1024,2048,62300,60.83984375,1,1,4097,0,,,,,,,,,,,,,,,
1789570043172,"Windows x64","MSVC195136257","Intel64 Family 6 Model 142 Stepping 12, GenuineIntel",8,12345,256,4,12,1,16,volatile_first_last_byte,immediate,4097,CRT,8,3,1024,2048,62100,60.64453125,1,1,4097,0,,,,,,,,,,,,,,,
1789570043172,"Windows x64","MSVC195136257","Intel64 Family 6 Model 142 Stepping 12, GenuineIntel",8,12345,256,4,12,1,16,volatile_first_last_byte,immediate,4097,CRT,9,2,1024,2048,61500,60.05859375,1,1,4097,0,,,,,,,,,,,,,,,
1789570043172,"Windows x64","MSVC195136257","Intel64 Family 6 Model 142 Stepping 12, GenuineIntel",8,12345,256,4,12,1,16,volatile_first_last_byte,immediate,4097,CRT,10,3,1024,2048,60500,59.08203125,1,1,4097,0,,,,,,,,,,,,,,,
1789570043172,"Windows x64","MSVC195136257","Intel64 Family 6 Model 142 Stepping 12, GenuineIntel",8,12345,256,4,12,1,16,volatile_first_last_byte,immediate,4097,CRT,11,2,1024,2048,68100,66.50390625,1,1,4097,0,,,,,,,,,,,,,,,
1789570043172,"Windows x64","MSVC195136257","Intel64 Family 6 Model 142 Stepping 12, GenuineIntel",8,12345,256,4,12,1,16,volatile_first_last_byte,immediate,4097,CRT,12,1,1024,2048,68400,66.796875,1,1,4097,0,,,,,,,,,,,,,,,
1789570043172,"Windows x64","MSVC195136257","Intel64 Family 6 Model 142 Stepping 12, GenuineIntel",8,12345,256,4,12,1,16,volatile_first_last_byte,immediate,4097,System,1,2,1024,2048,70700,69.04296875,1,1,4097,0,,,,,,,,,,,,,,,
1789570043172,"Windows x64","MSVC195136257","Intel64 Family 6 Model 142 Stepping 12, GenuineIntel",8,12345,256,4,12,1,16,volatile_first_last_byte,immediate,4097,System,2,1,1024,2048,73100,71.38671875,1,1,4097,0,,,,,,,,,,,,,,,
1789570043172,"Windows x64","MSVC195136257","Intel64 Family 6 Model 142 Stepping 12, GenuineIntel",8,12345,256,4,12,1,16,volatile_first_last_byte,immediate,4097,System,3,3,1024,2048,71600,69.921875,1,1,4097,0,,,,,,,,,,,,,,,
1789570043172,"Windows x64","MSVC195136257","Intel64 Family 6 Model 142 Stepping 12, GenuineIntel",8,12345,256,4,12,1,16,volatile_first_last_byte,immediate,4097,System,4,2,1024,2048,80800,78.90625,1,1,4097,0,,,,,,,,,,,,,,,
1789570043172,"Windows x64","MSVC195136257","Intel64 Family 6 Model 142 Stepping 12, GenuineIntel",8,12345,256,4,12,1,16,volatile_first_last_byte,immediate,4097,System,5,1,1024,2048,70400,68.75,1,1,4097,0,,,,,,,,,,,,,,,
1789570043172,"Windows x64","MSVC195136257","Intel64 Family 6 Model 142 Stepping 12, GenuineIntel",8,12345,256,4,12,1,16,volatile_first_last_byte,immediate,4097,System,6,3,1024,2048,73200,71.484375,1,1,4097,0,,,,,,,,,,,,,,,
1789570043172,"Windows x64","MSVC195136257","Intel64 Family 6 Model 142 Stepping 12, GenuineIntel",8,12345,256,4,12,1,16,volatile_first_last_byte,immediate,4097,System,7,2,1024,2048,71600,69.921875,1,1,4097,0,,,,,,,,,,,,,,,
1789570043172,"Windows x64","MSVC195136257","Intel64 Family 6 Model 142 Stepping 12, GenuineIntel",8,12345,256,4,12,1,16,volatile_first_last_byte,immediate,4097,System,8,1,1024,2048,73100,71.38671875,1,1,4097,0,,,,,,,,,,,,,,,
1789570043172,"Windows x64","MSVC195136257","Intel64 Family 6 Model 142 Stepping 12, GenuineIntel",8,12345,256,4,12,1,16,volatile_first_last_byte,immediate,4097,System,9,3,1024,2048,71100,69.43359375,1,1,4097,0,,,,,,,,,,,,,,,
1789570043172,"Windows x64","MSVC195136257","Intel64 Family 6 Model 142 Stepping 12, GenuineIntel",8,12345,256,4,12,1,16,volatile_first_last_byte,immediate,4097,System,10,2,1024,2048,72000,70.3125,1,1,4097,0,,,,,,,,,,,,,,,
1789570043172,"Windows x64","MSVC195136257","Intel64 Family 6 Model 142 Stepping 12, GenuineIntel",8,12345,256,4,12,1,16,volatile_first_last_byte,immediate,4097,System,11,1,1024,2048,70000,68.359375,1,1,4097,0,,,,,,,,,,,,,,,
1789570043172,"Windows x64","MSVC195136257","Intel64 Family 6 Model 142 Stepping 12, GenuineIntel",8,12345,256,4,12,1,16,volatile_first_last_byte,immediate,4097,System,12,3,1024,2048,71700,70.01953125,1,1,4097,0,,,,,,,,,,,,,,,
1789570043172,"Windows x64","MSVC195136257","Intel64 Family 6 Model 142 Stepping 12, GenuineIntel",8,12345,256,4,12,1,16,volatile_first_last_byte,immediate,4097,Binned,1,3,1024,2048,9284700,9067.08984375,1,1,4097,1,1,4097,8192,8192,4096,0,1,0,0,0,0,0,0,0,2048
1789570043172,"Windows x64","MSVC195136257","Intel64 Family 6 Model 142 Stepping 12, GenuineIntel",8,12345,256,4,12,1,16,volatile_first_last_byte,immediate,4097,Binned,2,2,1024,2048,9423500,9202.63671875,1,1,4097,1,1,4097,8192,8192,4096,0,1,0,0,0,0,0,0,0,2048
1789570043172,"Windows x64","MSVC195136257","Intel64 Family 6 Model 142 Stepping 12, GenuineIntel",8,12345,256,4,12,1,16,volatile_first_last_byte,immediate,4097,Binned,3,1,1024,2048,9177700,8962.59765625,1,1,4097,1,1,4097,8192,8192,4096,0,1,0,0,0,0,0,0,0,2048
1789570043172,"Windows x64","MSVC195136257","Intel64 Family 6 Model 142 Stepping 12, GenuineIntel",8,12345,256,4,12,1,16,volatile_first_last_byte,immediate,4097,Binned,4,1,1024,2048,9429800,9208.7890625,1,1,4097,1,1,4097,8192,8192,4096,0,1,0,0,0,0,0,0,0,2048
1789570043172,"Windows x64","MSVC195136257","Intel64 Family 6 Model 142 Stepping 12, GenuineIntel",8,12345,256,4,12,1,16,volatile_first_last_byte,immediate,4097,Binned,5,3,1024,2048,9375600,9155.859375,1,1,4097,1,1,4097,8192,8192,4096,0,1,0,0,0,0,0,0,0,2048
1789570043172,"Windows x64","MSVC195136257","Intel64 Family 6 Model 142 Stepping 12, GenuineIntel",8,12345,256,4,12,1,16,volatile_first_last_byte,immediate,4097,Binned,6,2,1024,2048,9373200,9153.515625,1,1,4097,1,1,4097,8192,8192,4096,0,1,0,0,0,0,0,0,0,2048
1789570043172,"Windows x64","MSVC195136257","Intel64 Family 6 Model 142 Stepping 12, GenuineIntel",8,12345,256,4,12,1,16,volatile_first_last_byte,immediate,4097,Binned,7,3,1024,2048,9873700,9642.28515625,1,1,4097,1,1,4097,8192,8192,4096,0,1,0,0,0,0,0,0,0,2048
1789570043172,"Windows x64","MSVC195136257","Intel64 Family 6 Model 142 Stepping 12, GenuineIntel",8,12345,256,4,12,1,16,volatile_first_last_byte,immediate,4097,Binned,8,2,1024,2048,9490500,9268.06640625,1,1,4097,1,1,4097,8192,8192,4096,0,1,0,0,0,0,0,0,0,2048
1789570043172,"Windows x64","MSVC195136257","Intel64 Family 6 Model 142 Stepping 12, GenuineIntel",8,12345,256,4,12,1,16,volatile_first_last_byte,immediate,4097,Binned,9,1,1024,2048,9060900,8848.53515625,1,1,4097,1,1,4097,8192,8192,4096,0,1,0,0,0,0,0,0,0,2048
1789570043172,"Windows x64","MSVC195136257","Intel64 Family 6 Model 142 Stepping 12, GenuineIntel",8,12345,256,4,12,1,16,volatile_first_last_byte,immediate,4097,Binned,10,1,1024,2048,9291500,9073.73046875,1,1,4097,1,1,4097,8192,8192,4096,0,1,0,0,0,0,0,0,0,2048
1789570043172,"Windows x64","MSVC195136257","Intel64 Family 6 Model 142 Stepping 12, GenuineIntel",8,12345,256,4,12,1,16,volatile_first_last_byte,immediate,4097,Binned,11,3,1024,2048,9439300,9218.06640625,1,1,4097,1,1,4097,8192,8192,4096,0,1,0,0,0,0,0,0,0,2048
1789570043172,"Windows x64","MSVC195136257","Intel64 Family 6 Model 142 Stepping 12, GenuineIntel",8,12345,256,4,12,1,16,volatile_first_last_byte,immediate,4097,Binned,12,2,1024,2048,9372400,9152.734375,1,1,4097,1,1,4097,8192,8192,4096,0,1,0,0,0,0,0,0,0,2048
1789570043172,"Windows x64","MSVC195136257","Intel64 Family 6 Model 142 Stepping 12, GenuineIntel",8,12345,256,4,12,1,16,volatile_first_last_byte,batch,4097,CRT,1,3,1024,2048,798300,779.58984375,256,256,1048832,0,,,,,,,,,,,,,,,
1789570043172,"Windows x64","MSVC195136257","Intel64 Family 6 Model 142 Stepping 12, GenuineIntel",8,12345,256,4,12,1,16,volatile_first_last_byte,batch,4097,CRT,2,2,1024,2048,471200,460.15625,256,256,1048832,0,,,,,,,,,,,,,,,
1789570043172,"Windows x64","MSVC195136257","Intel64 Family 6 Model 142 Stepping 12, GenuineIntel",8,12345,256,4,12,1,16,volatile_first_last_byte,batch,4097,CRT,3,3,1024,2048,515700,503.61328125,256,256,1048832,0,,,,,,,,,,,,,,,
1789570043172,"Windows x64","MSVC195136257","Intel64 Family 6 Model 142 Stepping 12, GenuineIntel",8,12345,256,4,12,1,16,volatile_first_last_byte,batch,4097,CRT,4,2,1024,2048,730800,713.671875,256,256,1048832,0,,,,,,,,,,,,,,,
1789570043172,"Windows x64","MSVC195136257","Intel64 Family 6 Model 142 Stepping 12, GenuineIntel",8,12345,256,4,12,1,16,volatile_first_last_byte,batch,4097,CRT,5,1,1024,2048,468500,457.51953125,256,256,1048832,0,,,,,,,,,,,,,,,
1789570043172,"Windows x64","MSVC195136257","Intel64 Family 6 Model 142 Stepping 12, GenuineIntel",8,12345,256,4,12,1,16,volatile_first_last_byte,batch,4097,CRT,6,1,1024,2048,764900,746.97265625,256,256,1048832,0,,,,,,,,,,,,,,,
1789570043172,"Windows x64","MSVC195136257","Intel64 Family 6 Model 142 Stepping 12, GenuineIntel",8,12345,256,4,12,1,16,volatile_first_last_byte,batch,4097,CRT,7,3,1024,2048,939500,917.48046875,256,256,1048832,0,,,,,,,,,,,,,,,
1789570043172,"Windows x64","MSVC195136257","Intel64 Family 6 Model 142 Stepping 12, GenuineIntel",8,12345,256,4,12,1,16,volatile_first_last_byte,batch,4097,CRT,8,2,1024,2048,538000,525.390625,256,256,1048832,0,,,,,,,,,,,,,,,
1789570043172,"Windows x64","MSVC195136257","Intel64 Family 6 Model 142 Stepping 12, GenuineIntel",8,12345,256,4,12,1,16,volatile_first_last_byte,batch,4097,CRT,9,3,1024,2048,1192500,1164.55078125,256,256,1048832,0,,,,,,,,,,,,,,,
1789570043172,"Windows x64","MSVC195136257","Intel64 Family 6 Model 142 Stepping 12, GenuineIntel",8,12345,256,4,12,1,16,volatile_first_last_byte,batch,4097,CRT,10,2,1024,2048,883300,862.59765625,256,256,1048832,0,,,,,,,,,,,,,,,
1789570043172,"Windows x64","MSVC195136257","Intel64 Family 6 Model 142 Stepping 12, GenuineIntel",8,12345,256,4,12,1,16,volatile_first_last_byte,batch,4097,CRT,11,1,1024,2048,528400,516.015625,256,256,1048832,0,,,,,,,,,,,,,,,
1789570043172,"Windows x64","MSVC195136257","Intel64 Family 6 Model 142 Stepping 12, GenuineIntel",8,12345,256,4,12,1,16,volatile_first_last_byte,batch,4097,CRT,12,1,1024,2048,757300,739.55078125,256,256,1048832,0,,,,,,,,,,,,,,,
1789570043172,"Windows x64","MSVC195136257","Intel64 Family 6 Model 142 Stepping 12, GenuineIntel",8,12345,256,4,12,1,16,volatile_first_last_byte,batch,4097,System,1,1,1024,2048,821600,802.34375,256,256,1048832,0,,,,,,,,,,,,,,,
1789570043172,"Windows x64","MSVC195136257","Intel64 Family 6 Model 142 Stepping 12, GenuineIntel",8,12345,256,4,12,1,16,volatile_first_last_byte,batch,4097,System,2,3,1024,2048,856700,836.62109375,256,256,1048832,0,,,,,,,,,,,,,,,
1789570043172,"Windows x64","MSVC195136257","Intel64 Family 6 Model 142 Stepping 12, GenuineIntel",8,12345,256,4,12,1,16,volatile_first_last_byte,batch,4097,System,3,2,1024,2048,895800,874.8046875,256,256,1048832,0,,,,,,,,,,,,,,,
1789570043172,"Windows x64","MSVC195136257","Intel64 Family 6 Model 142 Stepping 12, GenuineIntel",8,12345,256,4,12,1,16,volatile_first_last_byte,batch,4097,System,4,1,1024,2048,1157900,1130.76171875,256,256,1048832,0,,,,,,,,,,,,,,,
1789570043172,"Windows x64","MSVC195136257","Intel64 Family 6 Model 142 Stepping 12, GenuineIntel",8,12345,256,4,12,1,16,volatile_first_last_byte,batch,4097,System,5,3,1024,2048,883700,862.98828125,256,256,1048832,0,,,,,,,,,,,,,,,
1789570043172,"Windows x64","MSVC195136257","Intel64 Family 6 Model 142 Stepping 12, GenuineIntel",8,12345,256,4,12,1,16,volatile_first_last_byte,batch,4097,System,6,2,1024,2048,620100,605.56640625,256,256,1048832,0,,,,,,,,,,,,,,,
1789570043172,"Windows x64","MSVC195136257","Intel64 Family 6 Model 142 Stepping 12, GenuineIntel",8,12345,256,4,12,1,16,volatile_first_last_byte,batch,4097,System,7,1,1024,2048,865100,844.82421875,256,256,1048832,0,,,,,,,,,,,,,,,
1789570043172,"Windows x64","MSVC195136257","Intel64 Family 6 Model 142 Stepping 12, GenuineIntel",8,12345,256,4,12,1,16,volatile_first_last_byte,batch,4097,System,8,3,1024,2048,1225000,1196.2890625,256,256,1048832,0,,,,,,,,,,,,,,,
1789570043172,"Windows x64","MSVC195136257","Intel64 Family 6 Model 142 Stepping 12, GenuineIntel",8,12345,256,4,12,1,16,volatile_first_last_byte,batch,4097,System,9,2,1024,2048,670900,655.17578125,256,256,1048832,0,,,,,,,,,,,,,,,
1789570043172,"Windows x64","MSVC195136257","Intel64 Family 6 Model 142 Stepping 12, GenuineIntel",8,12345,256,4,12,1,16,volatile_first_last_byte,batch,4097,System,10,1,1024,2048,696200,679.8828125,256,256,1048832,0,,,,,,,,,,,,,,,
1789570043172,"Windows x64","MSVC195136257","Intel64 Family 6 Model 142 Stepping 12, GenuineIntel",8,12345,256,4,12,1,16,volatile_first_last_byte,batch,4097,System,11,3,1024,2048,1235700,1206.73828125,256,256,1048832,0,,,,,,,,,,,,,,,
1789570043172,"Windows x64","MSVC195136257","Intel64 Family 6 Model 142 Stepping 12, GenuineIntel",8,12345,256,4,12,1,16,volatile_first_last_byte,batch,4097,System,12,2,1024,2048,906500,885.25390625,256,256,1048832,0,,,,,,,,,,,,,,,
1789570043172,"Windows x64","MSVC195136257","Intel64 Family 6 Model 142 Stepping 12, GenuineIntel",8,12345,256,4,12,1,16,volatile_first_last_byte,batch,4097,Binned,1,2,1024,2048,10169500,9931.15234375,256,256,1048832,1,256,1048832,2097152,2097152,1048576,0,256,0,0,0,0,0,0,0,2048
1789570043172,"Windows x64","MSVC195136257","Intel64 Family 6 Model 142 Stepping 12, GenuineIntel",8,12345,256,4,12,1,16,volatile_first_last_byte,batch,4097,Binned,2,1,1024,2048,10497800,10251.7578125,256,256,1048832,1,256,1048832,2097152,2097152,1048576,0,256,0,0,0,0,0,0,0,2048
1789570043172,"Windows x64","MSVC195136257","Intel64 Family 6 Model 142 Stepping 12, GenuineIntel",8,12345,256,4,12,1,16,volatile_first_last_byte,batch,4097,Binned,3,1,1024,2048,10225400,9985.7421875,256,256,1048832,1,256,1048832,2097152,2097152,1048576,0,256,0,0,0,0,0,0,0,2048
1789570043172,"Windows x64","MSVC195136257","Intel64 Family 6 Model 142 Stepping 12, GenuineIntel",8,12345,256,4,12,1,16,volatile_first_last_byte,batch,4097,Binned,4,3,1024,2048,10167300,9929.00390625,256,256,1048832,1,256,1048832,2097152,2097152,1048576,0,256,0,0,0,0,0,0,0,2048
1789570043172,"Windows x64","MSVC195136257","Intel64 Family 6 Model 142 Stepping 12, GenuineIntel",8,12345,256,4,12,1,16,volatile_first_last_byte,batch,4097,Binned,5,2,1024,2048,10096000,9859.375,256,256,1048832,1,256,1048832,2097152,2097152,1048576,0,256,0,0,0,0,0,0,0,2048
1789570043172,"Windows x64","MSVC195136257","Intel64 Family 6 Model 142 Stepping 12, GenuineIntel",8,12345,256,4,12,1,16,volatile_first_last_byte,batch,4097,Binned,6,3,1024,2048,10163600,9925.390625,256,256,1048832,1,256,1048832,2097152,2097152,1048576,0,256,0,0,0,0,0,0,0,2048
1789570043172,"Windows x64","MSVC195136257","Intel64 Family 6 Model 142 Stepping 12, GenuineIntel",8,12345,256,4,12,1,16,volatile_first_last_byte,batch,4097,Binned,7,2,1024,2048,10604800,10356.25,256,256,1048832,1,256,1048832,2097152,2097152,1048576,0,256,0,0,0,0,0,0,0,2048
1789570043172,"Windows x64","MSVC195136257","Intel64 Family 6 Model 142 Stepping 12, GenuineIntel",8,12345,256,4,12,1,16,volatile_first_last_byte,batch,4097,Binned,8,1,1024,2048,11280600,11016.2109375,256,256,1048832,1,256,1048832,2097152,2097152,1048576,0,256,0,0,0,0,0,0,0,2048
1789570043172,"Windows x64","MSVC195136257","Intel64 Family 6 Model 142 Stepping 12, GenuineIntel",8,12345,256,4,12,1,16,volatile_first_last_byte,batch,4097,Binned,9,1,1024,2048,11116600,10856.0546875,256,256,1048832,1,256,1048832,2097152,2097152,1048576,0,256,0,0,0,0,0,0,0,2048
1789570043172,"Windows x64","MSVC195136257","Intel64 Family 6 Model 142 Stepping 12, GenuineIntel",8,12345,256,4,12,1,16,volatile_first_last_byte,batch,4097,Binned,10,3,1024,2048,11547700,11277.05078125,256,256,1048832,1,256,1048832,2097152,2097152,1048576,0,256,0,0,0,0,0,0,0,2048
1789570043172,"Windows x64","MSVC195136257","Intel64 Family 6 Model 142 Stepping 12, GenuineIntel",8,12345,256,4,12,1,16,volatile_first_last_byte,batch,4097,Binned,11,2,1024,2048,11445700,11177.44140625,256,256,1048832,1,256,1048832,2097152,2097152,1048576,0,256,0,0,0,0,0,0,0,2048
1789570043172,"Windows x64","MSVC195136257","Intel64 Family 6 Model 142 Stepping 12, GenuineIntel",8,12345,256,4,12,1,16,volatile_first_last_byte,batch,4097,Binned,12,3,1024,2048,12394100,12103.61328125,256,256,1048832,1,256,1048832,2097152,2097152,1048576,0,256,0,0,0,0,0,0,0,2048
1789570043172,"Windows x64","MSVC195136257","Intel64 Family 6 Model 142 Stepping 12, GenuineIntel",8,12345,256,4,12,1,16,volatile_first_last_byte,mixed_random_free,mixed,CRT,1,2,1024,2048,216200,211.1328125,256,256,338730,0,,,,,,,,,,,,,,,
1789570043172,"Windows x64","MSVC195136257","Intel64 Family 6 Model 142 Stepping 12, GenuineIntel",8,12345,256,4,12,1,16,volatile_first_last_byte,mixed_random_free,mixed,CRT,2,3,1024,2048,87600,85.546875,256,256,338730,0,,,,,,,,,,,,,,,
1789570043172,"Windows x64","MSVC195136257","Intel64 Family 6 Model 142 Stepping 12, GenuineIntel",8,12345,256,4,12,1,16,volatile_first_last_byte,mixed_random_free,mixed,CRT,3,2,1024,2048,114500,111.81640625,256,256,338730,0,,,,,,,,,,,,,,,
1789570043172,"Windows x64","MSVC195136257","Intel64 Family 6 Model 142 Stepping 12, GenuineIntel",8,12345,256,4,12,1,16,volatile_first_last_byte,mixed_random_free,mixed,CRT,4,1,1024,2048,97500,95.21484375,256,256,338730,0,,,,,,,,,,,,,,,
1789570043172,"Windows x64","MSVC195136257","Intel64 Family 6 Model 142 Stepping 12, GenuineIntel",8,12345,256,4,12,1,16,volatile_first_last_byte,mixed_random_free,mixed,CRT,5,1,1024,2048,247800,241.9921875,256,256,338730,0,,,,,,,,,,,,,,,
1789570043172,"Windows x64","MSVC195136257","Intel64 Family 6 Model 142 Stepping 12, GenuineIntel",8,12345,256,4,12,1,16,volatile_first_last_byte,mixed_random_free,mixed,CRT,6,3,1024,2048,262300,256.15234375,256,256,338730,0,,,,,,,,,,,,,,,
1789570043172,"Windows x64","MSVC195136257","Intel64 Family 6 Model 142 Stepping 12, GenuineIntel",8,12345,256,4,12,1,16,volatile_first_last_byte,mixed_random_free,mixed,CRT,7,2,1024,2048,90400,88.28125,256,256,338730,0,,,,,,,,,,,,,,,
1789570043172,"Windows x64","MSVC195136257","Intel64 Family 6 Model 142 Stepping 12, GenuineIntel",8,12345,256,4,12,1,16,volatile_first_last_byte,mixed_random_free,mixed,CRT,8,3,1024,2048,243300,237.59765625,256,256,338730,0,,,,,,,,,,,,,,,
1789570043172,"Windows x64","MSVC195136257","Intel64 Family 6 Model 142 Stepping 12, GenuineIntel",8,12345,256,4,12,1,16,volatile_first_last_byte,mixed_random_free,mixed,CRT,9,2,1024,2048,226500,221.19140625,256,256,338730,0,,,,,,,,,,,,,,,
1789570043172,"Windows x64","MSVC195136257","Intel64 Family 6 Model 142 Stepping 12, GenuineIntel",8,12345,256,4,12,1,16,volatile_first_last_byte,mixed_random_free,mixed,CRT,10,1,1024,2048,93800,91.6015625,256,256,338730,0,,,,,,,,,,,,,,,
1789570043172,"Windows x64","MSVC195136257","Intel64 Family 6 Model 142 Stepping 12, GenuineIntel",8,12345,256,4,12,1,16,volatile_first_last_byte,mixed_random_free,mixed,CRT,11,1,1024,2048,92900,90.72265625,256,256,338730,0,,,,,,,,,,,,,,,
1789570043172,"Windows x64","MSVC195136257","Intel64 Family 6 Model 142 Stepping 12, GenuineIntel",8,12345,256,4,12,1,16,volatile_first_last_byte,mixed_random_free,mixed,CRT,12,3,1024,2048,252100,246.19140625,256,256,338730,0,,,,,,,,,,,,,,,
1789570043172,"Windows x64","MSVC195136257","Intel64 Family 6 Model 142 Stepping 12, GenuineIntel",8,12345,256,4,12,1,16,volatile_first_last_byte,mixed_random_free,mixed,System,1,3,1024,2048,97700,95.41015625,256,256,338730,0,,,,,,,,,,,,,,,
1789570043172,"Windows x64","MSVC195136257","Intel64 Family 6 Model 142 Stepping 12, GenuineIntel",8,12345,256,4,12,1,16,volatile_first_last_byte,mixed_random_free,mixed,System,2,2,1024,2048,107500,104.98046875,256,256,338730,0,,,,,,,,,,,,,,,
1789570043172,"Windows x64","MSVC195136257","Intel64 Family 6 Model 142 Stepping 12, GenuineIntel",8,12345,256,4,12,1,16,volatile_first_last_byte,mixed_random_free,mixed,System,3,1,1024,2048,374700,365.91796875,256,256,338730,0,,,,,,,,,,,,,,,
1789570043172,"Windows x64","MSVC195136257","Intel64 Family 6 Model 142 Stepping 12, GenuineIntel",8,12345,256,4,12,1,16,volatile_first_last_byte,mixed_random_free,mixed,System,4,3,1024,2048,234000,228.515625,256,256,338730,0,,,,,,,,,,,,,,,
1789570043172,"Windows x64","MSVC195136257","Intel64 Family 6 Model 142 Stepping 12, GenuineIntel",8,12345,256,4,12,1,16,volatile_first_last_byte,mixed_random_free,mixed,System,5,2,1024,2048,96500,94.23828125,256,256,338730,0,,,,,,,,,,,,,,,
1789570043172,"Windows x64","MSVC195136257","Intel64 Family 6 Model 142 Stepping 12, GenuineIntel",8,12345,256,4,12,1,16,volatile_first_last_byte,mixed_random_free,mixed,System,6,1,1024,2048,442700,432.32421875,256,256,338730,0,,,,,,,,,,,,,,,
1789570043172,"Windows x64","MSVC195136257","Intel64 Family 6 Model 142 Stepping 12, GenuineIntel",8,12345,256,4,12,1,16,volatile_first_last_byte,mixed_random_free,mixed,System,7,3,1024,2048,101000,98.6328125,256,256,338730,0,,,,,,,,,,,,,,,
1789570043172,"Windows x64","MSVC195136257","Intel64 Family 6 Model 142 Stepping 12, GenuineIntel",8,12345,256,4,12,1,16,volatile_first_last_byte,mixed_random_free,mixed,System,8,2,1024,2048,102900,100.48828125,256,256,338730,0,,,,,,,,,,,,,,,
1789570043172,"Windows x64","MSVC195136257","Intel64 Family 6 Model 142 Stepping 12, GenuineIntel",8,12345,256,4,12,1,16,volatile_first_last_byte,mixed_random_free,mixed,System,9,1,1024,2048,97500,95.21484375,256,256,338730,0,,,,,,,,,,,,,,,
1789570043172,"Windows x64","MSVC195136257","Intel64 Family 6 Model 142 Stepping 12, GenuineIntel",8,12345,256,4,12,1,16,volatile_first_last_byte,mixed_random_free,mixed,System,10,3,1024,2048,280400,273.828125,256,256,338730,0,,,,,,,,,,,,,,,
1789570043172,"Windows x64","MSVC195136257","Intel64 Family 6 Model 142 Stepping 12, GenuineIntel",8,12345,256,4,12,1,16,volatile_first_last_byte,mixed_random_free,mixed,System,11,2,1024,2048,92800,90.625,256,256,338730,0,,,,,,,,,,,,,,,
1789570043172,"Windows x64","MSVC195136257","Intel64 Family 6 Model 142 Stepping 12, GenuineIntel",8,12345,256,4,12,1,16,volatile_first_last_byte,mixed_random_free,mixed,System,12,1,1024,2048,216100,211.03515625,256,256,338730,0,,,,,,,,,,,,,,,
1789570043172,"Windows x64","MSVC195136257","Intel64 Family 6 Model 142 Stepping 12, GenuineIntel",8,12345,256,4,12,1,16,volatile_first_last_byte,mixed_random_free,mixed,Binned,1,1,1024,2048,2177600,2126.5625,256,256,338730,1,256,338730,478192,802816,229376,8,34,0,0,0,0,0,0,0,368
1789570043172,"Windows x64","MSVC195136257","Intel64 Family 6 Model 142 Stepping 12, GenuineIntel",8,12345,256,4,12,1,16,volatile_first_last_byte,mixed_random_free,mixed,Binned,2,1,1024,2048,2271500,2218.26171875,256,256,338730,1,256,338730,478192,802816,229376,8,34,0,0,0,0,0,0,0,368
1789570043172,"Windows x64","MSVC195136257","Intel64 Family 6 Model 142 Stepping 12, GenuineIntel",8,12345,256,4,12,1,16,volatile_first_last_byte,mixed_random_free,mixed,Binned,3,3,1024,2048,2275000,2221.6796875,256,256,338730,1,256,338730,478192,802816,229376,8,34,0,0,0,0,0,0,0,368
1789570043172,"Windows x64","MSVC195136257","Intel64 Family 6 Model 142 Stepping 12, GenuineIntel",8,12345,256,4,12,1,16,volatile_first_last_byte,mixed_random_free,mixed,Binned,4,2,1024,2048,2192500,2141.11328125,256,256,338730,1,256,338730,478192,802816,229376,8,34,0,0,0,0,0,0,0,368
1789570043172,"Windows x64","MSVC195136257","Intel64 Family 6 Model 142 Stepping 12, GenuineIntel",8,12345,256,4,12,1,16,volatile_first_last_byte,mixed_random_free,mixed,Binned,5,3,1024,2048,2525400,2466.2109375,256,256,338730,1,256,338730,478192,802816,229376,8,34,0,0,0,0,0,0,0,368
1789570043172,"Windows x64","MSVC195136257","Intel64 Family 6 Model 142 Stepping 12, GenuineIntel",8,12345,256,4,12,1,16,volatile_first_last_byte,mixed_random_free,mixed,Binned,6,2,1024,2048,2710900,2647.36328125,256,256,338730,1,256,338730,478192,802816,229376,8,34,0,0,0,0,0,0,0,368
1789570043172,"Windows x64","MSVC195136257","Intel64 Family 6 Model 142 Stepping 12, GenuineIntel",8,12345,256,4,12,1,16,volatile_first_last_byte,mixed_random_free,mixed,Binned,7,1,1024,2048,2230600,2178.3203125,256,256,338730,1,256,338730,478192,802816,229376,8,34,0,0,0,0,0,0,0,368
1789570043172,"Windows x64","MSVC195136257","Intel64 Family 6 Model 142 Stepping 12, GenuineIntel",8,12345,256,4,12,1,16,volatile_first_last_byte,mixed_random_free,mixed,Binned,8,1,1024,2048,2180600,2129.4921875,256,256,338730,1,256,338730,478192,802816,229376,8,34,0,0,0,0,0,0,0,368
1789570043172,"Windows x64","MSVC195136257","Intel64 Family 6 Model 142 Stepping 12, GenuineIntel",8,12345,256,4,12,1,16,volatile_first_last_byte,mixed_random_free,mixed,Binned,9,3,1024,2048,2368200,2312.6953125,256,256,338730,1,256,338730,478192,802816,229376,8,34,0,0,0,0,0,0,0,368
1789570043172,"Windows x64","MSVC195136257","Intel64 Family 6 Model 142 Stepping 12, GenuineIntel",8,12345,256,4,12,1,16,volatile_first_last_byte,mixed_random_free,mixed,Binned,10,2,1024,2048,2546400,2486.71875,256,256,338730,1,256,338730,478192,802816,229376,8,34,0,0,0,0,0,0,0,368
1789570043172,"Windows x64","MSVC195136257","Intel64 Family 6 Model 142 Stepping 12, GenuineIntel",8,12345,256,4,12,1,16,volatile_first_last_byte,mixed_random_free,mixed,Binned,11,3,1024,2048,2244600,2191.9921875,256,256,338730,1,256,338730,478192,802816,229376,8,34,0,0,0,0,0,0,0,368
1789570043172,"Windows x64","MSVC195136257","Intel64 Family 6 Model 142 Stepping 12, GenuineIntel",8,12345,256,4,12,1,16,volatile_first_last_byte,mixed_random_free,mixed,Binned,12,2,1024,2048,2261000,2208.0078125,256,256,338730,1,256,338730,478192,802816,229376,8,34,0,0,0,0,0,0,0,368
1789570043172,"Windows x64","MSVC195136257","Intel64 Family 6 Model 142 Stepping 12, GenuineIntel",8,12345,256,4,12,1,16,volatile_first_last_byte,retained_half,mixed,CRT,1,3,768,1536,60400,78.645833333333329,1280,256,327269,0,,,,,,,,,,,,,,,
1789570043172,"Windows x64","MSVC195136257","Intel64 Family 6 Model 142 Stepping 12, GenuineIntel",8,12345,256,4,12,1,16,volatile_first_last_byte,retained_half,mixed,CRT,2,2,768,1536,96500,125.65104166666667,1280,256,327269,0,,,,,,,,,,,,,,,
1789570043172,"Windows x64","MSVC195136257","Intel64 Family 6 Model 142 Stepping 12, GenuineIntel",8,12345,256,4,12,1,16,volatile_first_last_byte,retained_half,mixed,CRT,3,1,768,1536,145100,188.93229166666666,1280,256,327269,0,,,,,,,,,,,,,,,
1789570043172,"Windows x64","MSVC195136257","Intel64 Family 6 Model 142 Stepping 12, GenuineIntel",8,12345,256,4,12,1,16,volatile_first_last_byte,retained_half,mixed,CRT,4,1,768,1536,61700,80.338541666666671,1280,256,327269,0,,,,,,,,,,,,,,,
1789570043172,"Windows x64","MSVC195136257","Intel64 Family 6 Model 142 Stepping 12, GenuineIntel",8,12345,256,4,12,1,16,volatile_first_last_byte,retained_half,mixed,CRT,5,3,768,1536,82900,107.94270833333333,1280,256,327269,0,,,,,,,,,,,,,,,
1789570043172,"Windows x64","MSVC195136257","Intel64 Family 6 Model 142 Stepping 12, GenuineIntel",8,12345,256,4,12,1,16,volatile_first_last_byte,retained_half,mixed,CRT,6,2,768,1536,64900,84.505208333333329,1280,256,327269,0,,,,,,,,,,,,,,,
1789570043172,"Windows x64","MSVC195136257","Intel64 Family 6 Model 142 Stepping 12, GenuineIntel",8,12345,256,4,12,1,16,volatile_first_last_byte,retained_half,mixed,CRT,7,3,768,1536,57500,74.869791666666671,1280,256,327269,0,,,,,,,,,,,,,,,
1789570043172,"Windows x64","MSVC195136257","Intel64 Family 6 Model 142 Stepping 12, GenuineIntel",8,12345,256,4,12,1,16,volatile_first_last_byte,retained_half,mixed,CRT,8,2,768,1536,56400,73.4375,1280,256,327269,0,,,,,,,,,,,,,,,
1789570043172,"Windows x64","MSVC195136257","Intel64 Family 6 Model 142 Stepping 12, GenuineIntel",8,12345,256,4,12,1,16,volatile_first_last_byte,retained_half,mixed,CRT,9,1,768,1536,59400,77.34375,1280,256,327269,0,,,,,,,,,,,,,,,
1789570043172,"Windows x64","MSVC195136257","Intel64 Family 6 Model 142 Stepping 12, GenuineIntel",8,12345,256,4,12,1,16,volatile_first_last_byte,retained_half,mixed,CRT,10,1,768,1536,57900,75.390625,1280,256,327269,0,,,,,,,,,,,,,,,
1789570043172,"Windows x64","MSVC195136257","Intel64 Family 6 Model 142 Stepping 12, GenuineIntel",8,12345,256,4,12,1,16,volatile_first_last_byte,retained_half,mixed,CRT,11,3,768,1536,67000,87.239583333333329,1280,256,327269,0,,,,,,,,,,,,,,,
1789570043172,"Windows x64","MSVC195136257","Intel64 Family 6 Model 142 Stepping 12, GenuineIntel",8,12345,256,4,12,1,16,volatile_first_last_byte,retained_half,mixed,CRT,12,2,768,1536,72700,94.661458333333329,1280,256,327269,0,,,,,,,,,,,,,,,
1789570043172,"Windows x64","MSVC195136257","Intel64 Family 6 Model 142 Stepping 12, GenuineIntel",8,12345,256,4,12,1,16,volatile_first_last_byte,retained_half,mixed,System,1,2,768,1536,73200,95.3125,1280,256,327269,0,,,,,,,,,,,,,,,
1789570043172,"Windows x64","MSVC195136257","Intel64 Family 6 Model 142 Stepping 12, GenuineIntel",8,12345,256,4,12,1,16,volatile_first_last_byte,retained_half,mixed,System,2,1,768,1536,66800,86.979166666666671,1280,256,327269,0,,,,,,,,,,,,,,,
1789570043172,"Windows x64","MSVC195136257","Intel64 Family 6 Model 142 Stepping 12, GenuineIntel",8,12345,256,4,12,1,16,volatile_first_last_byte,retained_half,mixed,System,3,3,768,1536,122800,159.89583333333334,1280,256,327269,0,,,,,,,,,,,,,,,
1789570043172,"Windows x64","MSVC195136257","Intel64 Family 6 Model 142 Stepping 12, GenuineIntel",8,12345,256,4,12,1,16,volatile_first_last_byte,retained_half,mixed,System,4,2,768,1536,127700,166.27604166666666,1280,256,327269,0,,,,,,,,,,,,,,,
1789570043172,"Windows x64","MSVC195136257","Intel64 Family 6 Model 142 Stepping 12, GenuineIntel",8,12345,256,4,12,1,16,volatile_first_last_byte,retained_half,mixed,System,5,1,768,1536,78700,102.47395833333333,1280,256,327269,0,,,,,,,,,,,,,,,
1789570043172,"Windows x64","MSVC195136257","Intel64 Family 6 Model 142 Stepping 12, GenuineIntel",8,12345,256,4,12,1,16,volatile_first_last_byte,retained_half,mixed,System,6,3,768,1536,69700,90.755208333333329,1280,256,327269,0,,,,,,,,,,,,,,,
1789570043172,"Windows x64","MSVC195136257","Intel64 Family 6 Model 142 Stepping 12, GenuineIntel",8,12345,256,4,12,1,16,volatile_first_last_byte,retained_half,mixed,System,7,2,768,1536,71700,93.359375,1280,256,327269,0,,,,,,,,,,,,,,,
1789570043172,"Windows x64","MSVC195136257","Intel64 Family 6 Model 142 Stepping 12, GenuineIntel",8,12345,256,4,12,1,16,volatile_first_last_byte,retained_half,mixed,System,8,1,768,1536,65300,85.026041666666671,1280,256,327269,0,,,,,,,,,,,,,,,
1789570043172,"Windows x64","MSVC195136257","Intel64 Family 6 Model 142 Stepping 12, GenuineIntel",8,12345,256,4,12,1,16,volatile_first_last_byte,retained_half,mixed,System,9,3,768,1536,72000,93.75,1280,256,327269,0,,,,,,,,,,,,,,,
1789570043172,"Windows x64","MSVC195136257","Intel64 Family 6 Model 142 Stepping 12, GenuineIntel",8,12345,256,4,12,1,16,volatile_first_last_byte,retained_half,mixed,System,10,2,768,1536,91000,118.48958333333333,1280,256,327269,0,,,,,,,,,,,,,,,
1789570043172,"Windows x64","MSVC195136257","Intel64 Family 6 Model 142 Stepping 12, GenuineIntel",8,12345,256,4,12,1,16,volatile_first_last_byte,retained_half,mixed,System,11,1,768,1536,80400,104.6875,1280,256,327269,0,,,,,,,,,,,,,,,
1789570043172,"Windows x64","MSVC195136257","Intel64 Family 6 Model 142 Stepping 12, GenuineIntel",8,12345,256,4,12,1,16,volatile_first_last_byte,retained_half,mixed,System,12,3,768,1536,79700,103.77604166666667,1280,256,327269,0,,,,,,,,,,,,,,,
1789570043172,"Windows x64","MSVC195136257","Intel64 Family 6 Model 142 Stepping 12, GenuineIntel",8,12345,256,4,12,1,16,volatile_first_last_byte,retained_half,mixed,Binned,1,1,768,1536,1382800,1800.5208333333333,1280,256,327269,1,256,327269,479120,761856,237568,7,37,0,0,0,0,0,0,0,244
1789570043172,"Windows x64","MSVC195136257","Intel64 Family 6 Model 142 Stepping 12, GenuineIntel",8,12345,256,4,12,1,16,volatile_first_last_byte,retained_half,mixed,Binned,2,3,768,1536,1341900,1747.265625,1280,256,327269,1,256,327269,479120,761856,237568,7,37,0,0,0,0,0,0,0,244
1789570043172,"Windows x64","MSVC195136257","Intel64 Family 6 Model 142 Stepping 12, GenuineIntel",8,12345,256,4,12,1,16,volatile_first_last_byte,retained_half,mixed,Binned,3,2,768,1536,1322800,1722.3958333333333,1280,256,327269,1,256,327269,479120,761856,237568,7,37,0,0,0,0,0,0,0,244
1789570043172,"Windows x64","MSVC195136257","Intel64 Family 6 Model 142 Stepping 12, GenuineIntel",8,12345,256,4,12,1,16,volatile_first_last_byte,retained_half,mixed,Binned,4,3,768,1536,2141100,2787.890625,1280,256,327269,1,256,327269,479120,761856,237568,7,37,0,0,0,0,0,0,0,244
1789570043172,"Windows x64","MSVC195136257","Intel64 Family 6 Model 142 Stepping 12, GenuineIntel",8,12345,256,4,12,1,16,volatile_first_last_byte,retained_half,mixed,Binned,5,2,768,1536,1444700,1881.1197916666667,1280,256,327269,1,256,327269,479120,761856,237568,7,37,0,0,0,0,0,0,0,244
1789570043172,"Windows x64","MSVC195136257","Intel64 Family 6 Model 142 Stepping 12, GenuineIntel",8,12345,256,4,12,1,16,volatile_first_last_byte,retained_half,mixed,Binned,6,1,768,1536,1379800,1796.6145833333333,1280,256,327269,1,256,327269,479120,761856,237568,7,37,0,0,0,0,0,0,0,244
1789570043172,"Windows x64","MSVC195136257","Intel64 Family 6 Model 142 Stepping 12, GenuineIntel",8,12345,256,4,12,1,16,volatile_first_last_byte,retained_half,mixed,Binned,7,1,768,1536,1335600,1739.0625,1280,256,327269,1,256,327269,479120,761856,237568,7,37,0,0,0,0,0,0,0,244
1789570043172,"Windows x64","MSVC195136257","Intel64 Family 6 Model 142 Stepping 12, GenuineIntel",8,12345,256,4,12,1,16,volatile_first_last_byte,retained_half,mixed,Binned,8,3,768,1536,1335900,1739.453125,1280,256,327269,1,256,327269,479120,761856,237568,7,37,0,0,0,0,0,0,0,244
1789570043172,"Windows x64","MSVC195136257","Intel64 Family 6 Model 142 Stepping 12, GenuineIntel",8,12345,256,4,12,1,16,volatile_first_last_byte,retained_half,mixed,Binned,9,2,768,1536,1303700,1697.5260416666667,1280,256,327269,1,256,327269,479120,761856,237568,7,37,0,0,0,0,0,0,0,244
1789570043172,"Windows x64","MSVC195136257","Intel64 Family 6 Model 142 Stepping 12, GenuineIntel",8,12345,256,4,12,1,16,volatile_first_last_byte,retained_half,mixed,Binned,10,3,768,1536,1494400,1945.8333333333333,1280,256,327269,1,256,327269,479120,761856,237568,7,37,0,0,0,0,0,0,0,244
1789570043172,"Windows x64","MSVC195136257","Intel64 Family 6 Model 142 Stepping 12, GenuineIntel",8,12345,256,4,12,1,16,volatile_first_last_byte,retained_half,mixed,Binned,11,2,768,1536,1410900,1837.109375,1280,256,327269,1,256,327269,479120,761856,237568,7,37,0,0,0,0,0,0,0,244
1789570043172,"Windows x64","MSVC195136257","Intel64 Family 6 Model 142 Stepping 12, GenuineIntel",8,12345,256,4,12,1,16,volatile_first_last_byte,retained_half,mixed,Binned,12,1,768,1536,1433700,1866.796875,1280,256,327269,1,256,327269,479120,761856,237568,7,37,0,0,0,0,0,0,0,244
